user_id,user_ub_train_deg,user_ui_deg,user_test_pos_count,train_bundle_count,train_connected_bundle_count,train_disconnected_bundle_count,train_connected_ratio,train_disconnected_ratio,avg_overlap_count_per_train_bundle,avg_overlap_ratio_per_train_bundle,user_test_avg_recover_count,user_test_avg_recover_ratio,user_test_recover_zero_count,user_test_recover_zero_ratio,ub_ui_balance
0,33,1,10,33,3,30,0.09090909090909091,0.9090909090909091,0.09090909090909091,0.0007344010902202155,0.0,0.0,10,1.0,5.08746284125034
1,1,3,1,1,0,1,0.0,1.0,0.0,0.0,0.0,0.0,1,1.0,0.5
2,0,3,0,0,0,0,0.0,0.0,0.0,0.0,0.0,0.0,0,0.0,0.0
3,0,1,0,0,0,0,0.0,0.0,0.0,0.0,0.0,0.0,0,0.0,0.0
4,0,1,0,0,0,0,0.0,0.0,0.0,0.0,0.0,0.0,0,0.0,0.0
5,0,2,0,0,0,0,0.0,0.0,0.0,0.0,0.0,0.0,0,0.0,0.0
6,0,2,0,0,0,0,0.0,0.0,0.0,0.0,0.0,0.0,0,0.0,0.0
7,0,38,0,0,0,0,0.0,0.0,0.0,0.0,0.0,0.0,0,0.0,0.0
8,9,38,2,9,5,4,0.5555555555555556,0.4444444444444444,1.4444444444444444,0.016035898549659575,0.5,0.020833333333333332,1,0.5,0.6285099898418802
9,0,23,0,0,0,0,0.0,0.0,0.0,0.0,0.0,0.0,0,0.0,0.0
10,0,39,0,0,0,0,0.0,0.0,0.0,0.0,0.0,0.0,0,0.0,0.0
11,0,2,0,0,0,0,0.0,0.0,0.0,0.0,0.0,0.0,0,0.0,0.0
12,0,32,0,0,0,0,0.0,0.0,0.0,0.0,0.0,0.0,0,0.0,0.0
13,0,4,0,0,0,0,0.0,0.0,0.0,0.0,0.0,0.0,0,0.0,0.0
14,26,7,8,26,6,20,0.23076923076923078,0.7692307692307692,0.3076923076923077,0.005999318170024175,0.625,0.01531439757110898,5,0.625,1.5849625007211563
15,0,4,0,0,0,0,0.0,0.0,0.0,0.0,0.0,0.0,0,0.0,0.0
16,0,1,0,0,0,0,0.0,0.0,0.0,0.0,0.0,0.0,0,0.0,0.0
17,0,1,0,0,0,0,0.0,0.0,0.0,0.0,0.0,0.0,0,0.0,0.0
18,0,8,0,0,0,0,0.0,0.0,0.0,0.0,0.0,0.0,0,0.0,0.0
19,0,2,0,0,0,0,0.0,0.0,0.0,0.0,0.0,0.0,0,0.0,0.0
20,0,35,0,0,0,0,0.0,0.0,0.0,0.0,0.0,0.0,0,0.0,0.0
21,0,38,0,0,0,0,0.0,0.0,0.0,0.0,0.0,0.0,0,0.0,0.0
22,0,9,0,0,0,0,0.0,0.0,0.0,0.0,0.0,0.0,0,0.0,0.0
23,14,36,4,14,8,6,0.5714285714285714,0.4285714285714286,1.2142857142857142,0.019945758909674784,1.5,0.010011185682326621,2,0.5,0.7499617179386786
24,0,1,0,0,0,0,0.0,0.0,0.0,0.0,0.0,0.0,0,0.0,0.0
25,7,2,1,7,1,6,0.14285714285714285,0.8571428571428572,0.14285714285714285,0.0009523809523809525,0.0,0.0,1,1.0,1.892789260714372
26,0,1,0,0,0,0,0.0,0.0,0.0,0.0,0.0,0.0,0,0.0,0.0
27,0,5,0,0,0,0,0.0,0.0,0.0,0.0,0.0,0.0,0,0.0,0.0
28,0,34,0,0,0,0,0.0,0.0,0.0,0.0,0.0,0.0,0,0.0,0.0
29,1,8,1,1,0,1,0.0,1.0,0.0,0.0,0.0,0.0,1,1.0,0.3154648767857287
30,6,8,1,6,1,5,0.16666666666666666,0.8333333333333334,0.3333333333333333,0.004273504273504273,0.0,0.0,1,1.0,0.8856218745807111
31,0,2,0,0,0,0,0.0,0.0,0.0,0.0,0.0,0.0,0,0.0,0.0
32,0,1,0,0,0,0,0.0,0.0,0.0,0.0,0.0,0.0,0,0.0,0.0
33,3,3,1,3,0,3,0.0,1.0,0.0,0.0,0.0,0.0,1,1.0,1.0
34,0,25,0,0,0,0,0.0,0.0,0.0,0.0,0.0,0.0,0,0.0,0.0
35,0,5,0,0,0,0,0.0,0.0,0.0,0.0,0.0,0.0,0,0.0,0.0
36,0,1,0,0,0,0,0.0,0.0,0.0,0.0,0.0,0.0,0,0.0,0.0
37,22,35,6,22,11,11,0.5,0.5,0.7272727272727273,0.011346841875357404,1.3333333333333333,0.020278847525317358,3,0.5,0.8749763207000147
38,0,29,0,0,0,0,0.0,0.0,0.0,0.0,0.0,0.0,0,0.0,0.0
39,0,1,0,0,0,0,0.0,0.0,0.0,0.0,0.0,0.0,0,0.0,0.0
40,0,2,0,0,0,0,0.0,0.0,0.0,0.0,0.0,0.0,0,0.0,0.0
41,0,2,0,0,0,0,0.0,0.0,0.0,0.0,0.0,0.0,0,0.0,0.0
42,0,39,0,0,0,0,0.0,0.0,0.0,0.0,0.0,0.0,0,0.0,0.0
43,0,4,0,0,0,0,0.0,0.0,0.0,0.0,0.0,0.0,0,0.0,0.0
44,0,6,0,0,0,0,0.0,0.0,0.0,0.0,0.0,0.0,0,0.0,0.0
45,0,38,0,0,0,0,0.0,0.0,0.0,0.0,0.0,0.0,0,0.0,0.0
46,0,11,0,0,0,0,0.0,0.0,0.0,0.0,0.0,0.0,0,0.0,0.0
47,26,39,8,26,11,15,0.4230769230769231,0.5769230769230769,0.6538461538461539,0.01011907967832618,0.375,0.006196764946764947,5,0.625,0.8934520379430465
48,0,15,0,0,0,0,0.0,0.0,0.0,0.0,0.0,0.0,0,0.0,0.0
49,7,2,1,7,3,4,0.42857142857142855,0.5714285714285714,0.42857142857142855,0.006106141920095408,1.0,0.014285714285714285,0,0.0,1.892789260714372
50,0,36,0,0,0,0,0.0,0.0,0.0,0.0,0.0,0.0,0,0.0,0.0
51,0,18,0,0,0,0,0.0,0.0,0.0,0.0,0.0,0.0,0,0.0,0.0
52,0,9,0,0,0,0,0.0,0.0,0.0,0.0,0.0,0.0,0,0.0,0.0
53,0,4,0,0,0,0,0.0,0.0,0.0,0.0,0.0,0.0,0,0.0,0.0
54,4,3,1,4,1,3,0.25,0.75,0.25,0.008620689655172414,1.0,0.007142857142857143,0,0.0,1.160964047443681
55,0,2,0,0,0,0,0.0,0.0,0.0,0.0,0.0,0.0,0,0.0,0.0
56,0,5,0,0,0,0,0.0,0.0,0.0,0.0,0.0,0.0,0,0.0,0.0
57,0,36,0,0,0,0,0.0,0.0,0.0,0.0,0.0,0.0,0,0.0,0.0
58,2,6,1,2,0,2,0.0,1.0,0.0,0.0,0.0,0.0,1,1.0,0.5645750340535797
59,0,11,0,0,0,0,0.0,0.0,0.0,0.0,0.0,0.0,0,0.0,0.0
60,3,20,1,3,2,1,0.6666666666666666,0.33333333333333337,1.6666666666666667,0.08354011579818033,2.0,0.037037037037037035,0,0.0,0.455340497393906
61,0,39,0,0,0,0,0.0,0.0,0.0,0.0,0.0,0.0,0,0.0,0.0
62,1,20,1,1,1,0,1.0,0.0,5.0,0.03787878787878788,2.0,0.014285714285714285,0,0.0,0.227670248696953
63,0,28,0,0,0,0,0.0,0.0,0.0,0.0,0.0,0.0,0,0.0,0.0
64,9,39,2,9,3,6,0.3333333333333333,0.6666666666666667,0.3333333333333333,0.005852261388015766,1.0,0.0196078431372549,1,0.5,0.6241963505817849
65,0,0,0,0,0,0,0.0,0.0,0.0,0.0,0.0,0.0,0,0.0,0.0
66,0,2,0,0,0,0,0.0,0.0,0.0,0.0,0.0,0.0,0,0.0,0.0
67,2,36,1,2,1,1,0.5,0.5,0.5,0.008333333333333333,1.0,0.03225806451612903,0,0.0,0.30424737289682985
68,0,1,0,0,0,0,0.0,0.0,0.0,0.0,0.0,0.0,0,0.0,0.0
69,0,12,0,0,0,0,0.0,0.0,0.0,0.0,0.0,0.0,0,0.0,0.0
70,7,37,2,7,3,4,0.42857142857142855,0.5714285714285714,0.42857142857142855,0.005606788169813379,0.0,0.0,2,1.0,0.5716542372803202
71,0,1,0,0,0,0,0.0,0.0,0.0,0.0,0.0,0.0,0,0.0,0.0
72,0,1,0,0,0,0,0.0,0.0,0.0,0.0,0.0,0.0,0,0.0,0.0
73,1,38,1,1,0,1,0.0,1.0,0.0,0.0,0.0,0.0,1,1.0,0.18920035951687003
74,0,34,0,0,0,0,0.0,0.0,0.0,0.0,0.0,0.0,0,0.0,0.0
75,7,33,1,7,3,4,0.42857142857142855,0.5714285714285714,1.1428571428571428,0.018096982382696667,1.0,0.007462686567164179,0,0.0,0.5896848966984678
76,1,8,1,1,0,1,0.0,1.0,0.0,0.0,2.0,0.013333333333333334,0,0.0,0.3154648767857287
77,0,13,0,0,0,0,0.0,0.0,0.0,0.0,0.0,0.0,0,0.0,0.0
78,1,35,1,1,1,0,1.0,0.0,4.0,0.02702702702702703,4.0,0.02666666666666667,0,0.0,0.1934264036172708
79,0,14,0,0,0,0,0.0,0.0,0.0,0.0,0.0,0.0,0,0.0,0.0
80,38,35,10,38,26,12,0.6842105263157895,0.3157894736842105,1.605263157894737,0.03005142053403333,0.6,0.00504573695635901,7,0.7,1.0223363428652679
81,0,35,0,0,0,0,0.0,0.0,0.0,0.0,0.0,0.0,0,0.0,0.0
82,0,10,0,0,0,0,0.0,0.0,0.0,0.0,0.0,0.0,0,0.0,0.0
83,0,1,0,0,0,0,0.0,0.0,0.0,0.0,0.0,0.0,0,0.0,0.0
84,0,23,0,0,0,0,0.0,0.0,0.0,0.0,0.0,0.0,0,0.0,0.0
85,0,36,0,0,0,0,0.0,0.0,0.0,0.0,0.0,0.0,0,0.0,0.0
86,8,1,2,8,0,8,0.0,1.0,0.0,0.0,0.0,0.0,2,1.0,3.1699250014423126
87,0,1,0,0,0,0,0.0,0.0,0.0,0.0,0.0,0.0,0,0.0,0.0
88,6,16,1,6,3,3,0.5,0.5,0.5,0.020982905982905985,0.0,0.0,1,1.0,0.686820903599663
89,0,10,0,0,0,0,0.0,0.0,0.0,0.0,0.0,0.0,0,0.0,0.0
90,0,8,0,0,0,0,0.0,0.0,0.0,0.0,0.0,0.0,0,0.0,0.0
91,0,38,0,0,0,0,0.0,0.0,0.0,0.0,0.0,0.0,0,0.0,0.0
92,0,5,0,0,0,0,0.0,0.0,0.0,0.0,0.0,0.0,0,0.0,0.0
93,7,2,2,7,4,3,0.5714285714285714,0.4285714285714286,0.5714285714285714,0.006771444209867855,0.5,0.003355704697986577,1,0.5,1.892789260714372
94,11,19,3,11,10,1,0.9090909090909091,0.09090909090909094,2.727272727272727,0.040165819757635765,2.3333333333333335,0.06249014972419228,0,0.0,0.829482217661603
95,0,1,0,0,0,0,0.0,0.0,0.0,0.0,0.0,0.0,0,0.0,0.0
96,0,3,0,0,0,0,0.0,0.0,0.0,0.0,0.0,0.0,0,0.0,0.0
97,0,1,0,0,0,0,0.0,0.0,0.0,0.0,0.0,0.0,0,0.0,0.0
98,6,2,1,6,0,6,0.0,1.0,0.0,0.0,1.0,0.012987012987012988,0,0.0,1.7712437491614221
99,4,33,1,4,4,0,1.0,0.0,2.75,0.0412152209492635,1.0,0.006666666666666667,0,0.0,0.4564019762583081
100,0,35,0,0,0,0,0.0,0.0,0.0,0.0,0.0,0.0,0,0.0,0.0
101,0,2,0,0,0,0,0.0,0.0,0.0,0.0,0.0,0.0,0,0.0,0.0
102,15,9,4,15,8,7,0.5333333333333333,0.4666666666666667,0.6,0.009074704462115788,0.25,0.008064516129032258,3,0.75,1.2041199826559246
103,0,1,0,0,0,0,0.0,0.0,0.0,0.0,0.0,0.0,0,0.0,0.0
104,0,27,0,0,0,0,0.0,0.0,0.0,0.0,0.0,0.0,0,0.0,0.0
105,0,12,0,0,0,0,0.0,0.0,0.0,0.0,0.0,0.0,0,0.0,0.0
106,0,1,0,0,0,0,0.0,0.0,0.0,0.0,0.0,0.0,0,0.0,0.0
107,0,19,0,0,0,0,0.0,0.0,0.0,0.0,0.0,0.0,0,0.0,0.0
108,0,3,0,0,0,0,0.0,0.0,0.0,0.0,0.0,0.0,0,0.0,0.0
109,59,34,17,59,16,43,0.2711864406779661,0.728813559322034,0.4067796610169492,0.008590203964306355,1.2352941176470589,0.022560059674493683,6,0.35294117647058826,1.1516016129534417
110,9,39,2,9,9,0,1.0,0.0,3.4444444444444446,0.05292977676710059,7.0,0.10625175217269414,0,0.0,0.6241963505817849
111,11,6,3,11,0,11,0.0,1.0,0.0,0.0,0.3333333333333333,0.007751937984496124,2,0.6666666666666666,1.276989408269624
112,36,37,10,36,30,6,0.8333333333333334,0.16666666666666663,2.6944444444444446,0.060457235656673,3.4,0.05039828633366683,2,0.2,0.9926686967920048
113,0,8,0,0,0,0,0.0,0.0,0.0,0.0,0.0,0.0,0,0.0,0.0
114,0,4,0,0,0,0,0.0,0.0,0.0,0.0,0.0,0.0,0,0.0,0.0
115,0,27,0,0,0,0,0.0,0.0,0.0,0.0,0.0,0.0,0,0.0,0.0
116,43,38,12,43,16,27,0.37209302325581395,0.627906976744186,0.4883720930232558,0.008504410669527573,0.25,0.003137025263510122,10,0.8333333333333334,1.0329264250039443
117,0,3,0,0,0,0,0.0,0.0,0.0,0.0,0.0,0.0,0,0.0,0.0
118,0,0,0,0,0,0,0.0,0.0,0.0,0.0,0.0,0.0,0,0.0,0.0
119,0,22,0,0,0,0,0.0,0.0,0.0,0.0,0.0,0.0,0,0.0,0.0
120,6,23,1,6,5,1,0.8333333333333334,0.16666666666666663,1.3333333333333333,0.01714864689645956,6.0,0.08108108108108109,0,0.0,0.6122961576274708
121,0,1,0,0,0,0,0.0,0.0,0.0,0.0,0.0,0.0,0,0.0,0.0
122,0,3,0,0,0,0,0.0,0.0,0.0,0.0,0.0,0.0,0,0.0,0.0
123,0,4,0,0,0,0,0.0,0.0,0.0,0.0,0.0,0.0,0,0.0,0.0
124,0,2,0,0,0,0,0.0,0.0,0.0,0.0,0.0,0.0,0,0.0,0.0
125,0,38,0,0,0,0,0.0,0.0,0.0,0.0,0.0,0.0,0,0.0,0.0
126,0,22,0,0,0,0,0.0,0.0,0.0,0.0,0.0,0.0,0,0.0,0.0
127,7,33,2,7,3,4,0.42857142857142855,0.5714285714285714,0.8571428571428571,0.01965033356337704,1.0,0.060897435897435896,0,0.0,0.5896848966984678
128,0,32,0,0,0,0,0.0,0.0,0.0,0.0,0.0,0.0,0,0.0,0.0
129,2,2,1,2,0,2,0.0,1.0,0.0,0.0,0.0,0.0,1,1.0,1.0
130,0,21,0,0,0,0,0.0,0.0,0.0,0.0,0.0,0.0,0,0.0,0.0
131,0,38,0,0,0,0,0.0,0.0,0.0,0.0,0.0,0.0,0,0.0,0.0
132,20,25,6,20,9,11,0.45,0.55,1.3,0.019643271341522297,1.1666666666666667,0.07886904761904762,4,0.6666666666666666,0.9344481976498601
133,0,1,0,0,0,0,0.0,0.0,0.0,0.0,0.0,0.0,0,0.0,0.0
134,2,10,1,2,1,1,0.5,0.5,0.5,0.00423728813559322,0.0,0.0,1,1.0,0.45815690999132624
135,32,38,9,32,20,12,0.625,0.375,1.9375,0.023377214031523885,0.8888888888888888,0.009455069735088537,4,0.4444444444444444,0.9544011809274044
136,10,32,2,10,7,3,0.7,0.30000000000000004,2.2,0.025414945753718565,1.0,0.06818181818181818,0,0.0,0.6857972507265686
137,0,11,0,0,0,0,0.0,0.0,0.0,0.0,0.0,0.0,0,0.0,0.0
138,0,14,0,0,0,0,0.0,0.0,0.0,0.0,0.0,0.0,0,0.0,0.0
139,5,10,1,5,3,2,0.6,0.4,1.4,0.01221478115283425,0.0,0.0,1,1.0,0.7472217363092141
140,0,2,0,0,0,0,0.0,0.0,0.0,0.0,0.0,0.0,0,0.0,0.0
141,0,15,0,0,0,0,0.0,0.0,0.0,0.0,0.0,0.0,0,0.0,0.0
142,0,15,0,0,0,0,0.0,0.0,0.0,0.0,0.0,0.0,0,0.0,0.0
143,0,27,0,0,0,0,0.0,0.0,0.0,0.0,0.0,0.0,0,0.0,0.0
144,7,36,2,7,5,2,0.7142857142857143,0.2857142857142857,1.0,0.009362934362934363,3.5,0.05275727312201476,0,0.0,0.5758761600196804
145,17,6,4,17,2,15,0.11764705882352941,0.8823529411764706,0.11764705882352941,0.0028104575163398694,0.0,0.0,4,1.0,1.4853572552151815
146,4,39,1,4,3,1,0.75,0.25,3.0,0.02496709736997099,6.0,0.04285714285714286,0,0.0,0.43629452587267725
147,8,39,2,8,6,2,0.75,0.25,1.25,0.01921033186475324,1.5,0.018506493506493506,0,0.0,0.595634691962031
148,2,15,1,2,2,0,1.0,0.0,4.5,0.038072289156626506,9.0,0.11688311688311688,0,0.0,0.3962406251802891
149,0,7,0,0,0,0,0.0,0.0,0.0,0.0,0.0,0.0,0,0.0,0.0
150,0,13,0,0,0,0,0.0,0.0,0.0,0.0,0.0,0.0,0,0.0,0.0
151,0,31,0,0,0,0,0.0,0.0,0.0,0.0,0.0,0.0,0,0.0,0.0
152,38,17,10,38,13,25,0.34210526315789475,0.6578947368421053,0.39473684210526316,0.006870301138633857,0.4,0.005904452690166975,7,0.7,1.2675053429100307
153,0,1,0,0,0,0,0.0,0.0,0.0,0.0,0.0,0.0,0,0.0,0.0
154,0,17,0,0,0,0,0.0,0.0,0.0,0.0,0.0,0.0,0,0.0,0.0
155,0,1,0,0,0,0,0.0,0.0,0.0,0.0,0.0,0.0,0,0.0,0.0
156,0,1,0,0,0,0,0.0,0.0,0.0,0.0,0.0,0.0,0,0.0,0.0
157,12,38,4,12,4,8,0.3333333333333333,0.6666666666666667,0.5833333333333334,0.010460770149219997,1.25,0.037980769230769235,2,0.5,0.7001245250427999
158,0,1,0,0,0,0,0.0,0.0,0.0,0.0,0.0,0.0,0,0.0,0.0
159,5,10,1,5,1,4,0.2,0.8,0.2,0.004081632653061224,0.0,0.0,1,1.0,0.7472217363092141
160,0,5,0,0,0,0,0.0,0.0,0.0,0.0,0.0,0.0,0,0.0,0.0
161,0,1,0,0,0,0,0.0,0.0,0.0,0.0,0.0,0.0,0,0.0,0.0
162,0,34,0,0,0,0,0.0,0.0,0.0,0.0,0.0,0.0,0,0.0,0.0
163,5,1,1,5,1,4,0.2,0.8,0.2,0.008695652173913044,0.0,0.0,1,1.0,2.584962500721156
164,7,37,1,7,5,2,0.7142857142857143,0.2857142857142857,2.0,0.01550995300653232,2.0,0.045454545454545456,0,0.0,0.5716542372803202
165,0,29,0,0,0,0,0.0,0.0,0.0,0.0,0.0,0.0,0,0.0,0.0
166,0,20,0,0,0,0,0.0,0.0,0.0,0.0,0.0,0.0,0,0.0,0.0
167,10,20,3,10,6,4,0.6,0.4,1.0,0.025512113617376774,2.3333333333333335,0.028705096073517126,0,0.0,0.7876096569652562
168,8,38,2,8,3,5,0.375,0.625,0.625,0.007945039195039196,0.5,0.0033333333333333335,1,0.5,0.5997509499144004
169,18,38,5,18,5,13,0.2777777777777778,0.7222222222222222,0.6111111111111112,0.011668154725768265,0.2,0.0013333333333333335,4,0.8,0.8037094127451301
170,0,29,0,0,0,0,0.0,0.0,0.0,0.0,0.0,0.0,0,0.0,0.0
171,0,5,0,0,0,0,0.0,0.0,0.0,0.0,0.0,0.0,0,0.0,0.0
172,0,34,0,0,0,0,0.0,0.0,0.0,0.0,0.0,0.0,0,0.0,0.0
173,14,38,4,14,9,5,0.6428571428571429,0.3571428571428571,2.642857142857143,0.03925726758709952,1.75,0.017487281976744186,2,0.5,0.7391851052822103
174,8,39,2,8,5,3,0.625,0.375,1.625,0.02077161504410538,2.5,0.04310344827586207,1,0.5,0.595634691962031
175,1,3,1,1,0,1,0.0,1.0,0.0,0.0,0.0,0.0,1,1.0,0.5
176,0,2,0,0,0,0,0.0,0.0,0.0,0.0,0.0,0.0,0,0.0,0.0
177,1,37,1,1,0,1,0.0,1.0,0.0,0.0,0.0,0.0,1,1.0,0.1905514124267734
178,10,39,3,10,2,8,0.2,0.8,0.4,0.005240274599542334,0.6666666666666666,0.00749063670411985,2,0.6666666666666666,0.6500335135983297
179,0,11,0,0,0,0,0.0,0.0,0.0,0.0,0.0,0.0,0,0.0,0.0
180,0,39,0,0,0,0,0.0,0.0,0.0,0.0,0.0,0.0,0,0.0,0.0
181,2,34,1,2,0,2,0.0,1.0,0.0,0.0,0.0,0.0,1,1.0,0.3090027388789262
182,0,39,0,0,0,0,0.0,0.0,0.0,0.0,0.0,0.0,0,0.0,0.0
183,0,9,0,0,0,0,0.0,0.0,0.0,0.0,0.0,0.0,0,0.0,0.0
184,0,30,0,0,0,0,0.0,0.0,0.0,0.0,0.0,0.0,0,0.0,0.0
185,0,23,0,0,0,0,0.0,0.0,0.0,0.0,0.0,0.0,0,0.0,0.0
186,0,31,0,0,0,0,0.0,0.0,0.0,0.0,0.0,0.0,0,0.0,0.0
187,20,39,6,20,7,13,0.35,0.65,0.4,0.007434325822675822,1.0,0.02826100071611798,1,0.16666666666666666,0.8253244584417337
188,4,32,1,4,0,4,0.0,1.0,0.0,0.0,0.0,0.0,1,1.0,0.460298707822351
189,0,6,0,0,0,0,0.0,0.0,0.0,0.0,0.0,0.0,0,0.0,0.0
190,0,7,0,0,0,0,0.0,0.0,0.0,0.0,0.0,0.0,0,0.0,0.0
191,7,9,1,7,1,6,0.14285714285714285,0.8571428571428572,0.2857142857142857,0.0021321961620469083,0.0,0.0,1,1.0,0.9030899869919434
192,19,19,6,19,11,8,0.5789473684210527,0.42105263157894735,1.1578947368421053,0.010629943170779591,0.8333333333333334,0.023534798534798534,3,0.5,1.0
193,0,12,0,0,0,0,0.0,0.0,0.0,0.0,0.0,0.0,0,0.0,0.0
194,6,8,1,6,0,6,0.0,1.0,0.0,0.0,0.0,0.0,1,1.0,0.8856218745807111
195,2,16,1,2,2,0,1.0,0.0,4.5,0.052380952380952375,2.0,0.0625,0,0.0,0.3877619350384901
196,0,5,0,0,0,0,0.0,0.0,0.0,0.0,0.0,0.0,0,0.0,0.0
197,0,1,0,0,0,0,0.0,0.0,0.0,0.0,0.0,0.0,0,0.0,0.0
198,0,23,0,0,0,0,0.0,0.0,0.0,0.0,0.0,0.0,0,0.0,0.0
199,0,3,0,0,0,0,0.0,0.0,0.0,0.0,0.0,0.0,0,0.0,0.0
200,6,17,1,6,3,3,0.5,0.5,0.8333333333333334,0.008169850283944242,0.0,0.0,1,1.0,0.6732387083908185
201,3,1,1,3,1,2,0.3333333333333333,0.6666666666666667,0.3333333333333333,0.006410256410256411,1.0,0.010638297872340425,0,0.0,2.0
202,0,5,0,0,0,0,0.0,0.0,0.0,0.0,0.0,0.0,0,0.0,0.0
203,0,2,0,0,0,0,0.0,0.0,0.0,0.0,0.0,0.0,0,0.0,0.0
204,0,25,0,0,0,0,0.0,0.0,0.0,0.0,0.0,0.0,0,0.0,0.0
205,18,35,5,18,16,2,0.8888888888888888,0.11111111111111116,2.1666666666666665,0.0293480058804289,1.0,0.032444603875673536,1,0.2,0.8216613417522485
206,0,37,0,0,0,0,0.0,0.0,0.0,0.0,0.0,0.0,0,0.0,0.0
207,0,16,0,0,0,0,0.0,0.0,0.0,0.0,0.0,0.0,0,0.0,0.0
208,5,37,1,5,3,2,0.6,0.4,1.2,0.030773536895674296,2.0,0.028985507246376812,0,0.0,0.49256825558266054
209,0,37,0,0,0,0,0.0,0.0,0.0,0.0,0.0,0.0,0,0.0,0.0
210,0,16,0,0,0,0,0.0,0.0,0.0,0.0,0.0,0.0,0,0.0,0.0
211,0,13,0,0,0,0,0.0,0.0,0.0,0.0,0.0,0.0,0,0.0,0.0
212,15,27,4,15,8,7,0.5333333333333333,0.4666666666666667,1.0,0.022706700671501687,2.75,0.023296791016976213,0,0.0,0.8320583907060378
213,12,39,4,12,4,8,0.3333333333333333,0.6666666666666667,0.5,0.006839206194044903,0.25,0.002840909090909091,3,0.75,0.695319375264767
214,0,12,0,0,0,0,0.0,0.0,0.0,0.0,0.0,0.0,0,0.0,0.0
215,7,17,1,7,0,7,0.0,1.0,0.0,0.0,2.0,0.029850746268656716,0,0.0,0.7194373997043944
216,0,1,0,0,0,0,0.0,0.0,0.0,0.0,0.0,0.0,0,0.0,0.0
217,0,37,0,0,0,0,0.0,0.0,0.0,0.0,0.0,0.0,0,0.0,0.0
218,12,32,3,12,4,8,0.3333333333333333,0.6666666666666667,0.5,0.014583469954313942,0.6666666666666666,0.057539682539682536,1,0.3333333333333333,0.7335746633951977
219,31,29,8,31,17,14,0.5483870967741935,0.4516129032258065,1.0,0.012356425851171905,0.625,0.00824558042464618,4,0.5,1.018975235452531
220,7,6,2,7,1,6,0.14285714285714285,0.8571428571428572,0.2857142857142857,0.001904761904761905,1.5,0.04838709677419355,1,0.5,1.0686215613240664
221,2,30,1,2,2,0,1.0,0.0,2.0,0.03134920634920635,1.0,0.045454545454545456,0,0.0,0.3199232330374462
222,0,2,0,0,0,0,0.0,0.0,0.0,0.0,0.0,0.0,0,0.0,0.0
223,2,19,1,2,0,2,0.0,1.0,0.0,0.0,0.0,0.0,1,1.0,0.36672579134208466
224,0,1,0,0,0,0,0.0,0.0,0.0,0.0,0.0,0.0,0,0.0,0.0
225,0,34,0,0,0,0,0.0,0.0,0.0,0.0,0.0,0.0,0,0.0,0.0
226,0,4,0,0,0,0,0.0,0.0,0.0,0.0,0.0,0.0,0,0.0,0.0
227,0,30,0,0,0,0,0.0,0.0,0.0,0.0,0.0,0.0,0,0.0,0.0
228,0,2,0,0,0,0,0.0,0.0,0.0,0.0,0.0,0.0,0,0.0,0.0
229,0,33,0,0,0,0,0.0,0.0,0.0,0.0,0.0,0.0,0,0.0,0.0
230,11,32,3,11,9,2,0.8181818181818182,0.18181818181818177,2.727272727272727,0.06310566211418694,3.0,0.05170132677400119,0,0.0,0.7106824756145526
231,1,29,1,1,1,0,1.0,0.0,4.0,0.1,1.0,0.013888888888888888,0,0.0,0.20379504709050617
232,4,37,1,4,3,1,0.75,0.25,1.5,0.013434065934065934,0.0,0.0,1,1.0,0.44244667803419396
233,0,5,0,0,0,0,0.0,0.0,0.0,0.0,0.0,0.0,0,0.0,0.0
234,0,4,0,0,0,0,0.0,0.0,0.0,0.0,0.0,0.0,0,0.0,0.0
235,0,21,0,0,0,0,0.0,0.0,0.0,0.0,0.0,0.0,0,0.0,0.0
236,44,21,12,44,7,37,0.1590909090909091,0.8409090909090909,0.20454545454545456,0.004149742995688778,0.5833333333333334,0.01655328296953913,6,0.5,1.2315141403620988
237,24,38,7,24,6,18,0.25,0.75,0.2916666666666667,0.008235184055583144,0.8571428571428571,0.013934504948468648,3,0.42857142857142855,0.8786192606500202
238,40,37,11,40,23,17,0.575,0.42500000000000004,0.9,0.016999010983696636,1.1818181818181819,0.012966398680684395,6,0.5454545454545454,1.0208891016298671
239,70,37,20,70,47,23,0.6714285714285714,0.3285714285714286,1.5714285714285714,0.029790512241614595,2.25,0.03174064881476349,5,0.25,1.1718429996890984
240,4,18,1,4,2,2,0.5,0.5,0.5,0.008054287163876205,1.0,0.022727272727272728,0,0.0,0.5466025697329024
241,0,1,0,0,0,0,0.0,0.0,0.0,0.0,0.0,0.0,0,0.0,0.0
242,0,6,0,0,0,0,0.0,0.0,0.0,0.0,0.0,0.0,0,0.0,0.0
243,0,32,0,0,0,0,0.0,0.0,0.0,0.0,0.0,0.0,0,0.0,0.0
244,0,2,0,0,0,0,0.0,0.0,0.0,0.0,0.0,0.0,0,0.0,0.0
245,0,11,0,0,0,0,0.0,0.0,0.0,0.0,0.0,0.0,0,0.0,0.0
246,3,32,1,3,2,1,0.6666666666666666,0.33333333333333337,0.6666666666666666,0.016043693463048302,1.0,0.02564102564102564,0,0.0,0.39647972634112105
247,47,10,14,47,21,26,0.44680851063829785,0.5531914893617021,0.6382978723404256,0.008469604824625027,0.7857142857142857,0.010362245173708465,7,0.5,1.6144162152628776
248,1,31,1,1,0,1,0.0,1.0,0.0,0.0,1.0,0.006666666666666667,0,0.0,0.19999999999999998
249,0,1,0,0,0,0,0.0,0.0,0.0,0.0,0.0,0.0,0,0.0,0.0
250,0,1,0,0,0,0,0.0,0.0,0.0,0.0,0.0,0.0,0,0.0,0.0
251,0,6,0,0,0,0,0.0,0.0,0.0,0.0,0.0,0.0,0,0.0,0.0
252,6,14,1,6,3,3,0.5,0.5,0.5,0.011086844420177752,0.0,0.0,1,1.0,0.7185650207899779
253,7,37,1,7,3,4,0.42857142857142855,0.5714285714285714,0.7142857142857143,0.009104282168302296,0.0,0.0,1,1.0,0.5716542372803202
254,0,13,0,0,0,0,0.0,0.0,0.0,0.0,0.0,0.0,0,0.0,0.0
255,0,10,0,0,0,0,0.0,0.0,0.0,0.0,0.0,0.0,0,0.0,0.0
256,0,30,0,0,0,0,0.0,0.0,0.0,0.0,0.0,0.0,0,0.0,0.0
257,0,19,0,0,0,0,0.0,0.0,0.0,0.0,0.0,0.0,0,0.0,0.0
258,0,9,0,0,0,0,0.0,0.0,0.0,0.0,0.0,0.0,0,0.0,0.0
259,0,1,0,0,0,0,0.0,0.0,0.0,0.0,0.0,0.0,0,0.0,0.0
260,0,36,0,0,0,0,0.0,0.0,0.0,0.0,0.0,0.0,0,0.0,0.0
261,33,39,9,33,25,8,0.7575757575757576,0.24242424242424243,1.5757575757575757,0.03270077018620231,0.7777777777777778,0.019978693152716828,5,0.5555555555555556,0.9559435510107197
262,0,3,0,0,0,0,0.0,0.0,0.0,0.0,0.0,0.0,0,0.0,0.0
263,0,1,0,0,0,0,0.0,0.0,0.0,0.0,0.0,0.0,0,0.0,0.0
264,0,4,0,0,0,0,0.0,0.0,0.0,0.0,0.0,0.0,0,0.0,0.0
265,0,38,0,0,0,0,0.0,0.0,0.0,0.0,0.0,0.0,0,0.0,0.0
266,0,11,0,0,0,0,0.0,0.0,0.0,0.0,0.0,0.0,0,0.0,0.0
267,1,19,1,1,0,1,0.0,1.0,0.0,0.0,0.0,0.0,1,1.0,0.23137821315975918
268,3,1,1,3,0,3,0.0,1.0,0.0,0.0,0.0,0.0,1,1.0,2.0
269,0,1,0,0,0,0,0.0,0.0,0.0,0.0,0.0,0.0,0,0.0,0.0
270,6,39,1,6,3,3,0.5,0.5,1.1666666666666667,0.029711399711399713,1.0,0.045454545454545456,0,0.0,0.5275071124607182
271,0,1,0,0,0,0,0.0,0.0,0.0,0.0,0.0,0.0,0,0.0,0.0
272,4,36,1,4,3,1,0.75,0.25,1.75,0.021858775482278516,2.0,0.017543859649122806,0,0.0,0.4457143450418488
273,3,1,1,3,0,3,0.0,1.0,0.0,0.0,0.0,0.0,1,1.0,2.0
274,0,1,0,0,0,0,0.0,0.0,0.0,0.0,0.0,0.0,0,0.0,0.0
275,0,12,0,0,0,0,0.0,0.0,0.0,0.0,0.0,0.0,0,0.0,0.0
276,13,25,4,13,9,4,0.6923076923076923,0.3076923076923077,1.0,0.01715079705421816,0.75,0.0056039488966318236,2,0.5,0.8099997341447277
277,0,1,0,0,0,0,0.0,0.0,0.0,0.0,0.0,0.0,0,0.0,0.0
278,0,1,0,0,0,0,0.0,0.0,0.0,0.0,0.0,0.0,0,0.0,0.0
279,0,29,0,0,0,0,0.0,0.0,0.0,0.0,0.0,0.0,0,0.0,0.0
280,0,1,0,0,0,0,0.0,0.0,0.0,0.0,0.0,0.0,0,0.0,0.0
281,0,2,0,0,0,0,0.0,0.0,0.0,0.0,0.0,0.0,0,0.0,0.0
282,3,2,1,3,0,3,0.0,1.0,0.0,0.0,0.0,0.0,1,1.0,1.2618595071429148
283,2,38,1,2,1,1,0.5,0.5,1.0,0.006666666666666667,0.0,0.0,1,1.0,0.2998754749572002
284,0,33,0,0,0,0,0.0,0.0,0.0,0.0,0.0,0.0,0,0.0,0.0
285,0,16,0,0,0,0,0.0,0.0,0.0,0.0,0.0,0.0,0,0.0,0.0
286,1,39,1,1,1,0,1.0,0.0,2.0,0.013333333333333334,0.0,0.0,1,1.0,0.18790182470910757
287,0,7,0,0,0,0,0.0,0.0,0.0,0.0,0.0,0.0,0,0.0,0.0
288,0,2,0,0,0,0,0.0,0.0,0.0,0.0,0.0,0.0,0,0.0,0.0
289,7,1,1,7,0,7,0.0,1.0,0.0,0.0,0.0,0.0,1,1.0,3.0
290,0,39,0,0,0,0,0.0,0.0,0.0,0.0,0.0,0.0,0,0.0,0.0
291,0,18,0,0,0,0,0.0,0.0,0.0,0.0,0.0,0.0,0,0.0,0.0
292,0,36,0,0,0,0,0.0,0.0,0.0,0.0,0.0,0.0,0,0.0,0.0
293,0,5,0,0,0,0,0.0,0.0,0.0,0.0,0.0,0.0,0,0.0,0.0
294,2,9,1,2,0,2,0.0,1.0,0.0,0.0,1.0,0.006666666666666667,0,0.0,0.47712125471966244
295,0,11,0,0,0,0,0.0,0.0,0.0,0.0,0.0,0.0,0,0.0,0.0
296,0,6,0,0,0,0,0.0,0.0,0.0,0.0,0.0,0.0,0,0.0,0.0
297,0,37,0,0,0,0,0.0,0.0,0.0,0.0,0.0,0.0,0,0.0,0.0
298,3,5,1,3,1,2,0.3333333333333333,0.6666666666666667,0.3333333333333333,0.005291005291005291,0.0,0.0,1,1.0,0.7737056144690831
299,0,7,0,0,0,0,0.0,0.0,0.0,0.0,0.0,0.0,0,0.0,0.0
300,6,37,1,6,3,3,0.5,0.5,0.5,0.016892551892551892,2.0,0.04081632653061224,0,0.0,0.5349454455813307
301,19,34,6,19,8,11,0.42105263157894735,0.5789473684210527,1.1578947368421053,0.016198539722606032,0.0,0.0,6,1.0,0.8425988740745154
302,4,20,1,4,3,1,0.75,0.25,0.75,0.008257816640169582,1.0,0.045454545454545456,0,0.0,0.5286339468194481
303,4,8,1,4,3,1,0.75,0.25,1.75,0.029513282470815333,1.0,0.006666666666666667,0,0.0,0.7324867603589634
304,0,14,0,0,0,0,0.0,0.0,0.0,0.0,0.0,0.0,0,0.0,0.0
305,7,26,2,7,2,5,0.2857142857142857,0.7142857142857143,0.42857142857142855,0.007183212267958031,1.0,0.006666666666666667,1,0.5,0.6309297535714574
306,31,39,8,31,13,18,0.41935483870967744,0.5806451612903225,0.4838709677419355,0.009709167454341458,0.5,0.009303652968036528,6,0.75,0.939509123545538
307,0,27,0,0,0,0,0.0,0.0,0.0,0.0,0.0,0.0,0,0.0,0.0
308,0,0,0,0,0,0,0.0,0.0,0.0,0.0,0.0,0.0,0,0.0,0.0
309,1,38,1,1,1,0,1.0,0.0,5.0,0.11363636363636363,1.0,0.02564102564102564,0,0.0,0.18920035951687003
310,66,38,19,66,23,43,0.3484848484848485,0.6515151515151515,0.7272727272727273,0.01810074468844318,1.5789473684210527,0.031705757391615935,9,0.47368421052631576,1.1477062556960096
311,0,1,0,0,0,0,0.0,0.0,0.0,0.0,0.0,0.0,0,0.0,0.0
312,16,39,4,16,9,7,0.5625,0.4375,1.6875,0.02479090267410917,1.0,0.00856403803131991,2,0.5,0.7680417263016122
313,1,1,1,1,0,1,0.0,1.0,0.0,0.0,0.0,0.0,1,1.0,1.0
314,5,39,1,5,4,1,0.8,0.19999999999999996,1.0,0.02409560723514212,1.0,0.02127659574468085,0,0.0,0.48571917069012305
315,0,15,0,0,0,0,0.0,0.0,0.0,0.0,0.0,0.0,0,0.0,0.0
316,0,3,0,0,0,0,0.0,0.0,0.0,0.0,0.0,0.0,0,0.0,0.0
317,0,20,0,0,0,0,0.0,0.0,0.0,0.0,0.0,0.0,0,0.0,0.0
318,0,1,0,0,0,0,0.0,0.0,0.0,0.0,0.0,0.0,0,0.0,0.0
319,0,26,0,0,0,0,0.0,0.0,0.0,0.0,0.0,0.0,0,0.0,0.0
320,0,7,0,0,0,0,0.0,0.0,0.0,0.0,0.0,0.0,0,0.0,0.0
321,24,38,7,24,14,10,0.5833333333333334,0.41666666666666663,1.0833333333333333,0.02309667637887433,1.7142857142857142,0.024342546145809545,2,0.2857142857142857,0.8786192606500202
322,70,35,20,70,30,40,0.42857142857142855,0.5714285714285714,0.5857142857142857,0.011632704102515126,0.3,0.01169490231990232,15,0.75,1.189523468481461
323,3,5,1,3,1,2,0.3333333333333333,0.6666666666666667,0.3333333333333333,0.009259259259259259,0.0,0.0,1,1.0,0.7737056144690831
324,0,3,0,0,0,0,0.0,0.0,0.0,0.0,0.0,0.0,0,0.0,0.0
325,0,4,0,0,0,0,0.0,0.0,0.0,0.0,0.0,0.0,0,0.0,0.0
326,4,27,1,4,2,2,0.5,0.5,0.5,0.011666666666666667,0.0,0.0,1,1.0,0.48299493849177877
327,0,32,0,0,0,0,0.0,0.0,0.0,0.0,0.0,0.0,0,0.0,0.0
328,12,34,3,12,5,7,0.4166666666666667,0.5833333333333333,1.4166666666666667,0.014976600240411713,0.0,0.0,3,1.0,0.7214341080257056
329,17,38,4,17,17,0,1.0,0.0,3.6470588235294117,0.13820776476310886,2.0,0.1337058212058212,0,0.0,0.7889513094312703
330,0,8,0,0,0,0,0.0,0.0,0.0,0.0,0.0,0.0,0,0.0,0.0
331,2,32,1,2,1,1,0.5,0.5,0.5,0.004166666666666667,0.0,0.0,1,1.0,0.3142027492734315
332,4,17,1,4,3,1,0.75,0.25,2.0,0.024682670002867047,0.0,0.0,1,1.0,0.5568273036287807
333,0,4,0,0,0,0,0.0,0.0,0.0,0.0,0.0,0.0,0,0.0,0.0
334,1,19,1,1,1,0,1.0,0.0,1.0,0.006802721088435374,0.0,0.0,1,1.0,0.23137821315975918
335,2,38,1,2,1,1,0.5,0.5,1.0,0.0196078431372549,0.0,0.0,1,1.0,0.2998754749572002
336,0,0,0,0,0,0,0.0,0.0,0.0,0.0,0.0,0.0,0,0.0,0.0
337,0,9,0,0,0,0,0.0,0.0,0.0,0.0,0.0,0.0,0,0.0,0.0
338,0,6,0,0,0,0,0.0,0.0,0.0,0.0,0.0,0.0,0,0.0,0.0
339,0,13,0,0,0,0,0.0,0.0,0.0,0.0,0.0,0.0,0,0.0,0.0
340,0,11,0,0,0,0,0.0,0.0,0.0,0.0,0.0,0.0,0,0.0,0.0
341,0,39,0,0,0,0,0.0,0.0,0.0,0.0,0.0,0.0,0,0.0,0.0
342,0,1,0,0,0,0,0.0,0.0,0.0,0.0,0.0,0.0,0,0.0,0.0
343,0,1,0,0,0,0,0.0,0.0,0.0,0.0,0.0,0.0,0,0.0,0.0
344,2,2,1,2,2,0,1.0,0.0,1.5,0.05507246376811594,1.0,0.02564102564102564,0,0.0,1.0
345,0,24,0,0,0,0,0.0,0.0,0.0,0.0,0.0,0.0,0,0.0,0.0
346,0,19,0,0,0,0,0.0,0.0,0.0,0.0,0.0,0.0,0,0.0,0.0
347,0,9,0,0,0,0,0.0,0.0,0.0,0.0,0.0,0.0,0,0.0,0.0
348,0,1,0,0,0,0,0.0,0.0,0.0,0.0,0.0,0.0,0,0.0,0.0
349,0,37,0,0,0,0,0.0,0.0,0.0,0.0,0.0,0.0,0,0.0,0.0
350,0,18,0,0,0,0,0.0,0.0,0.0,0.0,0.0,0.0,0,0.0,0.0
351,0,1,0,0,0,0,0.0,0.0,0.0,0.0,0.0,0.0,0,0.0,0.0
352,0,24,0,0,0,0,0.0,0.0,0.0,0.0,0.0,0.0,0,0.0,0.0
353,0,34,0,0,0,0,0.0,0.0,0.0,0.0,0.0,0.0,0,0.0,0.0
354,0,4,0,0,0,0,0.0,0.0,0.0,0.0,0.0,0.0,0,0.0,0.0
355,1,5,1,1,0,1,0.0,1.0,0.0,0.0,0.0,0.0,1,1.0,0.3868528072345416
356,0,19,0,0,0,0,0.0,0.0,0.0,0.0,0.0,0.0,0,0.0,0.0
357,7,38,1,7,3,4,0.42857142857142855,0.5714285714285714,0.42857142857142855,0.006198819150301631,1.0,0.008620689655172414,0,0.0,0.56760107855061
358,5,36,1,5,2,3,0.4,0.6,1.0,0.01816949152542373,1.0,0.013888888888888888,0,0.0,0.49620609290338996
359,17,38,5,17,10,7,0.5882352941176471,0.4117647058823529,1.3529411764705883,0.01978410316391881,0.6,0.030323695217312242,2,0.4,0.7889513094312703
360,0,1,0,0,0,0,0.0,0.0,0.0,0.0,0.0,0.0,0,0.0,0.0
361,6,38,1,6,0,6,0.0,1.0,0.0,0.0,3.0,0.02,0,0.0,0.5311525605447533
362,0,37,0,0,0,0,0.0,0.0,0.0,0.0,0.0,0.0,0,0.0,0.0
363,0,30,0,0,0,0,0.0,0.0,0.0,0.0,0.0,0.0,0,0.0,0.0
364,0,37,0,0,0,0,0.0,0.0,0.0,0.0,0.0,0.0,0,0.0,0.0
365,5,33,1,5,4,1,0.8,0.19999999999999996,3.2,0.04096982915303526,5.0,0.1282051282051282,0,0.0,0.5081044484023893
366,0,12,0,0,0,0,0.0,0.0,0.0,0.0,0.0,0.0,0,0.0,0.0
367,70,37,20,70,39,31,0.5571428571428572,0.44285714285714284,1.2857142857142858,0.021910787071756366,1.25,0.019370684238840107,10,0.5,1.1718429996890984
368,0,12,0,0,0,0,0.0,0.0,0.0,0.0,0.0,0.0,0,0.0,0.0
369,0,31,0,0,0,0,0.0,0.0,0.0,0.0,0.0,0.0,0,0.0,0.0
370,1,37,1,1,0,1,0.0,1.0,0.0,0.0,0.0,0.0,1,1.0,0.1905514124267734
371,19,1,5,19,0,19,0.0,1.0,0.0,0.0,0.0,0.0,5,1.0,4.321928094887363
372,68,36,20,68,26,42,0.38235294117647056,0.6176470588235294,0.8088235294117647,0.01145162539608471,1.3,0.013531499933987173,11,0.55,1.1725845358519056
373,0,1,0,0,0,0,0.0,0.0,0.0,0.0,0.0,0.0,0,0.0,0.0
374,0,33,0,0,0,0,0.0,0.0,0.0,0.0,0.0,0.0,0,0.0,0.0
375,0,1,0,0,0,0,0.0,0.0,0.0,0.0,0.0,0.0,0,0.0,0.0
376,8,2,2,8,3,5,0.375,0.625,0.375,0.005459733356074819,0.0,0.0,2,1.0,2.0
377,0,3,0,0,0,0,0.0,0.0,0.0,0.0,0.0,0.0,0,0.0,0.0
378,0,2,0,0,0,0,0.0,0.0,0.0,0.0,0.0,0.0,0,0.0,0.0
379,0,1,0,0,0,0,0.0,0.0,0.0,0.0,0.0,0.0,0,0.0,0.0
380,0,1,0,0,0,0,0.0,0.0,0.0,0.0,0.0,0.0,0,0.0,0.0
381,0,1,0,0,0,0,0.0,0.0,0.0,0.0,0.0,0.0,0,0.0,0.0
382,9,34,2,9,8,1,0.8888888888888888,0.11111111111111116,2.7777777777777777,0.05781946974425589,1.5,0.034385382059800663,0,0.0,0.6476398521807292
383,0,35,0,0,0,0,0.0,0.0,0.0,0.0,0.0,0.0,0,0.0,0.0
384,0,34,0,0,0,0,0.0,0.0,0.0,0.0,0.0,0.0,0,0.0,0.0
385,0,17,0,0,0,0,0.0,0.0,0.0,0.0,0.0,0.0,0,0.0,0.0
386,0,1,0,0,0,0,0.0,0.0,0.0,0.0,0.0,0.0,0,0.0,0.0
387,0,32,0,0,0,0,0.0,0.0,0.0,0.0,0.0,0.0,0,0.0,0.0
388,0,22,0,0,0,0,0.0,0.0,0.0,0.0,0.0,0.0,0,0.0,0.0
389,0,1,0,0,0,0,0.0,0.0,0.0,0.0,0.0,0.0,0,0.0,0.0
390,0,33,0,0,0,0,0.0,0.0,0.0,0.0,0.0,0.0,0,0.0,0.0
391,0,31,0,0,0,0,0.0,0.0,0.0,0.0,0.0,0.0,0,0.0,0.0
392,9,2,2,9,2,7,0.2222222222222222,0.7777777777777778,0.2222222222222222,0.003104806934594169,0.0,0.0,2,1.0,2.095903274289385
393,0,2,0,0,0,0,0.0,0.0,0.0,0.0,0.0,0.0,0,0.0,0.0
394,6,17,1,6,2,4,0.3333333333333333,0.6666666666666667,0.5,0.006852159468438538,5.0,0.03333333333333333,0,0.0,0.6732387083908185
395,1,2,1,1,0,1,0.0,1.0,0.0,0.0,0.0,0.0,1,1.0,0.6309297535714574
396,1,39,1,1,0,1,0.0,1.0,0.0,0.0,0.0,0.0,1,1.0,0.18790182470910757
397,0,25,0,0,0,0,0.0,0.0,0.0,0.0,0.0,0.0,0,0.0,0.0
398,25,37,7,25,16,9,0.64,0.36,1.2,0.021388402566317494,0.8571428571428571,0.021356853256781525,3,0.42857142857142855,0.8956754273186898
399,0,33,0,0,0,0,0.0,0.0,0.0,0.0,0.0,0.0,0,0.0,0.0
400,0,1,0,0,0,0,0.0,0.0,0.0,0.0,0.0,0.0,0,0.0,0.0
401,2,10,1,2,2,0,1.0,0.0,2.5,0.03199131306381557,1.0,0.006666666666666667,0,0.0,0.45815690999132624
402,7,12,2,7,4,3,0.5714285714285714,0.4285714285714286,1.1428571428571428,0.014606946732849966,0.0,0.0,2,1.0,0.8107144632819592
403,6,32,1,6,5,1,0.8333333333333334,0.16666666666666663,3.0,0.03431124017117821,2.0,0.05,0,0.0,0.5565296556198991
404,2,7,1,2,0,2,0.0,1.0,0.0,0.0,1.0,0.058823529411764705,0,0.0,0.5283208335737188
405,19,35,5,19,13,6,0.6842105263157895,0.3157894736842105,1.736842105263158,0.02187908684846689,1.6,0.0341843564735131,2,0.4,0.8359750080865052
406,0,1,0,0,0,0,0.0,0.0,0.0,0.0,0.0,0.0,0,0.0,0.0
407,26,20,7,26,19,7,0.7307692307692307,0.2692307692307693,1.5384615384615385,0.025376147896513237,1.8571428571428572,0.03521967085360365,0,0.0,1.0825464201435906
408,0,1,0,0,0,0,0.0,0.0,0.0,0.0,0.0,0.0,0,0.0,0.0
409,30,38,8,30,21,9,0.7,0.30000000000000004,1.8,0.024893357498431523,2.625,0.030548646464396555,1,0.125,0.9373357230423479
410,0,28,0,0,0,0,0.0,0.0,0.0,0.0,0.0,0.0,0,0.0,0.0
411,0,37,0,0,0,0,0.0,0.0,0.0,0.0,0.0,0.0,0,0.0,0.0
412,0,3,0,0,0,0,0.0,0.0,0.0,0.0,0.0,0.0,0,0.0,0.0
413,0,34,0,0,0,0,0.0,0.0,0.0,0.0,0.0,0.0,0,0.0,0.0
414,0,38,0,0,0,0,0.0,0.0,0.0,0.0,0.0,0.0,0,0.0,0.0
415,0,3,0,0,0,0,0.0,0.0,0.0,0.0,0.0,0.0,0,0.0,0.0
416,0,39,0,0,0,0,0.0,0.0,0.0,0.0,0.0,0.0,0,0.0,0.0
417,7,10,1,7,3,4,0.42857142857142855,0.5714285714285714,0.5714285714285714,0.005397753643367678,0.0,0.0,1,1.0,0.8671944789536634
418,0,2,0,0,0,0,0.0,0.0,0.0,0.0,0.0,0.0,0,0.0,0.0
419,0,1,0,0,0,0,0.0,0.0,0.0,0.0,0.0,0.0,0,0.0,0.0
420,27,4,8,27,2,25,0.07407407407407407,0.9259259259259259,0.07407407407407407,0.0014753267441439484,0.0,0.0,8,1.0,2.0704150712689535
421,0,32,0,0,0,0,0.0,0.0,0.0,0.0,0.0,0.0,0,0.0,0.0
422,0,26,0,0,0,0,0.0,0.0,0.0,0.0,0.0,0.0,0,0.0,0.0
423,12,4,4,12,2,10,0.16666666666666666,0.8333333333333334,0.16666666666666666,0.0016666666666666668,0.0,0.0,4,1.0,1.5936926411670824
424,7,5,2,7,5,2,0.7142857142857143,0.2857142857142857,1.4285714285714286,0.016133253719460616,1.0,0.0067117117117117125,0,0.0,1.1605584217036247
425,0,35,0,0,0,0,0.0,0.0,0.0,0.0,0.0,0.0,0,0.0,0.0
426,0,2,0,0,0,0,0.0,0.0,0.0,0.0,0.0,0.0,0,0.0,0.0
427,0,34,0,0,0,0,0.0,0.0,0.0,0.0,0.0,0.0,0,0.0,0.0
428,0,34,0,0,0,0,0.0,0.0,0.0,0.0,0.0,0.0,0,0.0,0.0
429,3,33,1,3,2,1,0.6666666666666666,0.33333333333333337,2.6666666666666665,0.04508611955420466,3.0,0.02,0,0.0,0.39312326446564516
430,0,1,0,0,0,0,0.0,0.0,0.0,0.0,0.0,0.0,0,0.0,0.0
431,1,38,1,1,1,0,1.0,0.0,6.0,0.04081632653061224,1.0,0.03225806451612903,0,0.0,0.18920035951687003
432,4,10,1,4,0,4,0.0,1.0,0.0,0.0,1.0,0.06666666666666667,0,0.0,0.6711877414712396
433,0,39,0,0,0,0,0.0,0.0,0.0,0.0,0.0,0.0,0,0.0,0.0
434,34,35,10,34,11,23,0.3235294117647059,0.6764705882352942,0.5,0.009442928356692084,0.5,0.013370455770199444,6,0.6,0.9921387671028095
435,0,35,0,0,0,0,0.0,0.0,0.0,0.0,0.0,0.0,0,0.0,0.0
436,0,36,0,0,0,0,0.0,0.0,0.0,0.0,0.0,0.0,0,0.0,0.0
437,17,33,4,17,7,10,0.4117647058823529,0.5882352941176471,0.6470588235294118,0.010260297428626991,0.5,0.007936507936507936,3,0.75,0.819647264571956
438,0,37,0,0,0,0,0.0,0.0,0.0,0.0,0.0,0.0,0,0.0,0.0
439,0,4,0,0,0,0,0.0,0.0,0.0,0.0,0.0,0.0,0,0.0,0.0
440,0,35,0,0,0,0,0.0,0.0,0.0,0.0,0.0,0.0,0,0.0,0.0
441,0,3,0,0,0,0,0.0,0.0,0.0,0.0,0.0,0.0,0,0.0,0.0
442,7,1,2,7,0,7,0.0,1.0,0.0,0.0,0.0,0.0,2,1.0,3.0
443,3,18,1,3,2,1,0.6666666666666666,0.33333333333333337,1.0,0.037606837606837605,0.0,0.0,1,1.0,0.4708178267332765
444,8,1,2,8,1,7,0.125,0.875,0.125,0.002232142857142857,0.0,0.0,2,1.0,3.1699250014423126
445,0,1,0,0,0,0,0.0,0.0,0.0,0.0,0.0,0.0,0,0.0,0.0
446,0,5,0,0,0,0,0.0,0.0,0.0,0.0,0.0,0.0,0,0.0,0.0
447,0,14,0,0,0,0,0.0,0.0,0.0,0.0,0.0,0.0,0,0.0,0.0
448,0,7,0,0,0,0,0.0,0.0,0.0,0.0,0.0,0.0,0,0.0,0.0
449,0,5,0,0,0,0,0.0,0.0,0.0,0.0,0.0,0.0,0,0.0,0.0
450,0,4,0,0,0,0,0.0,0.0,0.0,0.0,0.0,0.0,0,0.0,0.0
451,0,11,0,0,0,0,0.0,0.0,0.0,0.0,0.0,0.0,0,0.0,0.0
452,0,27,0,0,0,0,0.0,0.0,0.0,0.0,0.0,0.0,0,0.0,0.0
453,6,30,1,6,6,0,1.0,0.0,5.166666666666667,0.08785996612083569,1.0,0.08333333333333333,0,0.0,0.5666620267290895
454,20,27,6,20,10,10,0.5,0.5,1.25,0.04863093087820168,2.0,0.041069865765281786,0,0.0,0.9136661415668468
455,10,3,3,10,2,8,0.2,0.8,0.3,0.0022427721088435376,0.0,0.0,3,1.0,1.7297158093186489
456,3,35,1,3,1,2,0.3333333333333333,0.6666666666666667,1.6666666666666667,0.02032520325203252,3.0,0.02,0,0.0,0.3868528072345416
457,0,36,0,0,0,0,0.0,0.0,0.0,0.0,0.0,0.0,0,0.0,0.0
458,0,16,0,0,0,0,0.0,0.0,0.0,0.0,0.0,0.0,0,0.0,0.0
459,0,38,0,0,0,0,0.0,0.0,0.0,0.0,0.0,0.0,0,0.0,0.0
460,0,35,0,0,0,0,0.0,0.0,0.0,0.0,0.0,0.0,0,0.0,0.0
461,0,1,0,0,0,0,0.0,0.0,0.0,0.0,0.0,0.0,0,0.0,0.0
462,0,10,0,0,0,0,0.0,0.0,0.0,0.0,0.0,0.0,0,0.0,0.0
463,0,31,0,0,0,0,0.0,0.0,0.0,0.0,0.0,0.0,0,0.0,0.0
464,0,3,0,0,0,0,0.0,0.0,0.0,0.0,0.0,0.0,0,0.0,0.0
465,0,1,0,0,0,0,0.0,0.0,0.0,0.0,0.0,0.0,0,0.0,0.0
466,0,1,0,0,0,0,0.0,0.0,0.0,0.0,0.0,0.0,0,0.0,0.0
467,0,6,0,0,0,0,0.0,0.0,0.0,0.0,0.0,0.0,0,0.0,0.0
468,0,2,0,0,0,0,0.0,0.0,0.0,0.0,0.0,0.0,0,0.0,0.0
469,0,33,0,0,0,0,0.0,0.0,0.0,0.0,0.0,0.0,0,0.0,0.0
470,0,5,0,0,0,0,0.0,0.0,0.0,0.0,0.0,0.0,0,0.0,0.0
471,0,7,0,0,0,0,0.0,0.0,0.0,0.0,0.0,0.0,0,0.0,0.0
472,0,37,0,0,0,0,0.0,0.0,0.0,0.0,0.0,0.0,0,0.0,0.0
473,0,3,0,0,0,0,0.0,0.0,0.0,0.0,0.0,0.0,0,0.0,0.0
474,0,1,0,0,0,0,0.0,0.0,0.0,0.0,0.0,0.0,0,0.0,0.0
475,0,25,0,0,0,0,0.0,0.0,0.0,0.0,0.0,0.0,0,0.0,0.0
476,0,1,0,0,0,0,0.0,0.0,0.0,0.0,0.0,0.0,0,0.0,0.0
477,0,35,0,0,0,0,0.0,0.0,0.0,0.0,0.0,0.0,0,0.0,0.0
478,8,11,2,8,3,5,0.375,0.625,0.5,0.008227723744965124,0.5,0.05555555555555555,1,0.5,0.8842282173954806
479,1,38,1,1,1,0,1.0,0.0,1.0,0.012658227848101266,0.0,0.0,1,1.0,0.18920035951687003
480,0,1,0,0,0,0,0.0,0.0,0.0,0.0,0.0,0.0,0,0.0,0.0
481,0,1,0,0,0,0,0.0,0.0,0.0,0.0,0.0,0.0,0,0.0,0.0
482,0,16,0,0,0,0,0.0,0.0,0.0,0.0,0.0,0.0,0,0.0,0.0
483,0,3,0,0,0,0,0.0,0.0,0.0,0.0,0.0,0.0,0,0.0,0.0
484,1,39,1,1,0,1,0.0,1.0,0.0,0.0,1.0,0.02040816326530612,0,0.0,0.18790182470910757
485,0,1,0,0,0,0,0.0,0.0,0.0,0.0,0.0,0.0,0,0.0,0.0
486,4,28,1,4,3,1,0.75,0.25,3.75,0.052336523125996806,9.0,0.11538461538461539,0,0.0,0.4779615435334546
487,0,1,0,0,0,0,0.0,0.0,0.0,0.0,0.0,0.0,0,0.0,0.0
488,2,20,1,2,1,1,0.5,0.5,1.0,0.025,0.0,0.0,1,1.0,0.3608488067145302
489,2,30,1,2,1,1,0.5,0.5,0.5,0.029411764705882353,3.0,0.07692307692307693,0,0.0,0.3199232330374462
490,17,32,5,17,16,1,0.9411764705882353,0.05882352941176472,3.6470588235294117,0.08577383100288138,4.4,0.0821598652675217,1,0.2,0.8266453617174234
491,5,39,1,5,0,5,0.0,1.0,0.0,0.0,0.0,0.0,1,1.0,0.48571917069012305
492,0,16,0,0,0,0,0.0,0.0,0.0,0.0,0.0,0.0,0,0.0,0.0
493,0,3,0,0,0,0,0.0,0.0,0.0,0.0,0.0,0.0,0,0.0,0.0
494,4,37,1,4,4,0,1.0,0.0,4.0,0.08968100398053959,3.0,0.046875,0,0.0,0.44244667803419396
495,0,2,0,0,0,0,0.0,0.0,0.0,0.0,0.0,0.0,0,0.0,0.0
496,22,37,6,22,8,14,0.36363636363636365,0.6363636363636364,1.0454545454545454,0.01992227306953803,1.8333333333333333,0.03142863067835072,2,0.3333333333333333,0.8619711199266816
497,0,33,0,0,0,0,0.0,0.0,0.0,0.0,0.0,0.0,0,0.0,0.0
498,6,31,1,6,3,3,0.5,0.5,1.0,0.018862793761681526,0.0,0.0,1,1.0,0.5614709844115208
499,19,32,6,19,5,14,0.2631578947368421,0.736842105263158,0.5789473684210527,0.007897574436558176,0.5,0.004310344827586207,5,0.8333333333333334,0.856778434163472
500,1,32,1,1,1,0,1.0,0.0,1.0,0.006711409395973154,2.0,0.04878048780487805,0,0.0,0.19823986317056053
501,8,17,2,8,3,5,0.375,0.625,0.5,0.00612551793954233,1.5,0.01,1,0.5,0.7601875334318686
502,15,30,4,15,14,1,0.9333333333333333,0.06666666666666665,3.066666666666667,0.044767741120888334,2.0,0.01860730593607306,0,0.0,0.8073963463283994
503,0,1,0,0,0,0,0.0,0.0,0.0,0.0,0.0,0.0,0,0.0,0.0
504,0,13,0,0,0,0,0.0,0.0,0.0,0.0,0.0,0.0,0,0.0,0.0
505,46,28,13,46,22,24,0.4782608695652174,0.5217391304347826,0.782608695652174,0.01774950459248666,1.2307692307692308,0.019319870017634046,6,0.46153846153846156,1.1433945207378835
506,0,1,0,0,0,0,0.0,0.0,0.0,0.0,0.0,0.0,0,0.0,0.0
507,14,16,4,14,7,7,0.5,0.5,0.7857142857142857,0.019144119979986243,0.25,0.002577319587628866,3,0.75,0.955822902212223
508,0,38,0,0,0,0,0.0,0.0,0.0,0.0,0.0,0.0,0,0.0,0.0
509,0,35,0,0,0,0,0.0,0.0,0.0,0.0,0.0,0.0,0,0.0,0.0
510,0,36,0,0,0,0,0.0,0.0,0.0,0.0,0.0,0.0,0,0.0,0.0
511,9,38,2,9,7,2,0.7777777777777778,0.2222222222222222,1.4444444444444444,0.020635327726094898,1.0,0.012987012987012988,1,0.5,0.6285099898418802
512,15,38,4,15,13,2,0.8666666666666667,0.1333333333333333,1.8666666666666667,0.01650505017018408,1.25,0.012135922330097087,3,0.75,0.7568014380674801
513,0,1,0,0,0,0,0.0,0.0,0.0,0.0,0.0,0.0,0,0.0,0.0
514,0,28,0,0,0,0,0.0,0.0,0.0,0.0,0.0,0.0,0,0.0,0.0
515,0,1,0,0,0,0,0.0,0.0,0.0,0.0,0.0,0.0,0,0.0,0.0
516,0,33,0,0,0,0,0.0,0.0,0.0,0.0,0.0,0.0,0,0.0,0.0
517,0,1,0,0,0,0,0.0,0.0,0.0,0.0,0.0,0.0,0,0.0,0.0
518,0,39,0,0,0,0,0.0,0.0,0.0,0.0,0.0,0.0,0,0.0,0.0
519,2,15,1,2,1,1,0.5,0.5,0.5,0.0033333333333333335,1.0,0.045454545454545456,0,0.0,0.3962406251802891
520,2,1,1,2,0,2,0.0,1.0,0.0,0.0,0.0,0.0,1,1.0,1.5849625007211563
521,0,3,0,0,0,0,0.0,0.0,0.0,0.0,0.0,0.0,0,0.0,0.0
522,19,6,5,19,10,9,0.5263157894736842,0.4736842105263158,0.5263157894736842,0.020511443571181922,0.6,0.017310924369747897,3,0.6,1.5395018495629604
523,0,1,0,0,0,0,0.0,0.0,0.0,0.0,0.0,0.0,0,0.0,0.0
524,0,1,0,0,0,0,0.0,0.0,0.0,0.0,0.0,0.0,0,0.0,0.0
525,10,10,2,10,0,10,0.0,1.0,0.0,0.0,0.0,0.0,2,1.0,1.0
526,0,39,0,0,0,0,0.0,0.0,0.0,0.0,0.0,0.0,0,0.0,0.0
527,0,14,0,0,0,0,0.0,0.0,0.0,0.0,0.0,0.0,0,0.0,0.0
528,39,34,11,39,8,31,0.20512820512820512,0.7948717948717949,0.28205128205128205,0.0032789599393726974,0.18181818181818182,0.0018686868686868688,9,0.8181818181818182,1.0375578959683018
529,0,4,0,0,0,0,0.0,0.0,0.0,0.0,0.0,0.0,0,0.0,0.0
530,0,3,0,0,0,0,0.0,0.0,0.0,0.0,0.0,0.0,0,0.0,0.0
531,0,33,0,0,0,0,0.0,0.0,0.0,0.0,0.0,0.0,0,0.0,0.0
532,0,5,0,0,0,0,0.0,0.0,0.0,0.0,0.0,0.0,0,0.0,0.0
533,1,1,1,1,0,1,0.0,1.0,0.0,0.0,0.0,0.0,1,1.0,1.0
534,7,2,1,7,3,4,0.42857142857142855,0.5714285714285714,0.42857142857142855,0.007889742080601522,1.0,0.01282051282051282,0,0.0,1.892789260714372
535,1,22,1,1,1,0,1.0,0.0,1.0,0.02040816326530612,3.0,0.3333333333333333,0,0.0,0.22106472945750374
536,0,5,0,0,0,0,0.0,0.0,0.0,0.0,0.0,0.0,0,0.0,0.0
537,0,38,0,0,0,0,0.0,0.0,0.0,0.0,0.0,0.0,0,0.0,0.0
538,0,1,0,0,0,0,0.0,0.0,0.0,0.0,0.0,0.0,0,0.0,0.0
539,0,1,0,0,0,0,0.0,0.0,0.0,0.0,0.0,0.0,0,0.0,0.0
540,0,9,0,0,0,0,0.0,0.0,0.0,0.0,0.0,0.0,0,0.0,0.0
541,0,12,0,0,0,0,0.0,0.0,0.0,0.0,0.0,0.0,0,0.0,0.0
542,9,2,2,9,1,8,0.1111111111111111,0.8888888888888888,0.1111111111111111,0.0011337868480725622,0.5,0.004310344827586207,1,0.5,2.095903274289385
543,0,26,0,0,0,0,0.0,0.0,0.0,0.0,0.0,0.0,0,0.0,0.0
544,0,2,0,0,0,0,0.0,0.0,0.0,0.0,0.0,0.0,0,0.0,0.0
545,0,6,0,0,0,0,0.0,0.0,0.0,0.0,0.0,0.0,0,0.0,0.0
546,0,2,0,0,0,0,0.0,0.0,0.0,0.0,0.0,0.0,0,0.0,0.0
547,0,14,0,0,0,0,0.0,0.0,0.0,0.0,0.0,0.0,0,0.0,0.0
548,2,35,1,2,2,0,1.0,0.0,2.0,0.029166666666666667,2.0,0.024390243902439025,0,0.0,0.30657359638272924
549,0,1,0,0,0,0,0.0,0.0,0.0,0.0,0.0,0.0,0,0.0,0.0
550,1,4,1,1,0,1,0.0,1.0,0.0,0.0,0.0,0.0,1,1.0,0.43067655807339306
551,0,1,0,0,0,0,0.0,0.0,0.0,0.0,0.0,0.0,0,0.0,0.0
552,0,8,0,0,0,0,0.0,0.0,0.0,0.0,0.0,0.0,0,0.0,0.0
553,13,32,4,13,9,4,0.6923076923076923,0.3076923076923077,1.6923076923076923,0.03722638713992564,2.75,0.052530550681811186,0,0.0,0.7547695187904595
554,29,39,8,29,15,14,0.5172413793103449,0.48275862068965514,0.6551724137931034,0.01167596706224166,0.5,0.01924090038314176,5,0.625,0.9220136965628004
555,0,14,0,0,0,0,0.0,0.0,0.0,0.0,0.0,0.0,0,0.0,0.0
556,0,10,0,0,0,0,0.0,0.0,0.0,0.0,0.0,0.0,0,0.0,0.0
557,0,1,0,0,0,0,0.0,0.0,0.0,0.0,0.0,0.0,0,0.0,0.0
558,0,39,0,0,0,0,0.0,0.0,0.0,0.0,0.0,0.0,0,0.0,0.0
559,7,39,2,7,3,4,0.42857142857142855,0.5714285714285714,0.42857142857142855,0.02066326530612245,2.0,0.029411764705882353,1,0.5,0.5637054741273227
560,0,1,0,0,0,0,0.0,0.0,0.0,0.0,0.0,0.0,0,0.0,0.0
561,0,12,0,0,0,0,0.0,0.0,0.0,0.0,0.0,0.0,0,0.0,0.0
562,19,27,5,19,8,11,0.42105263157894735,0.5789473684210527,1.0,0.012418019619369997,0.4,0.006882591093117408,3,0.6,0.8990241338447976
563,0,11,0,0,0,0,0.0,0.0,0.0,0.0,0.0,0.0,0,0.0,0.0
564,0,7,0,0,0,0,0.0,0.0,0.0,0.0,0.0,0.0,0,0.0,0.0
565,7,36,1,7,5,2,0.7142857142857143,0.2857142857142857,1.4285714285714286,0.018580585102837065,0.0,0.0,1,1.0,0.5758761600196804
566,1,5,1,1,0,1,0.0,1.0,0.0,0.0,0.0,0.0,1,1.0,0.3868528072345416
567,0,2,0,0,0,0,0.0,0.0,0.0,0.0,0.0,0.0,0,0.0,0.0
568,7,3,1,7,5,2,0.7142857142857143,0.2857142857142857,0.8571428571428571,0.009985479001872443,0.0,0.0,1,1.0,1.5
569,4,24,1,4,3,1,0.75,0.25,1.5,0.021371015076051048,0.0,0.0,1,1.0,0.5
570,0,5,0,0,0,0,0.0,0.0,0.0,0.0,0.0,0.0,0,0.0,0.0
571,26,30,8,26,17,9,0.6538461538461539,0.34615384615384615,2.1153846153846154,0.03980255404072511,4.5,0.05239008638004046,1,0.125,0.9597696991123384
572,0,14,0,0,0,0,0.0,0.0,0.0,0.0,0.0,0.0,0,0.0,0.0
573,8,37,2,8,3,5,0.375,0.625,0.625,0.008121286179796818,0.0,0.0,2,1.0,0.6040336863117743
574,0,15,0,0,0,0,0.0,0.0,0.0,0.0,0.0,0.0,0,0.0,0.0
575,0,1,0,0,0,0,0.0,0.0,0.0,0.0,0.0,0.0,0,0.0,0.0
576,0,1,0,0,0,0,0.0,0.0,0.0,0.0,0.0,0.0,0,0.0,0.0
577,0,8,0,0,0,0,0.0,0.0,0.0,0.0,0.0,0.0,0,0.0,0.0
578,3,2,1,3,0,3,0.0,1.0,0.0,0.0,0.0,0.0,1,1.0,1.2618595071429148
579,6,34,1,6,6,0,1.0,0.0,2.6666666666666665,0.12252830964817647,1.0,0.022727272727272728,0,0.0,0.5473191697130572
580,10,4,3,10,1,9,0.1,0.9,0.1,0.0013513513513513514,0.0,0.0,3,1.0,1.4898961024049782
581,0,29,0,0,0,0,0.0,0.0,0.0,0.0,0.0,0.0,0,0.0,0.0
582,21,36,6,21,12,9,0.5714285714285714,0.4285714285714286,1.0476190476190477,0.025937402202748767,0.0,0.0,6,1.0,0.8560267854703983
583,46,34,13,46,15,31,0.32608695652173914,0.6739130434782609,0.5,0.013542799025240027,0.6923076923076923,0.007412712507165236,7,0.5384615384615384,1.0829172095452018
584,0,39,0,0,0,0,0.0,0.0,0.0,0.0,0.0,0.0,0,0.0,0.0
585,2,17,1,2,1,1,0.5,0.5,1.5,0.03409090909090909,2.0,0.046511627906976744,0,0.0,0.3800937667159343
586,0,1,0,0,0,0,0.0,0.0,0.0,0.0,0.0,0.0,0,0.0,0.0
587,5,24,1,5,2,3,0.4,0.6,0.4,0.005575386707462179,0.0,0.0,1,1.0,0.5566413762796892
588,0,39,0,0,0,0,0.0,0.0,0.0,0.0,0.0,0.0,0,0.0,0.0
589,0,2,0,0,0,0,0.0,0.0,0.0,0.0,0.0,0.0,0,0.0,0.0
590,7,27,1,7,5,2,0.7142857142857143,0.2857142857142857,1.0,0.008047450264369042,0.0,0.0,1,1.0,0.6240437930295284
591,0,5,0,0,0,0,0.0,0.0,0.0,0.0,0.0,0.0,0,0.0,0.0
592,4,26,1,4,3,1,0.75,0.25,2.0,0.03572405973883806,0.0,0.0,1,1.0,0.4883245069059757
593,0,34,0,0,0,0,0.0,0.0,0.0,0.0,0.0,0.0,0,0.0,0.0
594,1,3,1,1,0,1,0.0,1.0,0.0,0.0,0.0,0.0,1,1.0,0.5
595,0,32,0,0,0,0,0.0,0.0,0.0,0.0,0.0,0.0,0,0.0,0.0
596,0,39,0,0,0,0,0.0,0.0,0.0,0.0,0.0,0.0,0,0.0,0.0
597,0,39,0,0,0,0,0.0,0.0,0.0,0.0,0.0,0.0,0,0.0,0.0
598,0,39,0,0,0,0,0.0,0.0,0.0,0.0,0.0,0.0,0,0.0,0.0
599,3,38,1,3,2,1,0.6666666666666666,0.33333333333333337,1.0,0.016594516594516596,0.0,0.0,1,1.0,0.37840071903374006
600,0,1,0,0,0,0,0.0,0.0,0.0,0.0,0.0,0.0,0,0.0,0.0
601,0,28,0,0,0,0,0.0,0.0,0.0,0.0,0.0,0.0,0,0.0,0.0
602,8,31,2,8,0,8,0.0,1.0,0.0,0.0,0.0,0.0,2,1.0,0.6339850002884625
603,15,2,4,15,0,15,0.0,1.0,0.0,0.0,0.0,0.0,4,1.0,2.5237190142858297
604,0,34,0,0,0,0,0.0,0.0,0.0,0.0,0.0,0.0,0,0.0,0.0
605,11,2,3,11,0,11,0.0,1.0,0.0,0.0,0.0,0.0,3,1.0,2.2618595071429146
606,0,12,0,0,0,0,0.0,0.0,0.0,0.0,0.0,0.0,0,0.0,0.0
607,0,36,0,0,0,0,0.0,0.0,0.0,0.0,0.0,0.0,0,0.0,0.0
608,0,39,0,0,0,0,0.0,0.0,0.0,0.0,0.0,0.0,0,0.0,0.0
609,0,1,0,0,0,0,0.0,0.0,0.0,0.0,0.0,0.0,0,0.0,0.0
610,70,35,20,70,35,35,0.5,0.5,0.8714285714285714,0.018990539359342067,0.95,0.011524223164893117,8,0.4,1.189523468481461
611,1,1,1,1,0,1,0.0,1.0,0.0,0.0,0.0,0.0,1,1.0,1.0
612,0,3,0,0,0,0,0.0,0.0,0.0,0.0,0.0,0.0,0,0.0,0.0
613,0,3,0,0,0,0,0.0,0.0,0.0,0.0,0.0,0.0,0,0.0,0.0
614,6,1,1,6,2,4,0.3333333333333333,0.6666666666666667,0.3333333333333333,0.002364185110663984,0.0,0.0,1,1.0,2.807354922057604
615,11,18,3,11,8,3,0.7272727272727273,0.2727272727272727,2.1818181818181817,0.027051548664970282,2.6666666666666665,0.025190542655331386,0,0.0,0.8439321267549135
616,0,2,0,0,0,0,0.0,0.0,0.0,0.0,0.0,0.0,0,0.0,0.0
617,0,1,0,0,0,0,0.0,0.0,0.0,0.0,0.0,0.0,0,0.0,0.0
618,0,35,0,0,0,0,0.0,0.0,0.0,0.0,0.0,0.0,0,0.0,0.0
619,0,17,0,0,0,0,0.0,0.0,0.0,0.0,0.0,0.0,0,0.0,0.0
620,1,12,1,1,1,0,1.0,0.0,1.0,0.013513513513513514,0.0,0.0,1,1.0,0.27023815442731974
621,0,34,0,0,0,0,0.0,0.0,0.0,0.0,0.0,0.0,0,0.0,0.0
622,4,35,1,4,4,0,1.0,0.0,1.75,0.08518679210814761,2.0,0.05263157894736842,0,0.0,0.4491222008519636
623,0,33,0,0,0,0,0.0,0.0,0.0,0.0,0.0,0.0,0,0.0,0.0
624,0,1,0,0,0,0,0.0,0.0,0.0,0.0,0.0,0.0,0,0.0,0.0
625,6,6,1,6,0,6,0.0,1.0,0.0,0.0,1.0,0.01282051282051282,0,0.0,1.0
626,0,7,0,0,0,0,0.0,0.0,0.0,0.0,0.0,0.0,0,0.0,0.0
627,0,1,0,0,0,0,0.0,0.0,0.0,0.0,0.0,0.0,0,0.0,0.0
628,0,22,0,0,0,0,0.0,0.0,0.0,0.0,0.0,0.0,0,0.0,0.0
629,17,27,4,17,9,8,0.5294117647058824,0.47058823529411764,0.8823529411764706,0.011237248955601225,0.75,0.014361300075585788,2,0.5,0.8674052715162407
630,0,1,0,0,0,0,0.0,0.0,0.0,0.0,0.0,0.0,0,0.0,0.0
631,2,5,1,2,2,0,1.0,0.0,2.5,0.034201321414691024,2.0,0.014084507042253521,0,0.0,0.6131471927654585
632,0,5,0,0,0,0,0.0,0.0,0.0,0.0,0.0,0.0,0,0.0,0.0
633,0,2,0,0,0,0,0.0,0.0,0.0,0.0,0.0,0.0,0,0.0,0.0
634,0,39,0,0,0,0,0.0,0.0,0.0,0.0,0.0,0.0,0,0.0,0.0
635,4,14,1,4,2,2,0.5,0.5,0.75,0.010500672043010754,0.0,0.0,1,1.0,0.5943161289177871
636,0,9,0,0,0,0,0.0,0.0,0.0,0.0,0.0,0.0,0,0.0,0.0
637,0,1,0,0,0,0,0.0,0.0,0.0,0.0,0.0,0.0,0,0.0,0.0
638,5,30,1,5,5,0,1.0,0.0,2.2,0.022273005795764658,2.0,0.02,0,0.0,0.521772319619546
639,0,2,0,0,0,0,0.0,0.0,0.0,0.0,0.0,0.0,0,0.0,0.0
640,0,2,0,0,0,0,0.0,0.0,0.0,0.0,0.0,0.0,0,0.0,0.0
641,7,9,2,7,2,5,0.2857142857142857,0.7142857142857143,0.2857142857142857,0.004409171075837742,1.0,0.019230769230769232,1,0.5,0.9030899869919434
642,10,6,3,10,2,8,0.2,0.8,0.3,0.0047947171978179725,0.0,0.0,3,1.0,1.2322744058673438
643,0,37,0,0,0,0,0.0,0.0,0.0,0.0,0.0,0.0,0,0.0,0.0
644,0,10,0,0,0,0,0.0,0.0,0.0,0.0,0.0,0.0,0,0.0,0.0
645,0,38,0,0,0,0,0.0,0.0,0.0,0.0,0.0,0.0,0,0.0,0.0
646,0,1,0,0,0,0,0.0,0.0,0.0,0.0,0.0,0.0,0,0.0,0.0
647,19,36,5,19,11,8,0.5789473684210527,0.42105263157894735,1.5789473684210527,0.01630128583341012,0.4,0.006267806267806267,3,0.6,0.8296317850549692
648,0,1,0,0,0,0,0.0,0.0,0.0,0.0,0.0,0.0,0,0.0,0.0
649,45,34,13,45,11,34,0.24444444444444444,0.7555555555555555,0.5111111111111111,0.00672901558809752,0.6923076923076923,0.008839308839308838,9,0.6923076923076923,1.0768682363226043
650,37,6,10,37,4,33,0.10810810810810811,0.8918918918918919,0.13513513513513514,0.00441597059244118,0.2,0.0058823529411764705,9,0.9,1.869349497710537
651,21,36,6,21,5,16,0.23809523809523808,0.7619047619047619,0.3333333333333333,0.0047486332154855464,0.3333333333333333,0.0022222222222222222,5,0.8333333333333334,0.8560267854703983
652,0,39,0,0,0,0,0.0,0.0,0.0,0.0,0.0,0.0,0,0.0,0.0
653,0,12,0,0,0,0,0.0,0.0,0.0,0.0,0.0,0.0,0,0.0,0.0
654,19,39,6,19,19,0,1.0,0.0,2.5789473684210527,0.05576290319671249,2.8333333333333335,0.027255408062930187,1,0.16666666666666666,0.8120981752908923
655,0,15,0,0,0,0,0.0,0.0,0.0,0.0,0.0,0.0,0,0.0,0.0
656,36,39,10,36,15,21,0.4166666666666667,0.5833333333333333,0.75,0.013764860656556268,1.7,0.018107751668033016,4,0.4,0.9788657931386814
657,0,1,0,0,0,0,0.0,0.0,0.0,0.0,0.0,0.0,0,0.0,0.0
658,12,36,4,12,4,8,0.3333333333333333,0.6666666666666667,0.5833333333333334,0.012477507630305426,0.75,0.017857142857142856,3,0.75,0.7103316717558003
659,0,20,0,0,0,0,0.0,0.0,0.0,0.0,0.0,0.0,0,0.0,0.0
660,0,3,0,0,0,0,0.0,0.0,0.0,0.0,0.0,0.0,0,0.0,0.0
661,0,1,0,0,0,0,0.0,0.0,0.0,0.0,0.0,0.0,0,0.0,0.0
662,0,1,0,0,0,0,0.0,0.0,0.0,0.0,0.0,0.0,0,0.0,0.0
663,0,10,0,0,0,0,0.0,0.0,0.0,0.0,0.0,0.0,0,0.0,0.0
664,0,29,0,0,0,0,0.0,0.0,0.0,0.0,0.0,0.0,0,0.0,0.0
665,0,38,0,0,0,0,0.0,0.0,0.0,0.0,0.0,0.0,0,0.0,0.0
666,0,1,0,0,0,0,0.0,0.0,0.0,0.0,0.0,0.0,0,0.0,0.0
667,7,38,2,7,3,4,0.42857142857142855,0.5714285714285714,1.7142857142857142,0.014858906525573192,3.0,0.043838604143947656,0,0.0,0.56760107855061
668,0,24,0,0,0,0,0.0,0.0,0.0,0.0,0.0,0.0,0,0.0,0.0
669,0,10,0,0,0,0,0.0,0.0,0.0,0.0,0.0,0.0,0,0.0,0.0
670,0,39,0,0,0,0,0.0,0.0,0.0,0.0,0.0,0.0,0,0.0,0.0
671,0,13,0,0,0,0,0.0,0.0,0.0,0.0,0.0,0.0,0,0.0,0.0
672,2,12,1,2,0,2,0.0,1.0,0.0,0.0,0.0,0.0,1,1.0,0.42831734103139474
673,0,1,0,0,0,0,0.0,0.0,0.0,0.0,0.0,0.0,0,0.0,0.0
674,0,8,0,0,0,0,0.0,0.0,0.0,0.0,0.0,0.0,0,0.0,0.0
675,0,37,0,0,0,0,0.0,0.0,0.0,0.0,0.0,0.0,0,0.0,0.0
676,0,3,0,0,0,0,0.0,0.0,0.0,0.0,0.0,0.0,0,0.0,0.0
677,2,17,1,2,1,1,0.5,0.5,2.5,0.017985611510791366,0.0,0.0,1,1.0,0.3800937667159343
678,0,6,0,0,0,0,0.0,0.0,0.0,0.0,0.0,0.0,0,0.0,0.0
679,0,16,0,0,0,0,0.0,0.0,0.0,0.0,0.0,0.0,0,0.0,0.0
680,0,36,0,0,0,0,0.0,0.0,0.0,0.0,0.0,0.0,0,0.0,0.0
681,59,32,16,59,40,19,0.6779661016949152,0.3220338983050848,1.694915254237288,0.029078598845452382,1.4375,0.01727386387847708,6,0.375,1.1709811834369035
682,33,39,9,33,5,28,0.15151515151515152,0.8484848484848485,0.7575757575757576,0.009654234654234655,0.4444444444444444,0.007840567227153004,5,0.5555555555555556,0.9559435510107197
683,0,38,0,0,0,0,0.0,0.0,0.0,0.0,0.0,0.0,0,0.0,0.0
684,3,4,1,3,0,3,0.0,1.0,0.0,0.0,0.0,0.0,1,1.0,0.8613531161467861
685,0,1,0,0,0,0,0.0,0.0,0.0,0.0,0.0,0.0,0,0.0,0.0
686,1,7,1,1,0,1,0.0,1.0,0.0,0.0,0.0,0.0,1,1.0,0.33333333333333337
687,0,1,0,0,0,0,0.0,0.0,0.0,0.0,0.0,0.0,0,0.0,0.0
688,0,30,0,0,0,0,0.0,0.0,0.0,0.0,0.0,0.0,0,0.0,0.0
689,5,27,1,5,5,0,1.0,0.0,3.4,0.03568513441515965,13.0,0.18840579710144928,0,0.0,0.5377099345963751
690,0,28,0,0,0,0,0.0,0.0,0.0,0.0,0.0,0.0,0,0.0,0.0
691,0,4,0,0,0,0,0.0,0.0,0.0,0.0,0.0,0.0,0,0.0,0.0
692,7,36,2,7,3,4,0.42857142857142855,0.5714285714285714,1.2857142857142858,0.02540762336680704,1.0,0.017241379310344827,1,0.5,0.5758761600196804
693,0,18,0,0,0,0,0.0,0.0,0.0,0.0,0.0,0.0,0,0.0,0.0
694,0,2,0,0,0,0,0.0,0.0,0.0,0.0,0.0,0.0,0,0.0,0.0
695,0,5,0,0,0,0,0.0,0.0,0.0,0.0,0.0,0.0,0,0.0,0.0
696,4,31,1,4,4,0,1.0,0.0,3.25,0.0544232190573654,8.0,0.06896551724137931,0,0.0,0.46438561897747244
697,0,0,0,0,0,0,0.0,0.0,0.0,0.0,0.0,0.0,0,0.0,0.0
698,3,34,1,3,0,3,0.0,1.0,0.0,0.0,0.0,0.0,1,1.0,0.3899180437875726
699,8,36,2,8,7,1,0.875,0.125,3.75,0.03393012377364739,1.0,0.006756756756756757,1,0.5,0.6084947457936597
700,0,1,0,0,0,0,0.0,0.0,0.0,0.0,0.0,0.0,0,0.0,0.0
701,0,33,0,0,0,0,0.0,0.0,0.0,0.0,0.0,0.0,0,0.0,0.0
702,70,10,20,70,13,57,0.18571428571428572,0.8142857142857143,0.22857142857142856,0.0029577311959554037,0.3,0.005920542871762384,16,0.8,1.777675582998552
703,0,36,0,0,0,0,0.0,0.0,0.0,0.0,0.0,0.0,0,0.0,0.0
704,0,3,0,0,0,0,0.0,0.0,0.0,0.0,0.0,0.0,0,0.0,0.0
705,0,1,0,0,0,0,0.0,0.0,0.0,0.0,0.0,0.0,0,0.0,0.0
706,0,1,0,0,0,0,0.0,0.0,0.0,0.0,0.0,0.0,0,0.0,0.0
707,0,1,0,0,0,0,0.0,0.0,0.0,0.0,0.0,0.0,0,0.0,0.0
708,0,7,0,0,0,0,0.0,0.0,0.0,0.0,0.0,0.0,0,0.0,0.0
709,0,2,0,0,0,0,0.0,0.0,0.0,0.0,0.0,0.0,0,0.0,0.0
710,0,3,0,0,0,0,0.0,0.0,0.0,0.0,0.0,0.0,0,0.0,0.0
711,3,39,1,3,3,0,1.0,0.0,2.0,0.015555555555555557,1.0,0.034482758620689655,0,0.0,0.37580364941821515
712,0,2,0,0,0,0,0.0,0.0,0.0,0.0,0.0,0.0,0,0.0,0.0
713,10,27,2,10,5,5,0.5,0.5,0.5,0.015278718452555151,0.0,0.0,2,1.0,0.7196122763402334
714,0,3,0,0,0,0,0.0,0.0,0.0,0.0,0.0,0.0,0,0.0,0.0
715,10,23,3,10,7,3,0.7,0.30000000000000004,1.6,0.018237964929283132,1.3333333333333333,0.016385424309122033,1,0.3333333333333333,0.7545168838552492
716,0,7,0,0,0,0,0.0,0.0,0.0,0.0,0.0,0.0,0,0.0,0.0
717,0,3,0,0,0,0,0.0,0.0,0.0,0.0,0.0,0.0,0,0.0,0.0
718,0,27,0,0,0,0,0.0,0.0,0.0,0.0,0.0,0.0,0,0.0,0.0
719,0,12,0,0,0,0,0.0,0.0,0.0,0.0,0.0,0.0,0,0.0,0.0
720,0,1,0,0,0,0,0.0,0.0,0.0,0.0,0.0,0.0,0,0.0,0.0
721,4,1,1,4,1,3,0.25,0.75,0.25,0.00211864406779661,0.0,0.0,1,1.0,2.321928094887362
722,0,1,0,0,0,0,0.0,0.0,0.0,0.0,0.0,0.0,0,0.0,0.0
723,0,2,0,0,0,0,0.0,0.0,0.0,0.0,0.0,0.0,0,0.0,0.0
724,0,1,0,0,0,0,0.0,0.0,0.0,0.0,0.0,0.0,0,0.0,0.0
725,21,37,6,21,14,7,0.6666666666666666,0.33333333333333337,1.6666666666666667,0.034431020658644874,1.1666666666666667,0.01706281327688392,1,0.16666666666666666,0.8497509935519494
726,1,37,1,1,0,1,0.0,1.0,0.0,0.0,0.0,0.0,1,1.0,0.1905514124267734
727,0,7,0,0,0,0,0.0,0.0,0.0,0.0,0.0,0.0,0,0.0,0.0
728,0,34,0,0,0,0,0.0,0.0,0.0,0.0,0.0,0.0,0,0.0,0.0
729,7,38,2,7,3,4,0.42857142857142855,0.5714285714285714,1.4285714285714286,0.029311411084810102,0.0,0.0,2,1.0,0.56760107855061
730,0,9,0,0,0,0,0.0,0.0,0.0,0.0,0.0,0.0,0,0.0,0.0
731,3,5,1,3,1,2,0.3333333333333333,0.6666666666666667,0.3333333333333333,0.023809523809523808,0.0,0.0,1,1.0,0.7737056144690831
732,0,2,0,0,0,0,0.0,0.0,0.0,0.0,0.0,0.0,0,0.0,0.0
733,0,39,0,0,0,0,0.0,0.0,0.0,0.0,0.0,0.0,0,0.0,0.0
734,2,7,1,2,1,1,0.5,0.5,0.5,0.005681818181818182,2.0,0.017094017094017096,0,0.0,0.5283208335737188
735,7,38,1,7,4,3,0.5714285714285714,0.4285714285714286,1.1428571428571428,0.04372754904669799,8.0,0.06349206349206349,0,0.0,0.56760107855061
736,1,1,1,1,0,1,0.0,1.0,0.0,0.0,0.0,0.0,1,1.0,1.0
737,1,39,1,1,0,1,0.0,1.0,0.0,0.0,0.0,0.0,1,1.0,0.18790182470910757
738,4,15,1,4,3,1,0.75,0.25,1.0,0.010220458553791887,0.0,0.0,1,1.0,0.5804820237218405
739,0,4,0,0,0,0,0.0,0.0,0.0,0.0,0.0,0.0,0,0.0,0.0
740,0,1,0,0,0,0,0.0,0.0,0.0,0.0,0.0,0.0,0,0.0,0.0
741,0,20,0,0,0,0,0.0,0.0,0.0,0.0,0.0,0.0,0,0.0,0.0
742,0,35,0,0,0,0,0.0,0.0,0.0,0.0,0.0,0.0,0,0.0,0.0
743,24,39,7,24,2,22,0.08333333333333333,0.9166666666666666,0.08333333333333333,0.0015361952861952862,0.2857142857142857,0.015087853323147441,5,0.7142857142857143,0.8725890517453545
744,52,38,15,52,18,34,0.34615384615384615,0.6538461538461539,0.8076923076923077,0.015113794506787924,0.6,0.006886376172090458,11,0.7333333333333333,1.0837246092873911
745,0,37,0,0,0,0,0.0,0.0,0.0,0.0,0.0,0.0,0,0.0,0.0
746,0,9,0,0,0,0,0.0,0.0,0.0,0.0,0.0,0.0,0,0.0,0.0
747,0,9,0,0,0,0,0.0,0.0,0.0,0.0,0.0,0.0,0,0.0,0.0
748,0,2,0,0,0,0,0.0,0.0,0.0,0.0,0.0,0.0,0,0.0,0.0
749,6,39,1,6,4,2,0.6666666666666666,0.33333333333333337,4.833333333333333,0.04948354246226586,1.0,0.02631578947368421,0,0.0,0.5275071124607182
750,0,30,0,0,0,0,0.0,0.0,0.0,0.0,0.0,0.0,0,0.0,0.0
751,0,13,0,0,0,0,0.0,0.0,0.0,0.0,0.0,0.0,0,0.0,0.0
752,42,8,12,42,11,31,0.2619047619047619,0.7380952380952381,0.2619047619047619,0.0033367574786049453,0.3333333333333333,0.0047309027777777775,10,0.8333333333333334,1.7117959422488396
753,0,23,0,0,0,0,0.0,0.0,0.0,0.0,0.0,0.0,0,0.0,0.0
754,7,1,1,7,1,6,0.14285714285714285,0.8571428571428572,0.14285714285714285,0.0014005602240896359,0.0,0.0,1,1.0,3.0
755,0,25,0,0,0,0,0.0,0.0,0.0,0.0,0.0,0.0,0,0.0,0.0
756,47,7,13,47,4,43,0.0851063829787234,0.9148936170212766,0.0851063829787234,0.0016548142935966426,0.23076923076923078,0.0037707827886399314,10,0.7692307692307693,1.8616541669070523
757,70,39,20,70,20,50,0.2857142857142857,0.7142857142857143,0.4142857142857143,0.006488817375103615,0.7,0.012958870335693925,11,0.55,1.1555487052545081
758,26,39,8,26,11,15,0.4230769230769231,0.5769230769230769,0.5769230769230769,0.013393598828821499,0.375,0.006075154101469891,6,0.75,0.8934520379430465
759,0,35,0,0,0,0,0.0,0.0,0.0,0.0,0.0,0.0,0,0.0,0.0
760,0,4,0,0,0,0,0.0,0.0,0.0,0.0,0.0,0.0,0,0.0,0.0
761,10,6,3,10,2,8,0.2,0.8,0.2,0.0020180180180180184,0.0,0.0,3,1.0,1.2322744058673438
762,0,2,0,0,0,0,0.0,0.0,0.0,0.0,0.0,0.0,0,0.0,0.0
763,0,4,0,0,0,0,0.0,0.0,0.0,0.0,0.0,0.0,0,0.0,0.0
764,0,37,0,0,0,0,0.0,0.0,0.0,0.0,0.0,0.0,0,0.0,0.0
765,38,39,11,38,10,28,0.2631578947368421,0.736842105263158,0.3684210526315789,0.006022247039894128,0.5454545454545454,0.008448748638583298,7,0.6363636363636364,0.9931367212457825
766,0,1,0,0,0,0,0.0,0.0,0.0,0.0,0.0,0.0,0,0.0,0.0
767,10,29,2,10,7,3,0.7,0.30000000000000004,2.4,0.03518620846956169,2.5,0.017857142857142856,1,0.5,0.705015029626574
768,0,3,0,0,0,0,0.0,0.0,0.0,0.0,0.0,0.0,0,0.0,0.0
769,0,2,0,0,0,0,0.0,0.0,0.0,0.0,0.0,0.0,0,0.0,0.0
770,0,2,0,0,0,0,0.0,0.0,0.0,0.0,0.0,0.0,0,0.0,0.0
771,0,1,0,0,0,0,0.0,0.0,0.0,0.0,0.0,0.0,0,0.0,0.0
772,0,6,0,0,0,0,0.0,0.0,0.0,0.0,0.0,0.0,0,0.0,0.0
773,0,38,0,0,0,0,0.0,0.0,0.0,0.0,0.0,0.0,0,0.0,0.0
774,0,2,0,0,0,0,0.0,0.0,0.0,0.0,0.0,0.0,0,0.0,0.0
775,70,39,20,70,48,22,0.6857142857142857,0.3142857142857143,1.3714285714285714,0.017989872489677372,0.8,0.012568536675216868,10,0.5,1.1555487052545081
776,2,3,1,2,0,2,0.0,1.0,0.0,0.0,1.0,0.014925373134328358,0,0.0,0.7924812503605781
777,0,15,0,0,0,0,0.0,0.0,0.0,0.0,0.0,0.0,0,0.0,0.0
778,0,0,0,0,0,0,0.0,0.0,0.0,0.0,0.0,0.0,0,0.0,0.0
779,6,39,1,6,0,6,0.0,1.0,0.0,0.0,0.0,0.0,1,1.0,0.5275071124607182
780,1,38,1,1,0,1,0.0,1.0,0.0,0.0,0.0,0.0,1,1.0,0.18920035951687003
781,7,13,2,7,5,2,0.7142857142857143,0.2857142857142857,1.0,0.02942996448938724,1.0,0.02,1,0.5,0.7879486051115806
782,0,37,0,0,0,0,0.0,0.0,0.0,0.0,0.0,0.0,0,0.0,0.0
783,8,1,2,8,1,7,0.125,0.875,0.125,0.0017857142857142857,0.0,0.0,2,1.0,3.1699250014423126
784,0,34,0,0,0,0,0.0,0.0,0.0,0.0,0.0,0.0,0,0.0,0.0
785,0,1,0,0,0,0,0.0,0.0,0.0,0.0,0.0,0.0,0,0.0,0.0
786,2,33,1,2,2,0,1.0,0.0,1.0,0.023361976369495163,3.0,0.020134228187919462,0,0.0,0.31154281616956675
787,0,5,0,0,0,0,0.0,0.0,0.0,0.0,0.0,0.0,0,0.0,0.0
788,0,3,0,0,0,0,0.0,0.0,0.0,0.0,0.0,0.0,0,0.0,0.0
789,0,32,0,0,0,0,0.0,0.0,0.0,0.0,0.0,0.0,0,0.0,0.0
790,44,29,12,44,18,26,0.4090909090909091,0.5909090909090908,0.75,0.011454344894173284,1.0833333333333333,0.0235339384024074,4,0.3333333333333333,1.1192124603806481
791,0,10,0,0,0,0,0.0,0.0,0.0,0.0,0.0,0.0,0,0.0,0.0
792,1,3,1,1,0,1,0.0,1.0,0.0,0.0,0.0,0.0,1,1.0,0.5
793,0,0,0,0,0,0,0.0,0.0,0.0,0.0,0.0,0.0,0,0.0,0.0
794,0,5,0,0,0,0,0.0,0.0,0.0,0.0,0.0,0.0,0,0.0,0.0
795,22,13,6,22,6,16,0.2727272727272727,0.7272727272727273,0.45454545454545453,0.007866813500275781,0.6666666666666666,0.011419753086419753,3,0.5,1.1881114444703123
796,11,36,3,11,8,3,0.7272727272727273,0.2727272727272727,1.7272727272727273,0.027374776045085345,1.3333333333333333,0.03244739756367663,1,0.3333333333333333,0.6881648129099501
797,0,21,0,0,0,0,0.0,0.0,0.0,0.0,0.0,0.0,0,0.0,0.0
798,0,1,0,0,0,0,0.0,0.0,0.0,0.0,0.0,0.0,0,0.0,0.0
799,0,1,0,0,0,0,0.0,0.0,0.0,0.0,0.0,0.0,0,0.0,0.0
800,0,38,0,0,0,0,0.0,0.0,0.0,0.0,0.0,0.0,0,0.0,0.0
801,0,28,0,0,0,0,0.0,0.0,0.0,0.0,0.0,0.0,0,0.0,0.0
802,0,1,0,0,0,0,0.0,0.0,0.0,0.0,0.0,0.0,0,0.0,0.0
803,0,1,0,0,0,0,0.0,0.0,0.0,0.0,0.0,0.0,0,0.0,0.0
804,0,20,0,0,0,0,0.0,0.0,0.0,0.0,0.0,0.0,0,0.0,0.0
805,0,7,0,0,0,0,0.0,0.0,0.0,0.0,0.0,0.0,0,0.0,0.0
806,0,3,0,0,0,0,0.0,0.0,0.0,0.0,0.0,0.0,0,0.0,0.0
807,0,2,0,0,0,0,0.0,0.0,0.0,0.0,0.0,0.0,0,0.0,0.0
808,10,39,2,10,4,6,0.4,0.6,0.7,0.010774879919277634,0.0,0.0,2,1.0,0.6500335135983297
809,12,13,3,12,5,7,0.4166666666666667,0.5833333333333333,1.0833333333333333,0.025972765287281416,2.0,0.04389233954451346,1,0.3333333333333333,0.9719187714029215
810,0,26,0,0,0,0,0.0,0.0,0.0,0.0,0.0,0.0,0,0.0,0.0
811,0,35,0,0,0,0,0.0,0.0,0.0,0.0,0.0,0.0,0,0.0,0.0
812,10,2,2,10,0,10,0.0,1.0,0.0,0.0,0.0,0.0,2,1.0,2.182658338644138
813,0,6,0,0,0,0,0.0,0.0,0.0,0.0,0.0,0.0,0,0.0,0.0
814,0,2,0,0,0,0,0.0,0.0,0.0,0.0,0.0,0.0,0,0.0,0.0
815,0,4,0,0,0,0,0.0,0.0,0.0,0.0,0.0,0.0,0,0.0,0.0
816,0,34,0,0,0,0,0.0,0.0,0.0,0.0,0.0,0.0,0,0.0,0.0
817,45,10,12,45,19,26,0.4222222222222222,0.5777777777777777,0.6,0.008804597674209935,0.25,0.0030753968253968253,10,0.8333333333333334,1.5966674774837133
818,0,1,0,0,0,0,0.0,0.0,0.0,0.0,0.0,0.0,0,0.0,0.0
819,6,20,1,6,4,2,0.6666666666666666,0.33333333333333337,1.5,0.017518415390755816,2.0,0.05555555555555555,0,0.0,0.6391511932854698
820,11,18,3,11,4,7,0.36363636363636365,0.6363636363636364,0.7272727272727273,0.007990929144071304,2.0,0.019268162393162393,0,0.0,0.8439321267549135
821,9,35,2,9,5,4,0.5555555555555556,0.4444444444444444,1.5555555555555556,0.01782660665639389,2.0,0.03401360544217687,0,0.0,0.6425486044692345
822,0,31,0,0,0,0,0.0,0.0,0.0,0.0,0.0,0.0,0,0.0,0.0
823,0,39,0,0,0,0,0.0,0.0,0.0,0.0,0.0,0.0,0,0.0,0.0
824,32,33,9,32,4,28,0.125,0.875,0.1875,0.0023077020430054564,0.3333333333333333,0.005840455840455841,7,0.7777777777777778,0.9915343417267494
825,0,39,0,0,0,0,0.0,0.0,0.0,0.0,0.0,0.0,0,0.0,0.0
826,1,3,1,1,0,1,0.0,1.0,0.0,0.0,0.0,0.0,1,1.0,0.5
827,0,17,0,0,0,0,0.0,0.0,0.0,0.0,0.0,0.0,0,0.0,0.0
828,0,1,0,0,0,0,0.0,0.0,0.0,0.0,0.0,0.0,0,0.0,0.0
829,0,22,0,0,0,0,0.0,0.0,0.0,0.0,0.0,0.0,0,0.0,0.0
830,0,3,0,0,0,0,0.0,0.0,0.0,0.0,0.0,0.0,0,0.0,0.0
831,0,39,0,0,0,0,0.0,0.0,0.0,0.0,0.0,0.0,0,0.0,0.0
832,0,5,0,0,0,0,0.0,0.0,0.0,0.0,0.0,0.0,0,0.0,0.0
833,8,20,2,8,6,2,0.75,0.25,1.0,0.013921348138497554,1.0,0.018140589569160995,0,0.0,0.7216976134290604
834,0,29,0,0,0,0,0.0,0.0,0.0,0.0,0.0,0.0,0,0.0,0.0
835,9,5,2,9,0,9,0.0,1.0,0.0,0.0,0.0,0.0,2,1.0,1.285097208938469
836,0,31,0,0,0,0,0.0,0.0,0.0,0.0,0.0,0.0,0,0.0,0.0
837,21,38,6,21,10,11,0.47619047619047616,0.5238095238095238,0.8571428571428571,0.011593342631356876,0.5,0.016666666666666666,4,0.6666666666666666,0.8437260654870744
838,0,38,0,0,0,0,0.0,0.0,0.0,0.0,0.0,0.0,0,0.0,0.0
839,0,11,0,0,0,0,0.0,0.0,0.0,0.0,0.0,0.0,0,0.0,0.0
840,0,34,0,0,0,0,0.0,0.0,0.0,0.0,0.0,0.0,0,0.0,0.0
841,5,34,1,5,4,1,0.8,0.19999999999999996,1.6,0.032373624148454565,2.0,0.03571428571428571,0,0.0,0.5039617607727125
842,0,1,0,0,0,0,0.0,0.0,0.0,0.0,0.0,0.0,0,0.0,0.0
843,0,3,0,0,0,0,0.0,0.0,0.0,0.0,0.0,0.0,0,0.0,0.0
844,6,34,1,6,5,1,0.8333333333333334,0.16666666666666663,1.6666666666666667,0.02926544445399511,2.0,0.07407407407407407,0,0.0,0.5473191697130572
845,2,8,1,2,2,0,1.0,0.0,1.0,0.018620689655172412,1.0,0.017241379310344827,0,0.0,0.5
846,0,6,0,0,0,0,0.0,0.0,0.0,0.0,0.0,0.0,0,0.0,0.0
847,0,1,0,0,0,0,0.0,0.0,0.0,0.0,0.0,0.0,0,0.0,0.0
848,0,18,0,0,0,0,0.0,0.0,0.0,0.0,0.0,0.0,0,0.0,0.0
849,0,2,0,0,0,0,0.0,0.0,0.0,0.0,0.0,0.0,0,0.0,0.0
850,0,1,0,0,0,0,0.0,0.0,0.0,0.0,0.0,0.0,0,0.0,0.0
851,0,10,0,0,0,0,0.0,0.0,0.0,0.0,0.0,0.0,0,0.0,0.0
852,25,38,7,25,17,8,0.68,0.31999999999999995,1.36,0.0350856947836438,1.8571428571428572,0.0683421838456566,1,0.14285714285714285,0.88932488455967
853,0,1,0,0,0,0,0.0,0.0,0.0,0.0,0.0,0.0,0,0.0,0.0
854,0,28,0,0,0,0,0.0,0.0,0.0,0.0,0.0,0.0,0,0.0,0.0
855,0,3,0,0,0,0,0.0,0.0,0.0,0.0,0.0,0.0,0,0.0,0.0
856,0,1,0,0,0,0,0.0,0.0,0.0,0.0,0.0,0.0,0,0.0,0.0
857,0,36,0,0,0,0,0.0,0.0,0.0,0.0,0.0,0.0,0,0.0,0.0
858,6,8,1,6,0,6,0.0,1.0,0.0,0.0,0.0,0.0,1,1.0,0.8856218745807111
859,0,3,0,0,0,0,0.0,0.0,0.0,0.0,0.0,0.0,0,0.0,0.0
860,14,36,4,14,8,6,0.5714285714285714,0.4285714285714286,1.5714285714285714,0.030937663997676838,1.0,0.012273223842490303,1,0.25,0.7499617179386786
861,13,18,4,13,8,5,0.6153846153846154,0.3846153846153846,0.9230769230769231,0.015152017591173393,1.5,0.021637709137709137,1,0.25,0.8962852850027022
862,0,1,0,0,0,0,0.0,0.0,0.0,0.0,0.0,0.0,0,0.0,0.0
863,0,1,0,0,0,0,0.0,0.0,0.0,0.0,0.0,0.0,0,0.0,0.0
864,0,1,0,0,0,0,0.0,0.0,0.0,0.0,0.0,0.0,0,0.0,0.0
865,70,39,20,70,16,54,0.22857142857142856,0.7714285714285715,0.3,0.00759892041734796,0.15,0.0020866454689984102,18,0.9,1.1555487052545081
866,1,39,1,1,0,1,0.0,1.0,0.0,0.0,7.0,0.0472972972972973,0,0.0,0.18790182470910757
867,5,17,1,5,3,2,0.6,0.4,0.8,0.025021533161068043,1.0,0.02127659574468085,0,0.0,0.6199062332840658
868,2,30,1,2,2,0,1.0,0.0,4.5,0.04633699633699633,5.0,0.09259259259259259,0,0.0,0.3199232330374462
869,0,1,0,0,0,0,0.0,0.0,0.0,0.0,0.0,0.0,0,0.0,0.0
870,0,35,0,0,0,0,0.0,0.0,0.0,0.0,0.0,0.0,0,0.0,0.0
871,0,15,0,0,0,0,0.0,0.0,0.0,0.0,0.0,0.0,0,0.0,0.0
872,12,39,4,12,10,2,0.8333333333333334,0.16666666666666663,2.25,0.02842075485175217,4.0,0.046553030303030304,0,0.0,0.695319375264767
873,0,13,0,0,0,0,0.0,0.0,0.0,0.0,0.0,0.0,0,0.0,0.0
874,3,10,1,3,1,2,0.3333333333333333,0.6666666666666667,0.3333333333333333,0.0024875621890547263,0.0,0.0,1,1.0,0.5781296526357756
875,6,39,1,6,0,6,0.0,1.0,0.0,0.0,1.0,0.014705882352941176,0,0.0,0.5275071124607182
876,0,39,0,0,0,0,0.0,0.0,0.0,0.0,0.0,0.0,0,0.0,0.0
877,0,20,0,0,0,0,0.0,0.0,0.0,0.0,0.0,0.0,0,0.0,0.0
878,0,11,0,0,0,0,0.0,0.0,0.0,0.0,0.0,0.0,0,0.0,0.0
879,16,35,4,16,9,7,0.5625,0.4375,1.375,0.020406787755582974,0.0,0.0,4,1.0,0.7906232373022847
880,0,15,0,0,0,0,0.0,0.0,0.0,0.0,0.0,0.0,0,0.0,0.0
881,0,23,0,0,0,0,0.0,0.0,0.0,0.0,0.0,0.0,0,0.0,0.0
882,17,35,4,17,9,8,0.5294117647058824,0.47058823529411764,0.8235294117647058,0.02448239851421342,0.5,0.009317233154442457,2,0.5,0.8065735963827292
883,28,39,8,28,7,21,0.25,0.75,0.6428571428571429,0.008050026560714225,1.375,0.016259649800133863,1,0.125,0.912823493386637
884,0,3,0,0,0,0,0.0,0.0,0.0,0.0,0.0,0.0,0,0.0,0.0
885,0,1,0,0,0,0,0.0,0.0,0.0,0.0,0.0,0.0,0,0.0,0.0
886,0,1,0,0,0,0,0.0,0.0,0.0,0.0,0.0,0.0,0,0.0,0.0
887,0,36,0,0,0,0,0.0,0.0,0.0,0.0,0.0,0.0,0,0.0,0.0
888,0,2,0,0,0,0,0.0,0.0,0.0,0.0,0.0,0.0,0,0.0,0.0
889,2,1,1,2,0,2,0.0,1.0,0.0,0.0,0.0,0.0,1,1.0,1.5849625007211563
890,5,8,1,5,1,4,0.2,0.8,0.2,0.005,0.0,0.0,1,1.0,0.8154648767857287
891,0,17,0,0,0,0,0.0,0.0,0.0,0.0,0.0,0.0,0,0.0,0.0
892,0,34,0,0,0,0,0.0,0.0,0.0,0.0,0.0,0.0,0,0.0,0.0
893,0,4,0,0,0,0,0.0,0.0,0.0,0.0,0.0,0.0,0,0.0,0.0
894,6,18,1,6,6,0,1.0,0.0,1.3333333333333333,0.019539579172934137,2.0,0.01818181818181818,0,0.0,0.6608763716360639
895,4,22,1,4,2,2,0.5,0.5,1.25,0.018922445935868754,1.0,0.019230769230769232,0,0.0,0.5132964061160518
896,0,37,0,0,0,0,0.0,0.0,0.0,0.0,0.0,0.0,0,0.0,0.0
897,1,18,1,1,1,0,1.0,0.0,2.0,0.016666666666666666,4.0,0.07407407407407407,0,0.0,0.23540891336663824
898,0,25,0,0,0,0,0.0,0.0,0.0,0.0,0.0,0.0,0,0.0,0.0
899,15,6,4,15,2,13,0.13333333333333333,0.8666666666666667,0.13333333333333333,0.0015217391304347826,0.0,0.0,4,1.0,1.4248287484320887
900,0,39,0,0,0,0,0.0,0.0,0.0,0.0,0.0,0.0,0,0.0,0.0
901,0,32,0,0,0,0,0.0,0.0,0.0,0.0,0.0,0.0,0,0.0,0.0
902,0,2,0,0,0,0,0.0,0.0,0.0,0.0,0.0,0.0,0,0.0,0.0
903,14,24,4,14,8,6,0.5714285714285714,0.4285714285714286,1.1428571428571428,0.014328338918886546,1.75,0.029420549581839903,2,0.5,0.8413030972429927
904,0,36,0,0,0,0,0.0,0.0,0.0,0.0,0.0,0.0,0,0.0,0.0
905,0,14,0,0,0,0,0.0,0.0,0.0,0.0,0.0,0.0,0,0.0,0.0
906,0,7,0,0,0,0,0.0,0.0,0.0,0.0,0.0,0.0,0,0.0,0.0
907,0,35,0,0,0,0,0.0,0.0,0.0,0.0,0.0,0.0,0,0.0,0.0
908,0,35,0,0,0,0,0.0,0.0,0.0,0.0,0.0,0.0,0,0.0,0.0
909,14,22,4,14,10,4,0.7142857142857143,0.2857142857142857,1.7142857142857142,0.028960015662149927,3.75,0.049627614389430585,0,0.0,0.8636757125382628
910,0,38,0,0,0,0,0.0,0.0,0.0,0.0,0.0,0.0,0,0.0,0.0
911,0,1,0,0,0,0,0.0,0.0,0.0,0.0,0.0,0.0,0,0.0,0.0
912,0,6,0,0,0,0,0.0,0.0,0.0,0.0,0.0,0.0,0,0.0,0.0
913,5,30,1,5,2,3,0.4,0.6,1.4,0.014829931972789114,2.0,0.019417475728155338,0,0.0,0.521772319619546
914,0,11,0,0,0,0,0.0,0.0,0.0,0.0,0.0,0.0,0,0.0,0.0
915,0,6,0,0,0,0,0.0,0.0,0.0,0.0,0.0,0.0,0,0.0,0.0
916,3,30,1,3,2,1,0.6666666666666666,0.33333333333333337,1.0,0.01521164021164021,0.0,0.0,1,1.0,0.4036981731641997
917,0,3,0,0,0,0,0.0,0.0,0.0,0.0,0.0,0.0,0,0.0,0.0
918,0,0,0,0,0,0,0.0,0.0,0.0,0.0,0.0,0.0,0,0.0,0.0
919,0,9,0,0,0,0,0.0,0.0,0.0,0.0,0.0,0.0,0,0.0,0.0
920,0,4,0,0,0,0,0.0,0.0,0.0,0.0,0.0,0.0,0,0.0,0.0
921,0,0,0,0,0,0,0.0,0.0,0.0,0.0,0.0,0.0,0,0.0,0.0
922,0,10,0,0,0,0,0.0,0.0,0.0,0.0,0.0,0.0,0,0.0,0.0
923,0,2,0,0,0,0,0.0,0.0,0.0,0.0,0.0,0.0,0,0.0,0.0
924,62,39,18,62,31,31,0.5,0.5,0.8387096774193549,0.024498068329500737,1.1111111111111112,0.023742773813276358,7,0.3888888888888889,1.1231418044227492
925,0,1,0,0,0,0,0.0,0.0,0.0,0.0,0.0,0.0,0,0.0,0.0
926,6,36,1,6,6,0,1.0,0.0,3.8333333333333335,0.06016142785919662,2.0,0.04081632653061224,0,0.0,0.5388962574422941
927,18,22,5,18,14,4,0.7777777777777778,0.2222222222222222,2.3333333333333335,0.05605801420076278,1.8,0.06738095238095237,1,0.2,0.9390669465144927
928,3,3,1,3,1,2,0.3333333333333333,0.6666666666666667,0.3333333333333333,0.012820512820512822,1.0,0.023255813953488372,0,0.0,1.0
929,0,34,0,0,0,0,0.0,0.0,0.0,0.0,0.0,0.0,0,0.0,0.0
930,0,10,0,0,0,0,0.0,0.0,0.0,0.0,0.0,0.0,0,0.0,0.0
931,2,4,1,2,0,2,0.0,1.0,0.0,0.0,2.0,0.013333333333333334,0,0.0,0.6826061944859854
932,0,4,0,0,0,0,0.0,0.0,0.0,0.0,0.0,0.0,0,0.0,0.0
933,42,26,12,42,21,21,0.5,0.5,0.7380952380952381,0.014594853924931074,1.0,0.02238242494665468,4,0.3333333333333333,1.14119729483256
934,12,18,3,12,5,7,0.4166666666666667,0.5833333333333333,0.4166666666666667,0.0038222641794070367,0.6666666666666666,0.011496395724583643,1,0.3333333333333333,0.8711164930263436
935,0,21,0,0,0,0,0.0,0.0,0.0,0.0,0.0,0.0,0,0.0,0.0
936,0,1,0,0,0,0,0.0,0.0,0.0,0.0,0.0,0.0,0,0.0,0.0
937,3,1,1,3,0,3,0.0,1.0,0.0,0.0,0.0,0.0,1,1.0,2.0
938,2,34,1,2,1,1,0.5,0.5,4.0,0.02666666666666667,5.0,0.2,0,0.0,0.3090027388789262
939,0,1,0,0,0,0,0.0,0.0,0.0,0.0,0.0,0.0,0,0.0,0.0
940,2,37,1,2,1,1,0.5,0.5,3.0,0.03488372093023256,3.0,0.05555555555555555,0,0.0,0.30201684315588717
941,0,7,0,0,0,0,0.0,0.0,0.0,0.0,0.0,0.0,0,0.0,0.0
942,0,38,0,0,0,0,0.0,0.0,0.0,0.0,0.0,0.0,0,0.0,0.0
943,0,3,0,0,0,0,0.0,0.0,0.0,0.0,0.0,0.0,0,0.0,0.0
944,0,2,0,0,0,0,0.0,0.0,0.0,0.0,0.0,0.0,0,0.0,0.0
945,0,1,0,0,0,0,0.0,0.0,0.0,0.0,0.0,0.0,0,0.0,0.0
946,0,4,0,0,0,0,0.0,0.0,0.0,0.0,0.0,0.0,0,0.0,0.0
947,40,32,12,40,19,21,0.475,0.525,0.8,0.013877105158972914,0.5833333333333334,0.008125307533322105,8,0.6666666666666666,1.0620803763246511
948,0,2,0,0,0,0,0.0,0.0,0.0,0.0,0.0,0.0,0,0.0,0.0
949,0,15,0,0,0,0,0.0,0.0,0.0,0.0,0.0,0.0,0,0.0,0.0
950,0,30,0,0,0,0,0.0,0.0,0.0,0.0,0.0,0.0,0,0.0,0.0
951,0,0,0,0,0,0,0.0,0.0,0.0,0.0,0.0,0.0,0,0.0,0.0
952,0,3,0,0,0,0,0.0,0.0,0.0,0.0,0.0,0.0,0,0.0,0.0
953,0,23,0,0,0,0,0.0,0.0,0.0,0.0,0.0,0.0,0,0.0,0.0
954,2,27,1,2,2,0,1.0,0.0,1.0,0.04262820512820513,0.0,0.0,1,1.0,0.3296953369198657
955,29,3,8,29,11,18,0.3793103448275862,0.6206896551724138,0.3793103448275862,0.006432554132445884,0.125,0.0008928571428571428,7,0.875,2.4534452978042594
956,0,33,0,0,0,0,0.0,0.0,0.0,0.0,0.0,0.0,0,0.0,0.0
957,0,9,0,0,0,0,0.0,0.0,0.0,0.0,0.0,0.0,0,0.0,0.0
958,17,35,5,17,9,8,0.5294117647058824,0.47058823529411764,1.0,0.013942493664132319,1.0,0.04740740740740741,3,0.6,0.8065735963827292
959,0,30,0,0,0,0,0.0,0.0,0.0,0.0,0.0,0.0,0,0.0,0.0
960,12,31,4,12,3,9,0.25,0.75,0.5,0.004645563650037923,1.75,0.015690023425657985,1,0.25,0.7400879436282184
961,0,8,0,0,0,0,0.0,0.0,0.0,0.0,0.0,0.0,0,0.0,0.0
962,4,37,1,4,4,0,1.0,0.0,6.0,0.10656266560678326,4.0,0.0851063829787234,0,0.0,0.44244667803419396
963,1,32,1,1,0,1,0.0,1.0,0.0,0.0,5.0,0.03571428571428571,0,0.0,0.19823986317056053
964,0,39,0,0,0,0,0.0,0.0,0.0,0.0,0.0,0.0,0,0.0,0.0
965,0,1,0,0,0,0,0.0,0.0,0.0,0.0,0.0,0.0,0,0.0,0.0
966,0,39,0,0,0,0,0.0,0.0,0.0,0.0,0.0,0.0,0,0.0,0.0
967,34,38,10,34,17,17,0.5,0.5,1.2058823529411764,0.01616807355993674,1.8,0.02269397269397269,4,0.4,0.9704621908697634
968,0,4,0,0,0,0,0.0,0.0,0.0,0.0,0.0,0.0,0,0.0,0.0
969,1,2,1,1,1,0,1.0,0.0,1.0,0.022727272727272728,0.0,0.0,1,1.0,0.6309297535714574
970,0,1,0,0,0,0,0.0,0.0,0.0,0.0,0.0,0.0,0,0.0,0.0
971,0,8,0,0,0,0,0.0,0.0,0.0,0.0,0.0,0.0,0,0.0,0.0
972,3,33,1,3,1,2,0.3333333333333333,0.6666666666666667,0.3333333333333333,0.030303030303030304,2.0,0.025974025974025976,0,0.0,0.39312326446564516
973,12,6,4,12,3,9,0.25,0.75,0.25,0.0036406758913152776,0.25,0.0043859649122807015,3,0.75,1.318123223061841
974,14,37,4,14,11,3,0.7857142857142857,0.2142857142857143,2.357142857142857,0.03376874172223759,1.75,0.04452075702075702,1,0.25,0.7444635211900812
975,0,12,0,0,0,0,0.0,0.0,0.0,0.0,0.0,0.0,0,0.0,0.0
976,4,8,1,4,1,3,0.25,0.75,0.25,0.003246753246753247,1.0,0.058823529411764705,0,0.0,0.7324867603589634
977,5,19,1,5,3,2,0.6,0.4,0.8,0.017803773232464744,0.0,0.0,1,1.0,0.5981040045018439
978,0,18,0,0,0,0,0.0,0.0,0.0,0.0,0.0,0.0,0,0.0,0.0
979,0,1,0,0,0,0,0.0,0.0,0.0,0.0,0.0,0.0,0,0.0,0.0
980,10,22,2,10,4,6,0.4,0.6,0.6,0.012687746450465654,1.0,0.007142857142857143,1,0.5,0.7647583148507885
981,0,1,0,0,0,0,0.0,0.0,0.0,0.0,0.0,0.0,0,0.0,0.0
982,0,1,0,0,0,0,0.0,0.0,0.0,0.0,0.0,0.0,0,0.0,0.0
983,6,2,1,6,3,3,0.5,0.5,0.5,0.0193001443001443,1.0,0.025,0,0.0,1.7712437491614221
984,31,24,9,31,13,18,0.41935483870967744,0.5806451612903225,0.6774193548387096,0.012551483448439944,1.3333333333333333,0.015112213892701697,5,0.5555555555555556,1.0766913951834827
985,0,1,0,0,0,0,0.0,0.0,0.0,0.0,0.0,0.0,0,0.0,0.0
986,0,1,0,0,0,0,0.0,0.0,0.0,0.0,0.0,0.0,0,0.0,0.0
987,0,32,0,0,0,0,0.0,0.0,0.0,0.0,0.0,0.0,0,0.0,0.0
988,0,1,0,0,0,0,0.0,0.0,0.0,0.0,0.0,0.0,0,0.0,0.0
989,0,35,0,0,0,0,0.0,0.0,0.0,0.0,0.0,0.0,0,0.0,0.0
990,0,1,0,0,0,0,0.0,0.0,0.0,0.0,0.0,0.0,0,0.0,0.0
991,0,1,0,0,0,0,0.0,0.0,0.0,0.0,0.0,0.0,0,0.0,0.0
992,0,10,0,0,0,0,0.0,0.0,0.0,0.0,0.0,0.0,0,0.0,0.0
993,0,21,0,0,0,0,0.0,0.0,0.0,0.0,0.0,0.0,0,0.0,0.0
994,1,18,1,1,0,1,0.0,1.0,0.0,0.0,1.0,0.012987012987012988,0,0.0,0.23540891336663824
995,0,10,0,0,0,0,0.0,0.0,0.0,0.0,0.0,0.0,0,0.0,0.0
996,7,36,1,7,5,2,0.7142857142857143,0.2857142857142857,1.0,0.03363612984106343,1.0,0.007936507936507936,0,0.0,0.5758761600196804
997,0,13,0,0,0,0,0.0,0.0,0.0,0.0,0.0,0.0,0,0.0,0.0
998,10,38,2,10,4,6,0.4,0.6,0.5,0.008801317557346101,1.0,0.006711409395973154,1,0.5,0.6545257059702043
999,0,3,0,0,0,0,0.0,0.0,0.0,0.0,0.0,0.0,0,0.0,0.0
1000,0,38,0,0,0,0,0.0,0.0,0.0,0.0,0.0,0.0,0,0.0,0.0
1001,1,4,1,1,1,0,1.0,0.0,1.0,0.0070921985815602835,0.0,0.0,1,1.0,0.43067655807339306
1002,0,3,0,0,0,0,0.0,0.0,0.0,0.0,0.0,0.0,0,0.0,0.0
1003,0,6,0,0,0,0,0.0,0.0,0.0,0.0,0.0,0.0,0,0.0,0.0
1004,6,31,1,6,1,5,0.16666666666666666,0.8333333333333334,0.16666666666666666,0.013888888888888888,0.0,0.0,1,1.0,0.5614709844115208
1005,16,9,4,16,3,13,0.1875,0.8125,0.1875,0.004929561914856032,0.0,0.0,4,1.0,1.2304489213782739
1006,2,7,1,2,0,2,0.0,1.0,0.0,0.0,0.0,0.0,1,1.0,0.5283208335737188
1007,13,7,4,13,1,12,0.07692307692307693,0.9230769230769231,0.07692307692307693,0.0016722408026755853,0.5,0.007462686567164179,3,0.75,1.2691183073525347
1008,0,21,0,0,0,0,0.0,0.0,0.0,0.0,0.0,0.0,0,0.0,0.0
1009,11,2,3,11,0,11,0.0,1.0,0.0,0.0,0.0,0.0,3,1.0,2.2618595071429146
1010,0,6,0,0,0,0,0.0,0.0,0.0,0.0,0.0,0.0,0,0.0,0.0
1011,0,32,0,0,0,0,0.0,0.0,0.0,0.0,0.0,0.0,0,0.0,0.0
1012,28,8,8,28,11,17,0.39285714285714285,0.6071428571428572,0.6785714285714286,0.014131961193568568,1.375,0.03773584760426865,2,0.25,1.5325223760553313
1013,0,5,0,0,0,0,0.0,0.0,0.0,0.0,0.0,0.0,0,0.0,0.0
1014,0,6,0,0,0,0,0.0,0.0,0.0,0.0,0.0,0.0,0,0.0,0.0
1015,0,28,0,0,0,0,0.0,0.0,0.0,0.0,0.0,0.0,0,0.0,0.0
1016,6,9,1,6,2,4,0.3333333333333333,0.6666666666666667,0.6666666666666666,0.008903133903133903,0.0,0.0,1,1.0,0.8450980400142567
1017,4,18,1,4,3,1,0.75,0.25,2.0,0.033511131725417434,2.0,0.04081632653061224,0,0.0,0.5466025697329024
1018,0,35,0,0,0,0,0.0,0.0,0.0,0.0,0.0,0.0,0,0.0,0.0
1019,0,6,0,0,0,0,0.0,0.0,0.0,0.0,0.0,0.0,0,0.0,0.0
1020,0,4,0,0,0,0,0.0,0.0,0.0,0.0,0.0,0.0,0,0.0,0.0
1021,0,1,0,0,0,0,0.0,0.0,0.0,0.0,0.0,0.0,0,0.0,0.0
1022,0,11,0,0,0,0,0.0,0.0,0.0,0.0,0.0,0.0,0,0.0,0.0
1023,20,38,6,20,15,5,0.75,0.25,1.55,0.044288024543857614,2.6666666666666665,0.042729970229970236,1,0.16666666666666666,0.8310280355019535
1024,7,1,1,7,0,7,0.0,1.0,0.0,0.0,0.0,0.0,1,1.0,3.0
1025,0,20,0,0,0,0,0.0,0.0,0.0,0.0,0.0,0.0,0,0.0,0.0
1026,32,28,9,32,20,12,0.625,0.375,1.21875,0.02542352974329131,0.7777777777777778,0.03302320111289706,2,0.2222222222222222,1.0383725511519803
1027,0,4,0,0,0,0,0.0,0.0,0.0,0.0,0.0,0.0,0,0.0,0.0
1028,0,9,0,0,0,0,0.0,0.0,0.0,0.0,0.0,0.0,0,0.0,0.0
1029,10,2,2,10,2,8,0.2,0.8,0.2,0.006703296703296703,0.5,0.004166666666666667,1,0.5,2.182658338644138
1030,0,39,0,0,0,0,0.0,0.0,0.0,0.0,0.0,0.0,0,0.0,0.0
1031,7,2,1,7,0,7,0.0,1.0,0.0,0.0,0.0,0.0,1,1.0,1.892789260714372
1032,2,21,1,2,0,2,0.0,1.0,0.0,0.0,3.0,0.025,0,0.0,0.35541805240316376
1033,0,37,0,0,0,0,0.0,0.0,0.0,0.0,0.0,0.0,0,0.0,0.0
1034,0,15,0,0,0,0,0.0,0.0,0.0,0.0,0.0,0.0,0,0.0,0.0
1035,27,38,8,27,8,19,0.2962962962962963,0.7037037037037037,0.4074074074074074,0.004515402788721882,0.25,0.0026041666666666665,7,0.875,0.9095532795784934
1036,7,35,2,7,6,1,0.8571428571428571,0.1428571428571429,1.1428571428571428,0.01994672848996157,0.0,0.0,2,1.0,0.5802792108518123
1037,12,15,3,12,4,8,0.3333333333333333,0.6666666666666667,0.5,0.005257255897636211,0.6666666666666666,0.010144927536231883,1,0.3333333333333333,0.925109929535273
1038,0,22,0,0,0,0,0.0,0.0,0.0,0.0,0.0,0.0,0,0.0,0.0
1039,0,7,0,0,0,0,0.0,0.0,0.0,0.0,0.0,0.0,0,0.0,0.0
1040,0,1,0,0,0,0,0.0,0.0,0.0,0.0,0.0,0.0,0,0.0,0.0
1041,4,38,1,4,1,3,0.25,0.75,0.25,0.016666666666666666,0.0,0.0,1,1.0,0.4393096303250101
1042,0,2,0,0,0,0,0.0,0.0,0.0,0.0,0.0,0.0,0,0.0,0.0
1043,0,1,0,0,0,0,0.0,0.0,0.0,0.0,0.0,0.0,0,0.0,0.0
1044,1,39,1,1,0,1,0.0,1.0,0.0,0.0,0.0,0.0,1,1.0,0.18790182470910757
1045,0,1,0,0,0,0,0.0,0.0,0.0,0.0,0.0,0.0,0,0.0,0.0
1046,0,2,0,0,0,0,0.0,0.0,0.0,0.0,0.0,0.0,0,0.0,0.0
1047,16,27,4,16,8,8,0.5,0.5,0.6875,0.017445777162149446,1.25,0.023195702771846807,0,0.0,0.8502519384403716
1048,0,37,0,0,0,0,0.0,0.0,0.0,0.0,0.0,0.0,0,0.0,0.0
1049,0,10,0,0,0,0,0.0,0.0,0.0,0.0,0.0,0.0,0,0.0,0.0
1050,0,18,0,0,0,0,0.0,0.0,0.0,0.0,0.0,0.0,0,0.0,0.0
1051,0,4,0,0,0,0,0.0,0.0,0.0,0.0,0.0,0.0,0,0.0,0.0
1052,0,13,0,0,0,0,0.0,0.0,0.0,0.0,0.0,0.0,0,0.0,0.0
1053,0,33,0,0,0,0,0.0,0.0,0.0,0.0,0.0,0.0,0,0.0,0.0
1054,0,34,0,0,0,0,0.0,0.0,0.0,0.0,0.0,0.0,0,0.0,0.0
1055,2,38,1,2,1,1,0.5,0.5,1.5,0.01,0.0,0.0,1,1.0,0.2998754749572002
1056,0,14,0,0,0,0,0.0,0.0,0.0,0.0,0.0,0.0,0,0.0,0.0
1057,3,5,1,3,0,3,0.0,1.0,0.0,0.0,1.0,0.009523809523809525,0,0.0,0.7737056144690831
1058,7,29,2,7,5,2,0.7142857142857143,0.2857142857142857,1.1428571428571428,0.033425523319375594,1.5,0.0265113137453563,0,0.0,0.6113851412715186
1059,0,2,0,0,0,0,0.0,0.0,0.0,0.0,0.0,0.0,0,0.0,0.0
1060,0,5,0,0,0,0,0.0,0.0,0.0,0.0,0.0,0.0,0,0.0,0.0
1061,0,1,0,0,0,0,0.0,0.0,0.0,0.0,0.0,0.0,0,0.0,0.0
1062,0,11,0,0,0,0,0.0,0.0,0.0,0.0,0.0,0.0,0,0.0,0.0
1063,0,35,0,0,0,0,0.0,0.0,0.0,0.0,0.0,0.0,0,0.0,0.0
1064,0,34,0,0,0,0,0.0,0.0,0.0,0.0,0.0,0.0,0,0.0,0.0
1065,0,2,0,0,0,0,0.0,0.0,0.0,0.0,0.0,0.0,0,0.0,0.0
1066,18,37,5,18,5,13,0.2777777777777778,0.7222222222222222,0.3888888888888889,0.006982314383312072,0.2,0.0064516129032258064,4,0.8,0.8094485875732266
1067,0,1,0,0,0,0,0.0,0.0,0.0,0.0,0.0,0.0,0,0.0,0.0
1068,0,2,0,0,0,0,0.0,0.0,0.0,0.0,0.0,0.0,0,0.0,0.0
1069,0,3,0,0,0,0,0.0,0.0,0.0,0.0,0.0,0.0,0,0.0,0.0
1070,0,1,0,0,0,0,0.0,0.0,0.0,0.0,0.0,0.0,0,0.0,0.0
1071,0,3,0,0,0,0,0.0,0.0,0.0,0.0,0.0,0.0,0,0.0,0.0
1072,0,28,0,0,0,0,0.0,0.0,0.0,0.0,0.0,0.0,0,0.0,0.0
1073,0,4,0,0,0,0,0.0,0.0,0.0,0.0,0.0,0.0,0,0.0,0.0
1074,0,26,0,0,0,0,0.0,0.0,0.0,0.0,0.0,0.0,0,0.0,0.0
1075,70,38,20,70,31,39,0.44285714285714284,0.5571428571428572,0.7428571428571429,0.017475153018313587,1.15,0.017307083911981998,10,0.5,1.1635343659481219
1076,0,35,0,0,0,0,0.0,0.0,0.0,0.0,0.0,0.0,0,0.0,0.0
1077,0,39,0,0,0,0,0.0,0.0,0.0,0.0,0.0,0.0,0,0.0,0.0
1078,3,25,1,3,2,1,0.6666666666666666,0.33333333333333337,1.3333333333333333,0.03756613756613756,1.0,0.06666666666666667,0,0.0,0.4254921071067263
1079,1,14,1,1,0,1,0.0,1.0,0.0,0.0,1.0,0.007633587786259542,0,0.0,0.2559580248098155
1080,0,1,0,0,0,0,0.0,0.0,0.0,0.0,0.0,0.0,0,0.0,0.0
1081,0,36,0,0,0,0,0.0,0.0,0.0,0.0,0.0,0.0,0,0.0,0.0
1082,0,39,0,0,0,0,0.0,0.0,0.0,0.0,0.0,0.0,0,0.0,0.0
1083,0,31,0,0,0,0,0.0,0.0,0.0,0.0,0.0,0.0,0,0.0,0.0
1084,0,3,0,0,0,0,0.0,0.0,0.0,0.0,0.0,0.0,0,0.0,0.0
1085,0,0,0,0,0,0,0.0,0.0,0.0,0.0,0.0,0.0,0,0.0,0.0
1086,0,3,0,0,0,0,0.0,0.0,0.0,0.0,0.0,0.0,0,0.0,0.0
1087,0,4,0,0,0,0,0.0,0.0,0.0,0.0,0.0,0.0,0,0.0,0.0
1088,1,39,1,1,1,0,1.0,0.0,1.0,0.006666666666666667,0.0,0.0,1,1.0,0.18790182470910757
1089,0,37,0,0,0,0,0.0,0.0,0.0,0.0,0.0,0.0,0,0.0,0.0
1090,0,23,0,0,0,0,0.0,0.0,0.0,0.0,0.0,0.0,0,0.0,0.0
1091,0,13,0,0,0,0,0.0,0.0,0.0,0.0,0.0,0.0,0,0.0,0.0
1092,0,15,0,0,0,0,0.0,0.0,0.0,0.0,0.0,0.0,0,0.0,0.0
1093,0,14,0,0,0,0,0.0,0.0,0.0,0.0,0.0,0.0,0,0.0,0.0
1094,0,5,0,0,0,0,0.0,0.0,0.0,0.0,0.0,0.0,0,0.0,0.0
1095,0,5,0,0,0,0,0.0,0.0,0.0,0.0,0.0,0.0,0,0.0,0.0
1096,0,31,0,0,0,0,0.0,0.0,0.0,0.0,0.0,0.0,0,0.0,0.0
1097,0,25,0,0,0,0,0.0,0.0,0.0,0.0,0.0,0.0,0,0.0,0.0
1098,0,21,0,0,0,0,0.0,0.0,0.0,0.0,0.0,0.0,0,0.0,0.0
1099,0,24,0,0,0,0,0.0,0.0,0.0,0.0,0.0,0.0,0,0.0,0.0
1100,3,16,1,3,1,2,0.3333333333333333,0.6666666666666667,0.6666666666666666,0.014184397163120567,0.0,0.0,1,1.0,0.489301084236452
1101,0,3,0,0,0,0,0.0,0.0,0.0,0.0,0.0,0.0,0,0.0,0.0
1102,0,1,0,0,0,0,0.0,0.0,0.0,0.0,0.0,0.0,0,0.0,0.0
1103,0,1,0,0,0,0,0.0,0.0,0.0,0.0,0.0,0.0,0,0.0,0.0
1104,0,1,0,0,0,0,0.0,0.0,0.0,0.0,0.0,0.0,0,0.0,0.0
1105,0,11,0,0,0,0,0.0,0.0,0.0,0.0,0.0,0.0,0,0.0,0.0
1106,0,1,0,0,0,0,0.0,0.0,0.0,0.0,0.0,0.0,0,0.0,0.0
1107,2,39,1,2,1,1,0.5,0.5,1.0,0.006666666666666667,0.0,0.0,1,1.0,0.2978173459810155
1108,8,6,2,8,1,7,0.125,0.875,0.125,0.00390625,0.0,0.0,2,1.0,1.1291500681071593
1109,0,4,0,0,0,0,0.0,0.0,0.0,0.0,0.0,0.0,0,0.0,0.0
1110,0,4,0,0,0,0,0.0,0.0,0.0,0.0,0.0,0.0,0,0.0,0.0
1111,0,36,0,0,0,0,0.0,0.0,0.0,0.0,0.0,0.0,0,0.0,0.0
1112,32,38,9,32,13,19,0.40625,0.59375,0.96875,0.014916931980681844,0.8888888888888888,0.0166563414008319,5,0.5555555555555556,0.9544011809274044
1113,0,2,0,0,0,0,0.0,0.0,0.0,0.0,0.0,0.0,0,0.0,0.0
1114,0,6,0,0,0,0,0.0,0.0,0.0,0.0,0.0,0.0,0,0.0,0.0
1115,14,10,4,14,6,8,0.42857142857142855,0.5714285714285714,0.8571428571428571,0.01819673208149575,0.75,0.009615384615384616,3,0.75,1.1293446514625658
1116,3,15,1,3,2,1,0.6666666666666666,0.33333333333333337,0.6666666666666666,0.013784461152882205,0.0,0.0,1,1.0,0.5
1117,14,11,4,14,7,7,0.5,0.5,0.7857142857142857,0.012128126193363955,0.5,0.008620689655172414,3,0.75,1.0897995710757373
1118,0,13,0,0,0,0,0.0,0.0,0.0,0.0,0.0,0.0,0,0.0,0.0
1119,0,0,0,0,0,0,0.0,0.0,0.0,0.0,0.0,0.0,0,0.0,0.0
1120,1,18,1,1,0,1,0.0,1.0,0.0,0.0,0.0,0.0,1,1.0,0.23540891336663824
1121,1,3,1,1,0,1,0.0,1.0,0.0,0.0,0.0,0.0,1,1.0,0.5
1122,0,6,0,0,0,0,0.0,0.0,0.0,0.0,0.0,0.0,0,0.0,0.0
1123,0,38,0,0,0,0,0.0,0.0,0.0,0.0,0.0,0.0,0,0.0,0.0
1124,0,1,0,0,0,0,0.0,0.0,0.0,0.0,0.0,0.0,0,0.0,0.0
1125,6,2,1,6,0,6,0.0,1.0,0.0,0.0,0.0,0.0,1,1.0,1.7712437491614221
1126,0,20,0,0,0,0,0.0,0.0,0.0,0.0,0.0,0.0,0,0.0,0.0
1127,0,10,0,0,0,0,0.0,0.0,0.0,0.0,0.0,0.0,0,0.0,0.0
1128,0,2,0,0,0,0,0.0,0.0,0.0,0.0,0.0,0.0,0,0.0,0.0
1129,0,2,0,0,0,0,0.0,0.0,0.0,0.0,0.0,0.0,0,0.0,0.0
1130,0,1,0,0,0,0,0.0,0.0,0.0,0.0,0.0,0.0,0,0.0,0.0
1131,0,2,0,0,0,0,0.0,0.0,0.0,0.0,0.0,0.0,0,0.0,0.0
1132,3,38,1,3,0,3,0.0,1.0,0.0,0.0,0.0,0.0,1,1.0,0.37840071903374006
1133,0,15,0,0,0,0,0.0,0.0,0.0,0.0,0.0,0.0,0,0.0,0.0
1134,0,2,0,0,0,0,0.0,0.0,0.0,0.0,0.0,0.0,0,0.0,0.0
1135,24,38,6,24,18,6,0.75,0.25,2.375,0.03928907718925456,1.8333333333333333,0.033379642936987,1,0.16666666666666666,0.8786192606500202
1136,0,1,0,0,0,0,0.0,0.0,0.0,0.0,0.0,0.0,0,0.0,0.0
1137,7,32,1,7,6,1,0.8571428571428571,0.1428571428571429,2.857142857142857,0.043707086564229426,0.0,0.0,1,1.0,0.5947195895116816
1138,26,38,7,26,15,11,0.5769230769230769,0.42307692307692313,1.2692307692307692,0.018097030397122047,2.4285714285714284,0.047315785770373715,1,0.14285714285714285,0.8996264248716005
1139,0,1,0,0,0,0,0.0,0.0,0.0,0.0,0.0,0.0,0,0.0,0.0
1140,0,11,0,0,0,0,0.0,0.0,0.0,0.0,0.0,0.0,0,0.0,0.0
1141,0,10,0,0,0,0,0.0,0.0,0.0,0.0,0.0,0.0,0,0.0,0.0
1142,7,9,1,7,3,4,0.42857142857142855,0.5714285714285714,0.42857142857142855,0.003668430335097002,0.0,0.0,1,1.0,0.9030899869919434
1143,0,1,0,0,0,0,0.0,0.0,0.0,0.0,0.0,0.0,0,0.0,0.0
1144,0,1,0,0,0,0,0.0,0.0,0.0,0.0,0.0,0.0,0,0.0,0.0
1145,7,31,2,7,7,0,1.0,0.0,2.7142857142857144,0.06086696454643634,1.5,0.019230769230769232,1,0.5,0.6
1146,0,21,0,0,0,0,0.0,0.0,0.0,0.0,0.0,0.0,0,0.0,0.0
1147,0,34,0,0,0,0,0.0,0.0,0.0,0.0,0.0,0.0,0,0.0,0.0
1148,0,39,0,0,0,0,0.0,0.0,0.0,0.0,0.0,0.0,0,0.0,0.0
1149,0,1,0,0,0,0,0.0,0.0,0.0,0.0,0.0,0.0,0,0.0,0.0
1150,0,17,0,0,0,0,0.0,0.0,0.0,0.0,0.0,0.0,0,0.0,0.0
1151,0,10,0,0,0,0,0.0,0.0,0.0,0.0,0.0,0.0,0,0.0,0.0
1152,0,5,0,0,0,0,0.0,0.0,0.0,0.0,0.0,0.0,0,0.0,0.0
1153,14,3,4,14,2,12,0.14285714285714285,0.8571428571428572,0.14285714285714285,0.002328204008876278,0.0,0.0,4,1.0,1.9534452978042594
1154,0,34,0,0,0,0,0.0,0.0,0.0,0.0,0.0,0.0,0,0.0,0.0
1155,0,29,0,0,0,0,0.0,0.0,0.0,0.0,0.0,0.0,0,0.0,0.0
1156,0,1,0,0,0,0,0.0,0.0,0.0,0.0,0.0,0.0,0,0.0,0.0
1157,0,18,0,0,0,0,0.0,0.0,0.0,0.0,0.0,0.0,0,0.0,0.0
1158,6,39,1,6,4,2,0.6666666666666666,0.33333333333333337,1.1666666666666667,0.023204626914304333,7.0,0.04895104895104895,0,0.0,0.5275071124607182
1159,0,5,0,0,0,0,0.0,0.0,0.0,0.0,0.0,0.0,0,0.0,0.0
1160,8,18,2,8,6,2,0.75,0.25,1.0,0.015723087495249158,0.5,0.011363636363636364,1,0.5,0.746228600043274
1161,0,19,0,0,0,0,0.0,0.0,0.0,0.0,0.0,0.0,0,0.0,0.0
1162,0,22,0,0,0,0,0.0,0.0,0.0,0.0,0.0,0.0,0,0.0,0.0
1163,45,39,13,45,36,9,0.8,0.19999999999999996,1.6666666666666667,0.03203667770815279,1.1538461538461537,0.02770663742935657,5,0.38461538461538464,1.0378873704369203
1164,0,39,0,0,0,0,0.0,0.0,0.0,0.0,0.0,0.0,0,0.0,0.0
1165,14,2,4,14,2,12,0.14285714285714285,0.8571428571428572,0.14285714285714285,0.002480438815842543,0.0,0.0,4,1.0,2.464973520717927
1166,0,1,0,0,0,0,0.0,0.0,0.0,0.0,0.0,0.0,0,0.0,0.0
1167,0,3,0,0,0,0,0.0,0.0,0.0,0.0,0.0,0.0,0,0.0,0.0
1168,0,39,0,0,0,0,0.0,0.0,0.0,0.0,0.0,0.0,0,0.0,0.0
1169,41,4,12,41,1,40,0.024390243902439025,0.975609756097561,0.024390243902439025,0.0003167564143173899,0.08333333333333333,0.0007309941520467836,11,0.9166666666666666,2.322344707681546
1170,0,8,0,0,0,0,0.0,0.0,0.0,0.0,0.0,0.0,0,0.0,0.0
1171,0,7,0,0,0,0,0.0,0.0,0.0,0.0,0.0,0.0,0,0.0,0.0
1172,2,37,1,2,1,1,0.5,0.5,0.5,0.00909090909090909,1.0,0.02631578947368421,0,0.0,0.30201684315588717
1173,2,15,1,2,2,0,1.0,0.0,1.0,0.0067346938775510205,0.0,0.0,1,1.0,0.3962406251802891
1174,0,5,0,0,0,0,0.0,0.0,0.0,0.0,0.0,0.0,0,0.0,0.0
1175,6,37,1,6,4,2,0.6666666666666666,0.33333333333333337,0.8333333333333334,0.024777150431876258,2.0,0.045454545454545456,0,0.0,0.5349454455813307
1176,0,2,0,0,0,0,0.0,0.0,0.0,0.0,0.0,0.0,0,0.0,0.0
1177,0,20,0,0,0,0,0.0,0.0,0.0,0.0,0.0,0.0,0,0.0,0.0
1178,0,16,0,0,0,0,0.0,0.0,0.0,0.0,0.0,0.0,0,0.0,0.0
1179,0,9,0,0,0,0,0.0,0.0,0.0,0.0,0.0,0.0,0,0.0,0.0
1180,4,5,1,4,2,2,0.5,0.5,0.75,0.009556437071763433,0.0,0.0,1,1.0,0.8982444017039272
1181,18,37,5,18,6,12,0.3333333333333333,0.6666666666666667,0.9444444444444444,0.014864778265574995,1.4,0.012962962962962963,4,0.8,0.8094485875732266
1182,0,21,0,0,0,0,0.0,0.0,0.0,0.0,0.0,0.0,0,0.0,0.0
1183,1,38,1,1,1,0,1.0,0.0,1.0,0.007575757575757576,1.0,0.015625,0,0.0,0.18920035951687003
1184,0,2,0,0,0,0,0.0,0.0,0.0,0.0,0.0,0.0,0,0.0,0.0
1185,2,25,1,2,1,1,0.5,0.5,1.5,0.01,0.0,0.0,1,1.0,0.3371945170584955
1186,0,29,0,0,0,0,0.0,0.0,0.0,0.0,0.0,0.0,0,0.0,0.0
1187,38,12,11,38,4,34,0.10526315789473684,0.8947368421052632,0.10526315789473684,0.006351173828290532,0.18181818181818182,0.005467720685111989,9,0.8181818181818182,1.4283173410313947
1188,2,37,1,2,0,2,0.0,1.0,0.0,0.0,0.0,0.0,1,1.0,0.30201684315588717
1189,7,32,2,7,4,3,0.5714285714285714,0.4285714285714286,1.8571428571428572,0.03643759244510183,3.5,0.040671971706454466,0,0.0,0.5947195895116816
1190,0,5,0,0,0,0,0.0,0.0,0.0,0.0,0.0,0.0,0,0.0,0.0
1191,0,39,0,0,0,0,0.0,0.0,0.0,0.0,0.0,0.0,0,0.0,0.0
1192,0,9,0,0,0,0,0.0,0.0,0.0,0.0,0.0,0.0,0,0.0,0.0
1193,0,39,0,0,0,0,0.0,0.0,0.0,0.0,0.0,0.0,0,0.0,0.0
1194,0,38,0,0,0,0,0.0,0.0,0.0,0.0,0.0,0.0,0,0.0,0.0
1195,38,36,10,38,28,10,0.7368421052631579,0.26315789473684215,2.1842105263157894,0.03591561633233753,2.7,0.07392709695341274,1,0.1,1.0145790446526302
1196,0,35,0,0,0,0,0.0,0.0,0.0,0.0,0.0,0.0,0,0.0,0.0
1197,0,4,0,0,0,0,0.0,0.0,0.0,0.0,0.0,0.0,0,0.0,0.0
1198,1,1,1,1,0,1,0.0,1.0,0.0,0.0,0.0,0.0,1,1.0,1.0
1199,3,17,1,3,2,1,0.6666666666666666,0.33333333333333337,1.0,0.03458049886621315,3.0,0.037037037037037035,0,0.0,0.4796249331362629
1200,26,5,8,26,8,18,0.3076923076923077,0.6923076923076923,0.5384615384615384,0.008950158111232988,0.625,0.026384540846750147,4,0.5,1.8394415782963753
1201,1,13,1,1,1,0,1.0,0.0,2.0,0.013333333333333334,1.0,0.00909090909090909,0,0.0,0.26264953503719357
1202,0,1,0,0,0,0,0.0,0.0,0.0,0.0,0.0,0.0,0,0.0,0.0
1203,1,38,1,1,0,1,0.0,1.0,0.0,0.0,0.0,0.0,1,1.0,0.18920035951687003
1204,0,12,0,0,0,0,0.0,0.0,0.0,0.0,0.0,0.0,0,0.0,0.0
1205,0,39,0,0,0,0,0.0,0.0,0.0,0.0,0.0,0.0,0,0.0,0.0
1206,0,2,0,0,0,0,0.0,0.0,0.0,0.0,0.0,0.0,0,0.0,0.0
1207,0,7,0,0,0,0,0.0,0.0,0.0,0.0,0.0,0.0,0,0.0,0.0
1208,2,37,1,2,1,1,0.5,0.5,1.5,0.01293103448275862,2.0,0.02702702702702703,0,0.0,0.30201684315588717
1209,1,15,1,1,0,1,0.0,1.0,0.0,0.0,0.0,0.0,1,1.0,0.25
1210,16,37,4,16,10,6,0.625,0.375,1.0625,0.017393608375751234,1.25,0.01911976911976912,1,0.25,0.7788718176422045
1211,0,1,0,0,0,0,0.0,0.0,0.0,0.0,0.0,0.0,0,0.0,0.0
1212,0,17,0,0,0,0,0.0,0.0,0.0,0.0,0.0,0.0,0,0.0,0.0
1213,0,19,0,0,0,0,0.0,0.0,0.0,0.0,0.0,0.0,0,0.0,0.0
1214,0,2,0,0,0,0,0.0,0.0,0.0,0.0,0.0,0.0,0,0.0,0.0
1215,0,2,0,0,0,0,0.0,0.0,0.0,0.0,0.0,0.0,0,0.0,0.0
1216,10,38,3,10,5,5,0.5,0.5,1.8,0.01775835338144881,1.3333333333333333,0.008888888888888889,2,0.6666666666666666,0.6545257059702043
1217,0,4,0,0,0,0,0.0,0.0,0.0,0.0,0.0,0.0,0,0.0,0.0
1218,16,2,4,16,2,14,0.125,0.875,0.125,0.0013762855414398063,0.0,0.0,4,1.0,2.5789019231625656
1219,0,8,0,0,0,0,0.0,0.0,0.0,0.0,0.0,0.0,0,0.0,0.0
1220,0,35,0,0,0,0,0.0,0.0,0.0,0.0,0.0,0.0,0,0.0,0.0
1221,0,1,0,0,0,0,0.0,0.0,0.0,0.0,0.0,0.0,0,0.0,0.0
1222,0,1,0,0,0,0,0.0,0.0,0.0,0.0,0.0,0.0,0,0.0,0.0
1223,18,18,5,18,11,7,0.6111111111111112,0.38888888888888884,1.0,0.017301943327136582,0.2,0.005,4,0.8,1.0
1224,7,1,1,7,0,7,0.0,1.0,0.0,0.0,0.0,0.0,1,1.0,3.0
1225,0,37,0,0,0,0,0.0,0.0,0.0,0.0,0.0,0.0,0,0.0,0.0
1226,9,19,2,9,6,3,0.6666666666666666,0.33333333333333337,1.6666666666666667,0.015301130036421215,0.5,0.014705882352941176,1,0.5,0.768621786840241
1227,0,39,0,0,0,0,0.0,0.0,0.0,0.0,0.0,0.0,0,0.0,0.0
1228,0,16,0,0,0,0,0.0,0.0,0.0,0.0,0.0,0.0,0,0.0,0.0
1229,0,10,0,0,0,0,0.0,0.0,0.0,0.0,0.0,0.0,0,0.0,0.0
1230,0,39,0,0,0,0,0.0,0.0,0.0,0.0,0.0,0.0,0,0.0,0.0
1231,0,20,0,0,0,0,0.0,0.0,0.0,0.0,0.0,0.0,0,0.0,0.0
1232,0,23,0,0,0,0,0.0,0.0,0.0,0.0,0.0,0.0,0,0.0,0.0
1233,0,2,0,0,0,0,0.0,0.0,0.0,0.0,0.0,0.0,0,0.0,0.0
1234,0,2,0,0,0,0,0.0,0.0,0.0,0.0,0.0,0.0,0,0.0,0.0
1235,30,32,8,30,20,10,0.6666666666666666,0.33333333333333337,1.6333333333333333,0.020141391721445478,0.75,0.011581729652850342,3,0.375,0.98211919869119
1236,0,36,0,0,0,0,0.0,0.0,0.0,0.0,0.0,0.0,0,0.0,0.0
1237,0,1,0,0,0,0,0.0,0.0,0.0,0.0,0.0,0.0,0,0.0,0.0
1238,4,36,1,4,0,4,0.0,1.0,0.0,0.0,0.0,0.0,1,1.0,0.4457143450418488
1239,0,4,0,0,0,0,0.0,0.0,0.0,0.0,0.0,0.0,0,0.0,0.0
1240,0,10,0,0,0,0,0.0,0.0,0.0,0.0,0.0,0.0,0,0.0,0.0
1241,0,37,0,0,0,0,0.0,0.0,0.0,0.0,0.0,0.0,0,0.0,0.0
1242,0,6,0,0,0,0,0.0,0.0,0.0,0.0,0.0,0.0,0,0.0,0.0
1243,4,19,1,4,2,2,0.5,0.5,1.0,0.04071428571428571,2.0,0.028985507246376812,0,0.0,0.5372435736804817
1244,4,36,1,4,3,1,0.75,0.25,1.75,0.031738586616635395,2.0,0.1,0,0.0,0.4457143450418488
1245,0,17,0,0,0,0,0.0,0.0,0.0,0.0,0.0,0.0,0,0.0,0.0
1246,4,31,1,4,3,1,0.75,0.25,0.75,0.01185031451375277,0.0,0.0,1,1.0,0.46438561897747244
1247,0,3,0,0,0,0,0.0,0.0,0.0,0.0,0.0,0.0,0,0.0,0.0
1248,0,3,0,0,0,0,0.0,0.0,0.0,0.0,0.0,0.0,0,0.0,0.0
1249,0,1,0,0,0,0,0.0,0.0,0.0,0.0,0.0,0.0,0,0.0,0.0
1250,0,8,0,0,0,0,0.0,0.0,0.0,0.0,0.0,0.0,0,0.0,0.0
1251,0,2,0,0,0,0,0.0,0.0,0.0,0.0,0.0,0.0,0,0.0,0.0
1252,0,7,0,0,0,0,0.0,0.0,0.0,0.0,0.0,0.0,0,0.0,0.0
1253,0,39,0,0,0,0,0.0,0.0,0.0,0.0,0.0,0.0,0,0.0,0.0
1254,0,37,0,0,0,0,0.0,0.0,0.0,0.0,0.0,0.0,0,0.0,0.0
1255,6,31,1,6,1,5,0.16666666666666666,0.8333333333333334,0.3333333333333333,0.006060606060606061,0.0,0.0,1,1.0,0.5614709844115208
1256,27,37,8,27,15,12,0.5555555555555556,0.4444444444444444,1.3703703703703705,0.02120957246798554,0.5,0.009214458722808964,5,0.625,0.9160482704348776
1257,70,37,20,70,29,41,0.4142857142857143,0.5857142857142856,0.7571428571428571,0.014685160682145192,0.3,0.00670288524766996,15,0.75,1.1718429996890984
1258,0,1,0,0,0,0,0.0,0.0,0.0,0.0,0.0,0.0,0,0.0,0.0
1259,3,39,1,3,0,3,0.0,1.0,0.0,0.0,1.0,0.018518518518518517,0,0.0,0.37580364941821515
1260,0,37,0,0,0,0,0.0,0.0,0.0,0.0,0.0,0.0,0,0.0,0.0
1261,0,15,0,0,0,0,0.0,0.0,0.0,0.0,0.0,0.0,0,0.0,0.0
1262,0,37,0,0,0,0,0.0,0.0,0.0,0.0,0.0,0.0,0,0.0,0.0
1263,0,1,0,0,0,0,0.0,0.0,0.0,0.0,0.0,0.0,0,0.0,0.0
1264,6,31,1,6,6,0,1.0,0.0,2.0,0.0469093333519483,2.0,0.013333333333333334,0,0.0,0.5614709844115208
1265,0,1,0,0,0,0,0.0,0.0,0.0,0.0,0.0,0.0,0,0.0,0.0
1266,0,14,0,0,0,0,0.0,0.0,0.0,0.0,0.0,0.0,0,0.0,0.0
1267,0,1,0,0,0,0,0.0,0.0,0.0,0.0,0.0,0.0,0,0.0,0.0
1268,8,1,2,8,0,8,0.0,1.0,0.0,0.0,0.0,0.0,2,1.0,3.1699250014423126
1269,0,12,0,0,0,0,0.0,0.0,0.0,0.0,0.0,0.0,0,0.0,0.0
1270,0,8,0,0,0,0,0.0,0.0,0.0,0.0,0.0,0.0,0,0.0,0.0
1271,0,2,0,0,0,0,0.0,0.0,0.0,0.0,0.0,0.0,0,0.0,0.0
1272,4,5,1,4,2,2,0.5,0.5,0.5,0.012092074592074592,0.0,0.0,1,1.0,0.8982444017039272
1273,0,6,0,0,0,0,0.0,0.0,0.0,0.0,0.0,0.0,0,0.0,0.0
1274,4,12,1,4,1,3,0.25,0.75,0.5,0.0033333333333333335,0.0,0.0,1,1.0,0.6274735630753033
1275,0,37,0,0,0,0,0.0,0.0,0.0,0.0,0.0,0.0,0,0.0,0.0
1276,0,6,0,0,0,0,0.0,0.0,0.0,0.0,0.0,0.0,0,0.0,0.0
1277,0,1,0,0,0,0,0.0,0.0,0.0,0.0,0.0,0.0,0,0.0,0.0
1278,10,35,3,10,8,2,0.8,0.19999999999999996,3.0,0.05613624360976742,2.6666666666666665,0.059731379731379736,0,0.0,0.6691454165528863
1279,0,2,0,0,0,0,0.0,0.0,0.0,0.0,0.0,0.0,0,0.0,0.0
1280,0,1,0,0,0,0,0.0,0.0,0.0,0.0,0.0,0.0,0,0.0,0.0
1281,70,37,20,70,27,43,0.38571428571428573,0.6142857142857143,0.6857142857142857,0.010407607933294658,0.95,0.015573498573498573,11,0.55,1.1718429996890984
1282,0,1,0,0,0,0,0.0,0.0,0.0,0.0,0.0,0.0,0,0.0,0.0
1283,0,39,0,0,0,0,0.0,0.0,0.0,0.0,0.0,0.0,0,0.0,0.0
1284,3,2,1,3,0,3,0.0,1.0,0.0,0.0,0.0,0.0,1,1.0,1.2618595071429148
1285,2,33,1,2,0,2,0.0,1.0,0.0,0.0,0.0,0.0,1,1.0,0.31154281616956675
1286,0,6,0,0,0,0,0.0,0.0,0.0,0.0,0.0,0.0,0,0.0,0.0
1287,0,28,0,0,0,0,0.0,0.0,0.0,0.0,0.0,0.0,0,0.0,0.0
1288,14,1,4,14,1,13,0.07142857142857142,0.9285714285714286,0.07142857142857142,0.0021645021645021645,0.0,0.0,4,1.0,3.9068905956085187
1289,25,1,7,25,1,24,0.04,0.96,0.04,0.00027210884353741496,0.0,0.0,7,1.0,4.700439718141093
1290,1,39,1,1,1,0,1.0,0.0,2.0,0.015873015873015872,0.0,0.0,1,1.0,0.18790182470910757
1291,14,34,4,14,11,3,0.7857142857142857,0.2142857142857143,1.8571428571428572,0.03304791693468835,2.75,0.0553154173283393,0,0.0,0.761683569165869
1292,7,34,1,7,4,3,0.5714285714285714,0.4285714285714286,2.0,0.030511168299186733,0.0,0.0,1,1.0,0.5848770656813589
1293,37,35,10,37,9,28,0.24324324324324326,0.7567567567567568,0.6216216216216216,0.005664875748878228,0.7,0.00761111111111111,6,0.6,1.0150877453695193
1294,53,20,15,53,29,24,0.5471698113207547,0.4528301886792453,1.0377358490566038,0.025850957715800697,1.0,0.026774670559143694,8,0.5333333333333333,1.3102166688405437
1295,5,38,1,5,1,4,0.2,0.8,1.6,0.010666666666666668,5.0,0.04310344827586207,0,0.0,0.48907583447407016
1296,0,39,0,0,0,0,0.0,0.0,0.0,0.0,0.0,0.0,0,0.0,0.0
1297,0,39,0,0,0,0,0.0,0.0,0.0,0.0,0.0,0.0,0,0.0,0.0
1298,0,38,0,0,0,0,0.0,0.0,0.0,0.0,0.0,0.0,0,0.0,0.0
1299,0,2,0,0,0,0,0.0,0.0,0.0,0.0,0.0,0.0,0,0.0,0.0
1300,2,1,1,2,0,2,0.0,1.0,0.0,0.0,0.0,0.0,1,1.0,1.5849625007211563
1301,0,1,0,0,0,0,0.0,0.0,0.0,0.0,0.0,0.0,0,0.0,0.0
1302,0,6,0,0,0,0,0.0,0.0,0.0,0.0,0.0,0.0,0,0.0,0.0
1303,0,29,0,0,0,0,0.0,0.0,0.0,0.0,0.0,0.0,0,0.0,0.0
1304,0,12,0,0,0,0,0.0,0.0,0.0,0.0,0.0,0.0,0,0.0,0.0
1305,0,1,0,0,0,0,0.0,0.0,0.0,0.0,0.0,0.0,0,0.0,0.0
1306,7,6,1,7,4,3,0.5714285714285714,0.4285714285714286,0.7142857142857143,0.016677606409886313,1.0,0.02,0,0.0,1.0686215613240664
1307,10,36,2,10,7,3,0.7,0.30000000000000004,2.3,0.02694357664736944,2.5,0.030104166666666668,0,0.0,0.6640680654638381
1308,0,6,0,0,0,0,0.0,0.0,0.0,0.0,0.0,0.0,0,0.0,0.0
1309,3,37,1,3,3,0,1.0,0.0,4.0,0.04679821793915754,1.0,0.02564102564102564,0,0.0,0.3811028248535468
1310,0,38,0,0,0,0,0.0,0.0,0.0,0.0,0.0,0.0,0,0.0,0.0
1311,24,6,6,24,1,23,0.041666666666666664,0.9583333333333334,0.041666666666666664,0.0003968253968253969,0.16666666666666666,0.0030864197530864196,5,0.8333333333333334,1.6541749506938324
1312,0,2,0,0,0,0,0.0,0.0,0.0,0.0,0.0,0.0,0,0.0,0.0
1313,26,36,8,26,10,16,0.38461538461538464,0.6153846153846154,1.0769230769230769,0.021937878970846002,0.75,0.009020685934356008,3,0.375,0.9127421186904895
1314,0,33,0,0,0,0,0.0,0.0,0.0,0.0,0.0,0.0,0,0.0,0.0
1315,0,10,0,0,0,0,0.0,0.0,0.0,0.0,0.0,0.0,0,0.0,0.0
1316,0,19,0,0,0,0,0.0,0.0,0.0,0.0,0.0,0.0,0,0.0,0.0
1317,0,8,0,0,0,0,0.0,0.0,0.0,0.0,0.0,0.0,0,0.0,0.0
1318,40,37,12,40,24,16,0.6,0.4,1.55,0.03418647992880436,0.75,0.01868994870828921,6,0.5,1.0208891016298671
1319,0,1,0,0,0,0,0.0,0.0,0.0,0.0,0.0,0.0,0,0.0,0.0
1320,0,1,0,0,0,0,0.0,0.0,0.0,0.0,0.0,0.0,0,0.0,0.0
1321,17,30,4,17,11,6,0.6470588235294118,0.3529411764705882,1.8823529411764706,0.033258812728947915,1.5,0.04386363636363636,1,0.25,0.8416955526569921
1322,0,5,0,0,0,0,0.0,0.0,0.0,0.0,0.0,0.0,0,0.0,0.0
1323,0,6,0,0,0,0,0.0,0.0,0.0,0.0,0.0,0.0,0,0.0,0.0
1324,0,35,0,0,0,0,0.0,0.0,0.0,0.0,0.0,0.0,0,0.0,0.0
1325,0,9,0,0,0,0,0.0,0.0,0.0,0.0,0.0,0.0,0,0.0,0.0
1326,0,35,0,0,0,0,0.0,0.0,0.0,0.0,0.0,0.0,0,0.0,0.0
1327,15,29,4,15,9,6,0.6,0.4,1.5333333333333334,0.0183490504827036,1.5,0.022762033288349078,1,0.25,0.8151801883620247
1328,0,5,0,0,0,0,0.0,0.0,0.0,0.0,0.0,0.0,0,0.0,0.0
1329,0,38,0,0,0,0,0.0,0.0,0.0,0.0,0.0,0.0,0,0.0,0.0
1330,0,1,0,0,0,0,0.0,0.0,0.0,0.0,0.0,0.0,0,0.0,0.0
1331,5,4,1,5,1,4,0.2,0.8,0.2,0.002127659574468085,0.0,0.0,1,1.0,1.1132827525593785
1332,5,5,1,5,0,5,0.0,1.0,0.0,0.0,0.0,0.0,1,1.0,1.0
1333,11,3,3,11,2,9,0.18181818181818182,0.8181818181818181,0.18181818181818182,0.0039916570771001145,0.3333333333333333,0.0070921985815602835,2,0.6666666666666666,1.7924812503605783
1334,0,5,0,0,0,0,0.0,0.0,0.0,0.0,0.0,0.0,0,0.0,0.0
1335,0,8,0,0,0,0,0.0,0.0,0.0,0.0,0.0,0.0,0,0.0,0.0
1336,0,36,0,0,0,0,0.0,0.0,0.0,0.0,0.0,0.0,0,0.0,0.0
1337,1,6,1,1,0,1,0.0,1.0,0.0,0.0,2.0,0.08,0,0.0,0.3562071871080222
1338,10,4,3,10,1,9,0.1,0.9,0.1,0.0006711409395973154,0.0,0.0,3,1.0,1.4898961024049782
1339,0,38,0,0,0,0,0.0,0.0,0.0,0.0,0.0,0.0,0,0.0,0.0
1340,0,11,0,0,0,0,0.0,0.0,0.0,0.0,0.0,0.0,0,0.0,0.0
1341,0,16,0,0,0,0,0.0,0.0,0.0,0.0,0.0,0.0,0,0.0,0.0
1342,0,32,0,0,0,0,0.0,0.0,0.0,0.0,0.0,0.0,0,0.0,0.0
1343,0,31,0,0,0,0,0.0,0.0,0.0,0.0,0.0,0.0,0,0.0,0.0
1344,0,16,0,0,0,0,0.0,0.0,0.0,0.0,0.0,0.0,0,0.0,0.0
1345,0,1,0,0,0,0,0.0,0.0,0.0,0.0,0.0,0.0,0,0.0,0.0
1346,5,39,1,5,1,4,0.2,0.8,0.2,0.008333333333333333,0.0,0.0,1,1.0,0.48571917069012305
1347,0,1,0,0,0,0,0.0,0.0,0.0,0.0,0.0,0.0,0,0.0,0.0
1348,0,11,0,0,0,0,0.0,0.0,0.0,0.0,0.0,0.0,0,0.0,0.0
1349,2,34,1,2,2,0,1.0,0.0,2.0,0.018857431749241656,2.0,0.013333333333333334,0,0.0,0.3090027388789262
1350,0,38,0,0,0,0,0.0,0.0,0.0,0.0,0.0,0.0,0,0.0,0.0
1351,0,10,0,0,0,0,0.0,0.0,0.0,0.0,0.0,0.0,0,0.0,0.0
1352,0,37,0,0,0,0,0.0,0.0,0.0,0.0,0.0,0.0,0,0.0,0.0
1353,1,2,1,1,1,0,1.0,0.0,1.0,0.029411764705882353,0.0,0.0,1,1.0,0.6309297535714574
1354,0,22,0,0,0,0,0.0,0.0,0.0,0.0,0.0,0.0,0,0.0,0.0
1355,0,11,0,0,0,0,0.0,0.0,0.0,0.0,0.0,0.0,0,0.0,0.0
1356,0,1,0,0,0,0,0.0,0.0,0.0,0.0,0.0,0.0,0,0.0,0.0
1357,0,1,0,0,0,0,0.0,0.0,0.0,0.0,0.0,0.0,0,0.0,0.0
1358,0,1,0,0,0,0,0.0,0.0,0.0,0.0,0.0,0.0,0,0.0,0.0
1359,2,37,1,2,1,1,0.5,0.5,0.5,0.003401360544217687,0.0,0.0,1,1.0,0.30201684315588717
1360,0,38,0,0,0,0,0.0,0.0,0.0,0.0,0.0,0.0,0,0.0,0.0
1361,56,39,16,56,36,20,0.6428571428571429,0.3571428571428571,2.107142857142857,0.0330791742488536,1.25,0.015997240596530224,8,0.5,1.0960106769890874
1362,11,39,3,11,6,5,0.5454545454545454,0.4545454545454546,1.2727272727272727,0.01967578545755128,2.0,0.05537091010323101,0,0.0,0.6736209953992307
1363,0,11,0,0,0,0,0.0,0.0,0.0,0.0,0.0,0.0,0,0.0,0.0
1364,3,7,1,3,0,3,0.0,1.0,0.0,0.0,0.0,0.0,1,1.0,0.6666666666666667
1365,0,7,0,0,0,0,0.0,0.0,0.0,0.0,0.0,0.0,0,0.0,0.0
1366,0,1,0,0,0,0,0.0,0.0,0.0,0.0,0.0,0.0,0,0.0,0.0
1367,11,17,3,11,9,2,0.8181818181818182,0.18181818181818177,1.4545454545454546,0.03417401715274428,2.3333333333333335,0.03356264331874088,0,0.0,0.8597186998521973
1368,0,1,0,0,0,0,0.0,0.0,0.0,0.0,0.0,0.0,0,0.0,0.0
1369,0,39,0,0,0,0,0.0,0.0,0.0,0.0,0.0,0.0,0,0.0,0.0
1370,1,27,1,1,0,1,0.0,1.0,0.0,0.0,4.0,0.14814814814814814,0,0.0,0.20801459767650946
1371,1,12,1,1,1,0,1.0,0.0,1.0,0.027777777777777776,2.0,0.05405405405405406,0,0.0,0.27023815442731974
1372,0,1,0,0,0,0,0.0,0.0,0.0,0.0,0.0,0.0,0,0.0,0.0
1373,0,7,0,0,0,0,0.0,0.0,0.0,0.0,0.0,0.0,0,0.0,0.0
1374,0,9,0,0,0,0,0.0,0.0,0.0,0.0,0.0,0.0,0,0.0,0.0
1375,0,1,0,0,0,0,0.0,0.0,0.0,0.0,0.0,0.0,0,0.0,0.0
1376,0,1,0,0,0,0,0.0,0.0,0.0,0.0,0.0,0.0,0,0.0,0.0
1377,0,1,0,0,0,0,0.0,0.0,0.0,0.0,0.0,0.0,0,0.0,0.0
1378,5,24,1,5,4,1,0.8,0.19999999999999996,2.0,0.01779276634881764,5.0,0.0684931506849315,0,0.0,0.5566413762796892
1379,18,1,5,18,1,17,0.05555555555555555,0.9444444444444444,0.05555555555555555,0.0005291005291005291,0.0,0.0,5,1.0,4.247927513443585
1380,7,30,1,7,5,2,0.7142857142857143,0.2857142857142857,1.4285714285714286,0.03855400551829124,1.0,0.018518518518518517,0,0.0,0.6055472597462995
1381,0,32,0,0,0,0,0.0,0.0,0.0,0.0,0.0,0.0,0,0.0,0.0
1382,0,24,0,0,0,0,0.0,0.0,0.0,0.0,0.0,0.0,0,0.0,0.0
1383,0,3,0,0,0,0,0.0,0.0,0.0,0.0,0.0,0.0,0,0.0,0.0
1384,0,1,0,0,0,0,0.0,0.0,0.0,0.0,0.0,0.0,0,0.0,0.0
1385,34,36,10,34,19,15,0.5588235294117647,0.4411764705882353,1.2352941176470589,0.018558302705776783,0.6,0.012119849595741593,4,0.4,0.9846106024841429
1386,0,11,0,0,0,0,0.0,0.0,0.0,0.0,0.0,0.0,0,0.0,0.0
1387,0,10,0,0,0,0,0.0,0.0,0.0,0.0,0.0,0.0,0,0.0,0.0
1388,3,39,1,3,0,3,0.0,1.0,0.0,0.0,0.0,0.0,1,1.0,0.37580364941821515
1389,3,36,1,3,2,1,0.6666666666666666,0.33333333333333337,3.3333333333333335,0.0822463768115942,2.0,0.017699115044247787,0,0.0,0.3839174400131203
1390,2,6,1,2,1,1,0.5,0.5,1.0,0.012987012987012988,0.0,0.0,1,1.0,0.5645750340535797
1391,0,24,0,0,0,0,0.0,0.0,0.0,0.0,0.0,0.0,0,0.0,0.0
1392,0,3,0,0,0,0,0.0,0.0,0.0,0.0,0.0,0.0,0,0.0,0.0
1393,4,4,1,4,0,4,0.0,1.0,0.0,0.0,0.0,0.0,1,1.0,1.0
1394,0,1,0,0,0,0,0.0,0.0,0.0,0.0,0.0,0.0,0,0.0,0.0
1395,4,33,1,4,2,2,0.5,0.5,0.5,0.005704365079365079,2.0,0.015625,0,0.0,0.4564019762583081
1396,0,37,0,0,0,0,0.0,0.0,0.0,0.0,0.0,0.0,0,0.0,0.0
1397,1,5,1,1,0,1,0.0,1.0,0.0,0.0,0.0,0.0,1,1.0,0.3868528072345416
1398,42,8,12,42,9,33,0.21428571428571427,0.7857142857142857,0.2619047619047619,0.004215267143704744,0.16666666666666666,0.005511463844797178,10,0.8333333333333334,1.7117959422488396
1399,2,32,1,2,0,2,0.0,1.0,0.0,0.0,0.0,0.0,1,1.0,0.3142027492734315
1400,38,12,11,38,3,35,0.07894736842105263,0.9210526315789473,0.07894736842105263,0.000743071464389147,0.18181818181818182,0.0017446409012674073,9,0.8181818181818182,1.4283173410313947
1401,0,1,0,0,0,0,0.0,0.0,0.0,0.0,0.0,0.0,0,0.0,0.0
1402,3,39,1,3,3,0,1.0,0.0,6.0,0.09371035940803384,5.0,0.04950495049504951,0,0.0,0.37580364941821515
1403,0,8,0,0,0,0,0.0,0.0,0.0,0.0,0.0,0.0,0,0.0,0.0
1404,0,2,0,0,0,0,0.0,0.0,0.0,0.0,0.0,0.0,0,0.0,0.0
1405,17,2,4,17,0,17,0.0,1.0,0.0,0.0,0.0,0.0,4,1.0,2.630929753571457
1406,0,18,0,0,0,0,0.0,0.0,0.0,0.0,0.0,0.0,0,0.0,0.0
1407,5,26,1,5,4,1,0.8,0.19999999999999996,3.2,0.02470009601942279,3.0,0.07692307692307693,0,0.0,0.5436432511904858
1408,0,10,0,0,0,0,0.0,0.0,0.0,0.0,0.0,0.0,0,0.0,0.0
1409,70,37,20,70,39,31,0.5571428571428572,0.44285714285714284,1.6142857142857143,0.03394696999698501,1.0,0.028471927466341928,9,0.45,1.1718429996890984
1410,1,12,1,1,1,0,1.0,0.0,1.0,0.008620689655172414,1.0,0.006666666666666667,0,0.0,0.27023815442731974
1411,0,14,0,0,0,0,0.0,0.0,0.0,0.0,0.0,0.0,0,0.0,0.0
1412,0,13,0,0,0,0,0.0,0.0,0.0,0.0,0.0,0.0,0,0.0,0.0
1413,0,8,0,0,0,0,0.0,0.0,0.0,0.0,0.0,0.0,0,0.0,0.0
1414,10,38,2,10,8,2,0.8,0.19999999999999996,2.0,0.034647465284425125,1.0,0.015182648401826484,0,0.0,0.6545257059702043
1415,0,1,0,0,0,0,0.0,0.0,0.0,0.0,0.0,0.0,0,0.0,0.0
1416,7,39,2,7,4,3,0.5714285714285714,0.4285714285714286,2.142857142857143,0.03130527043695738,2.5,0.034722222222222224,1,0.5,0.5637054741273227
1417,0,38,0,0,0,0,0.0,0.0,0.0,0.0,0.0,0.0,0,0.0,0.0
1418,23,7,6,23,5,18,0.21739130434782608,0.782608695652174,0.30434782608695654,0.00360613810741688,0.3333333333333333,0.004273504273504273,5,0.8333333333333334,1.5283208335737188
1419,8,18,2,8,7,1,0.875,0.125,2.75,0.0967076376171756,5.0,0.27622377622377625,0,0.0,0.746228600043274
1420,10,39,2,10,2,8,0.2,0.8,0.3,0.005084359325125399,0.0,0.0,2,1.0,0.6500335135983297
1421,0,1,0,0,0,0,0.0,0.0,0.0,0.0,0.0,0.0,0,0.0,0.0
1422,0,35,0,0,0,0,0.0,0.0,0.0,0.0,0.0,0.0,0,0.0,0.0
1423,1,37,1,1,0,1,0.0,1.0,0.0,0.0,0.0,0.0,1,1.0,0.1905514124267734
1424,0,1,0,0,0,0,0.0,0.0,0.0,0.0,0.0,0.0,0,0.0,0.0
1425,0,36,0,0,0,0,0.0,0.0,0.0,0.0,0.0,0.0,0,0.0,0.0
1426,0,1,0,0,0,0,0.0,0.0,0.0,0.0,0.0,0.0,0,0.0,0.0
1427,4,3,1,4,1,3,0.25,0.75,0.25,0.004629629629629629,0.0,0.0,1,1.0,1.160964047443681
1428,0,23,0,0,0,0,0.0,0.0,0.0,0.0,0.0,0.0,0,0.0,0.0
1429,0,15,0,0,0,0,0.0,0.0,0.0,0.0,0.0,0.0,0,0.0,0.0
1430,1,33,1,1,0,1,0.0,1.0,0.0,0.0,2.0,0.037037037037037035,0,0.0,0.19656163223282258
1431,0,32,0,0,0,0,0.0,0.0,0.0,0.0,0.0,0.0,0,0.0,0.0
1432,0,35,0,0,0,0,0.0,0.0,0.0,0.0,0.0,0.0,0,0.0,0.0
1433,0,3,0,0,0,0,0.0,0.0,0.0,0.0,0.0,0.0,0,0.0,0.0
1434,0,1,0,0,0,0,0.0,0.0,0.0,0.0,0.0,0.0,0,0.0,0.0
1435,0,2,0,0,0,0,0.0,0.0,0.0,0.0,0.0,0.0,0,0.0,0.0
1436,0,20,0,0,0,0,0.0,0.0,0.0,0.0,0.0,0.0,0,0.0,0.0
1437,19,38,5,19,9,10,0.47368421052631576,0.5263157894736843,2.3157894736842106,0.029870066983231622,1.2,0.01449148843299869,3,0.6,0.8177103493587502
1438,0,39,0,0,0,0,0.0,0.0,0.0,0.0,0.0,0.0,0,0.0,0.0
1439,9,20,2,9,3,6,0.3333333333333333,0.6666666666666667,0.4444444444444444,0.01749203955086308,2.0,0.017610911270983215,0,0.0,0.7563041955164012
1440,17,38,5,17,15,2,0.8823529411764706,0.11764705882352944,2.764705882352941,0.059161139315393345,0.8,0.023719298245614036,3,0.6,0.7889513094312703
1441,0,9,0,0,0,0,0.0,0.0,0.0,0.0,0.0,0.0,0,0.0,0.0
1442,7,15,2,7,1,6,0.14285714285714285,0.8571428571428572,0.14285714285714285,0.004329004329004329,0.0,0.0,2,1.0,0.75
1443,0,4,0,0,0,0,0.0,0.0,0.0,0.0,0.0,0.0,0,0.0,0.0
1444,19,16,6,19,11,8,0.5789473684210527,0.42105263157894735,0.8947368421052632,0.020684953236495465,0.5,0.004934988179669031,4,0.6666666666666666,1.057362051410185
1445,21,23,6,21,7,14,0.3333333333333333,0.6666666666666667,0.47619047619047616,0.004726932255331965,1.0,0.011765568213116633,2,0.3333333333333333,0.9726211758407807
1446,7,35,1,7,2,5,0.2857142857142857,0.7142857142857143,2.0,0.024900036350418032,13.0,0.104,0,0.0,0.5802792108518123
1447,0,1,0,0,0,0,0.0,0.0,0.0,0.0,0.0,0.0,0,0.0,0.0
1448,14,6,4,14,1,13,0.07142857142857142,0.9285714285714286,0.07142857142857142,0.000992063492063492,0.25,0.003205128205128205,3,0.75,1.3916625094004957
1449,0,17,0,0,0,0,0.0,0.0,0.0,0.0,0.0,0.0,0,0.0,0.0
1450,0,7,0,0,0,0,0.0,0.0,0.0,0.0,0.0,0.0,0,0.0,0.0
1451,0,5,0,0,0,0,0.0,0.0,0.0,0.0,0.0,0.0,0,0.0,0.0
1452,0,39,0,0,0,0,0.0,0.0,0.0,0.0,0.0,0.0,0,0.0,0.0
1453,0,1,0,0,0,0,0.0,0.0,0.0,0.0,0.0,0.0,0,0.0,0.0
1454,2,35,1,2,0,2,0.0,1.0,0.0,0.0,0.0,0.0,1,1.0,0.30657359638272924
1455,11,15,3,11,9,2,0.8181818181818182,0.18181818181818177,1.7272727272727273,0.03876357013873552,1.6666666666666667,0.019140391352644618,1,0.3333333333333333,0.8962406251802891
1456,0,23,0,0,0,0,0.0,0.0,0.0,0.0,0.0,0.0,0,0.0,0.0
1457,0,14,0,0,0,0,0.0,0.0,0.0,0.0,0.0,0.0,0,0.0,0.0
1458,0,28,0,0,0,0,0.0,0.0,0.0,0.0,0.0,0.0,0,0.0,0.0
1459,1,4,1,1,0,1,0.0,1.0,0.0,0.0,0.0,0.0,1,1.0,0.43067655807339306
1460,3,6,1,3,1,2,0.3333333333333333,0.6666666666666667,0.6666666666666666,0.008547008547008546,0.0,0.0,1,1.0,0.7124143742160444
1461,0,1,0,0,0,0,0.0,0.0,0.0,0.0,0.0,0.0,0,0.0,0.0
1462,10,26,2,10,7,3,0.7,0.30000000000000004,1.3,0.02287683698215495,4.0,0.040360360360360364,0,0.0,0.7275527795480461
1463,0,1,0,0,0,0,0.0,0.0,0.0,0.0,0.0,0.0,0,0.0,0.0
1464,0,5,0,0,0,0,0.0,0.0,0.0,0.0,0.0,0.0,0,0.0,0.0
1465,0,24,0,0,0,0,0.0,0.0,0.0,0.0,0.0,0.0,0,0.0,0.0
1466,0,25,0,0,0,0,0.0,0.0,0.0,0.0,0.0,0.0,0,0.0,0.0
1467,0,30,0,0,0,0,0.0,0.0,0.0,0.0,0.0,0.0,0,0.0,0.0
1468,46,39,13,46,19,27,0.41304347826086957,0.5869565217391304,1.1956521739130435,0.01929208056650213,0.6153846153846154,0.019337590087087072,7,0.5384615384615384,1.0437173807390945
1469,2,39,1,2,1,1,0.5,0.5,2.0,0.013605442176870748,5.0,0.03496503496503497,0,0.0,0.2978173459810155
1470,0,1,0,0,0,0,0.0,0.0,0.0,0.0,0.0,0.0,0,0.0,0.0
1471,38,25,11,38,18,20,0.47368421052631576,0.5263157894736843,0.8157894736842105,0.022153102272060982,0.36363636363636365,0.004358833816198157,9,0.8181818181818182,1.1244484635051322
1472,0,13,0,0,0,0,0.0,0.0,0.0,0.0,0.0,0.0,0,0.0,0.0
1473,1,13,1,1,1,0,1.0,0.0,4.0,0.13333333333333333,0.0,0.0,1,1.0,0.26264953503719357
1474,7,17,2,7,6,1,0.8571428571428571,0.1428571428571429,2.0,0.031772703229926605,2.0,0.017536231884057972,0,0.0,0.7194373997043944
1475,0,1,0,0,0,0,0.0,0.0,0.0,0.0,0.0,0.0,0,0.0,0.0
1476,1,4,1,1,0,1,0.0,1.0,0.0,0.0,0.0,0.0,1,1.0,0.43067655807339306
1477,59,34,16,59,19,40,0.3220338983050847,0.6779661016949152,0.4576271186440678,0.01228803547846979,0.5,0.019143184157983405,9,0.5625,1.1516016129534417
1478,0,4,0,0,0,0,0.0,0.0,0.0,0.0,0.0,0.0,0,0.0,0.0
1479,0,34,0,0,0,0,0.0,0.0,0.0,0.0,0.0,0.0,0,0.0,0.0
1480,0,1,0,0,0,0,0.0,0.0,0.0,0.0,0.0,0.0,0,0.0,0.0
1481,0,9,0,0,0,0,0.0,0.0,0.0,0.0,0.0,0.0,0,0.0,0.0
1482,24,38,6,24,17,7,0.7083333333333334,0.29166666666666663,2.1666666666666665,0.051687092902805466,3.6666666666666665,0.05721705894578235,0,0.0,0.8786192606500202
1483,0,38,0,0,0,0,0.0,0.0,0.0,0.0,0.0,0.0,0,0.0,0.0
1484,17,2,4,17,0,17,0.0,1.0,0.0,0.0,0.0,0.0,4,1.0,2.630929753571457
1485,0,20,0,0,0,0,0.0,0.0,0.0,0.0,0.0,0.0,0,0.0,0.0
1486,2,22,1,2,1,1,0.5,0.5,2.5,0.019083969465648856,0.0,0.0,1,1.0,0.350379306422211
1487,2,39,1,2,2,0,1.0,0.0,4.5,0.08130904183535763,3.0,0.06,0,0.0,0.2978173459810155
1488,0,2,0,0,0,0,0.0,0.0,0.0,0.0,0.0,0.0,0,0.0,0.0
1489,0,1,0,0,0,0,0.0,0.0,0.0,0.0,0.0,0.0,0,0.0,0.0
1490,0,1,0,0,0,0,0.0,0.0,0.0,0.0,0.0,0.0,0,0.0,0.0
1491,0,1,0,0,0,0,0.0,0.0,0.0,0.0,0.0,0.0,0,0.0,0.0
1492,0,27,0,0,0,0,0.0,0.0,0.0,0.0,0.0,0.0,0,0.0,0.0
1493,2,1,1,2,1,1,0.5,0.5,0.5,0.003355704697986577,0.0,0.0,1,1.0,1.5849625007211563
1494,7,30,1,7,5,2,0.7142857142857143,0.2857142857142857,1.8571428571428572,0.027609631674300927,1.0,0.015873015873015872,0,0.0,0.6055472597462995
1495,70,39,20,70,43,27,0.6142857142857143,0.3857142857142857,1.6428571428571428,0.02122926714438583,0.8,0.013427266159359425,11,0.55,1.1555487052545081
1496,0,29,0,0,0,0,0.0,0.0,0.0,0.0,0.0,0.0,0,0.0,0.0
1497,0,2,0,0,0,0,0.0,0.0,0.0,0.0,0.0,0.0,0,0.0,0.0
1498,0,1,0,0,0,0,0.0,0.0,0.0,0.0,0.0,0.0,0,0.0,0.0
1499,0,1,0,0,0,0,0.0,0.0,0.0,0.0,0.0,0.0,0,0.0,0.0
1500,0,10,0,0,0,0,0.0,0.0,0.0,0.0,0.0,0.0,0,0.0,0.0
1501,0,24,0,0,0,0,0.0,0.0,0.0,0.0,0.0,0.0,0,0.0,0.0
1502,1,38,1,1,1,0,1.0,0.0,1.0,0.018867924528301886,2.0,0.045454545454545456,0,0.0,0.18920035951687003
1503,0,13,0,0,0,0,0.0,0.0,0.0,0.0,0.0,0.0,0,0.0,0.0
1504,0,1,0,0,0,0,0.0,0.0,0.0,0.0,0.0,0.0,0,0.0,0.0
1505,2,37,1,2,1,1,0.5,0.5,0.5,0.016129032258064516,7.0,0.21875,0,0.0,0.30201684315588717
1506,0,8,0,0,0,0,0.0,0.0,0.0,0.0,0.0,0.0,0,0.0,0.0
1507,2,37,1,2,2,0,1.0,0.0,2.0,0.030998389694041867,0.0,0.0,1,1.0,0.30201684315588717
1508,0,13,0,0,0,0,0.0,0.0,0.0,0.0,0.0,0.0,0,0.0,0.0
1509,0,1,0,0,0,0,0.0,0.0,0.0,0.0,0.0,0.0,0,0.0,0.0
1510,11,23,3,11,7,4,0.6363636363636364,0.36363636363636365,0.7272727272727273,0.022648426688279967,0.3333333333333333,0.0040650406504065045,2,0.6666666666666666,0.7818957080144684
1511,0,28,0,0,0,0,0.0,0.0,0.0,0.0,0.0,0.0,0,0.0,0.0
1512,70,39,20,70,23,47,0.32857142857142857,0.6714285714285715,0.4142857142857143,0.006636187755760159,0.5,0.006592370043820514,14,0.7,1.1555487052545081
1513,0,1,0,0,0,0,0.0,0.0,0.0,0.0,0.0,0.0,0,0.0,0.0
1514,0,33,0,0,0,0,0.0,0.0,0.0,0.0,0.0,0.0,0,0.0,0.0
1515,5,1,1,5,0,5,0.0,1.0,0.0,0.0,0.0,0.0,1,1.0,2.584962500721156
1516,0,5,0,0,0,0,0.0,0.0,0.0,0.0,0.0,0.0,0,0.0,0.0
1517,24,39,7,24,4,20,0.16666666666666666,0.8333333333333334,0.16666666666666666,0.003523718045776869,0.7142857142857143,0.02027742372569959,3,0.42857142857142855,0.8725890517453545
1518,7,37,1,7,1,6,0.14285714285714285,0.8571428571428572,0.14285714285714285,0.0011904761904761904,0.0,0.0,1,1.0,0.5716542372803202
1519,0,1,0,0,0,0,0.0,0.0,0.0,0.0,0.0,0.0,0,0.0,0.0
1520,1,39,1,1,0,1,0.0,1.0,0.0,0.0,0.0,0.0,1,1.0,0.18790182470910757
1521,7,32,1,7,4,3,0.5714285714285714,0.4285714285714286,1.7142857142857142,0.03240277723218184,1.0,0.047619047619047616,0,0.0,0.5947195895116816
1522,10,21,3,10,8,2,0.8,0.19999999999999996,1.5,0.020544169667786112,1.3333333333333333,0.03347222222222222,1,0.3333333333333333,0.7757561757824245
1523,0,9,0,0,0,0,0.0,0.0,0.0,0.0,0.0,0.0,0,0.0,0.0
1524,28,28,8,28,15,13,0.5357142857142857,0.4642857142857143,1.0357142857142858,0.014160292327550368,0.625,0.007009387944125409,3,0.375,1.0
1525,0,3,0,0,0,0,0.0,0.0,0.0,0.0,0.0,0.0,0,0.0,0.0
1526,0,5,0,0,0,0,0.0,0.0,0.0,0.0,0.0,0.0,0,0.0,0.0
1527,0,1,0,0,0,0,0.0,0.0,0.0,0.0,0.0,0.0,0,0.0,0.0
1528,0,1,0,0,0,0,0.0,0.0,0.0,0.0,0.0,0.0,0,0.0,0.0
1529,0,0,0,0,0,0,0.0,0.0,0.0,0.0,0.0,0.0,0,0.0,0.0
1530,0,8,0,0,0,0,0.0,0.0,0.0,0.0,0.0,0.0,0,0.0,0.0
1531,0,29,0,0,0,0,0.0,0.0,0.0,0.0,0.0,0.0,0,0.0,0.0
1532,1,2,1,1,0,1,0.0,1.0,0.0,0.0,0.0,0.0,1,1.0,0.6309297535714574
1533,0,5,0,0,0,0,0.0,0.0,0.0,0.0,0.0,0.0,0,0.0,0.0
1534,0,4,0,0,0,0,0.0,0.0,0.0,0.0,0.0,0.0,0,0.0,0.0
1535,3,14,1,3,0,3,0.0,1.0,0.0,0.0,0.0,0.0,1,1.0,0.511916049619631
1536,5,33,1,5,1,4,0.2,0.8,0.2,0.002857142857142857,0.0,0.0,1,1.0,0.5081044484023893
1537,0,14,0,0,0,0,0.0,0.0,0.0,0.0,0.0,0.0,0,0.0,0.0
1538,0,39,0,0,0,0,0.0,0.0,0.0,0.0,0.0,0.0,0,0.0,0.0
1539,2,39,1,2,1,1,0.5,0.5,2.5,0.09615384615384616,0.0,0.0,1,1.0,0.2978173459810155
1540,12,25,4,12,5,7,0.4166666666666667,0.5833333333333333,0.8333333333333334,0.012543788151673304,0.75,0.015957446808510637,3,0.75,0.7872539464466368
1541,1,38,1,1,1,0,1.0,0.0,3.0,0.02586206896551724,0.0,0.0,1,1.0,0.18920035951687003
1542,0,2,0,0,0,0,0.0,0.0,0.0,0.0,0.0,0.0,0,0.0,0.0
1543,0,1,0,0,0,0,0.0,0.0,0.0,0.0,0.0,0.0,0,0.0,0.0
1544,27,39,8,27,14,13,0.5185185185185185,0.4814814814814815,0.8518518518518519,0.010591799172871282,0.5,0.014907407407407407,5,0.625,0.9033107618789334
1545,0,1,0,0,0,0,0.0,0.0,0.0,0.0,0.0,0.0,0,0.0,0.0
1546,1,31,1,1,0,1,0.0,1.0,0.0,0.0,1.0,0.008333333333333333,0,0.0,0.19999999999999998
1547,6,1,1,6,1,5,0.16666666666666666,0.8333333333333334,0.16666666666666666,0.0013227513227513227,0.0,0.0,1,1.0,2.807354922057604
1548,0,3,0,0,0,0,0.0,0.0,0.0,0.0,0.0,0.0,0,0.0,0.0
1549,25,33,7,25,11,14,0.44,0.56,0.64,0.006847657888229838,0.2857142857142857,0.00380952380952381,5,0.7142857142857143,0.9239261032098017
1550,0,2,0,0,0,0,0.0,0.0,0.0,0.0,0.0,0.0,0,0.0,0.0
1551,0,5,0,0,0,0,0.0,0.0,0.0,0.0,0.0,0.0,0,0.0,0.0
1552,0,39,0,0,0,0,0.0,0.0,0.0,0.0,0.0,0.0,0,0.0,0.0
1553,0,8,0,0,0,0,0.0,0.0,0.0,0.0,0.0,0.0,0,0.0,0.0
1554,1,34,1,1,0,1,0.0,1.0,0.0,0.0,2.0,0.023255813953488372,0,0.0,0.1949590218937863
1555,1,26,1,1,1,0,1.0,0.0,2.0,0.027777777777777776,4.0,0.0425531914893617,0,0.0,0.21030991785715247
1556,4,5,1,4,0,4,0.0,1.0,0.0,0.0,0.0,0.0,1,1.0,0.8982444017039272
1557,0,36,0,0,0,0,0.0,0.0,0.0,0.0,0.0,0.0,0,0.0,0.0
1558,2,8,1,2,0,2,0.0,1.0,0.0,0.0,0.0,0.0,1,1.0,0.5
1559,0,2,0,0,0,0,0.0,0.0,0.0,0.0,0.0,0.0,0,0.0,0.0
1560,0,13,0,0,0,0,0.0,0.0,0.0,0.0,0.0,0.0,0,0.0,0.0
1561,0,1,0,0,0,0,0.0,0.0,0.0,0.0,0.0,0.0,0,0.0,0.0
1562,3,32,1,3,1,2,0.3333333333333333,0.6666666666666667,0.6666666666666666,0.015151515151515152,1.0,0.010638297872340425,0,0.0,0.39647972634112105
1563,0,4,0,0,0,0,0.0,0.0,0.0,0.0,0.0,0.0,0,0.0,0.0
1564,0,1,0,0,0,0,0.0,0.0,0.0,0.0,0.0,0.0,0,0.0,0.0
1565,0,31,0,0,0,0,0.0,0.0,0.0,0.0,0.0,0.0,0,0.0,0.0
1566,0,32,0,0,0,0,0.0,0.0,0.0,0.0,0.0,0.0,0,0.0,0.0
1567,2,35,1,2,2,0,1.0,0.0,2.0,0.03414351851851852,0.0,0.0,1,1.0,0.30657359638272924
1568,0,38,0,0,0,0,0.0,0.0,0.0,0.0,0.0,0.0,0,0.0,0.0
1569,0,2,0,0,0,0,0.0,0.0,0.0,0.0,0.0,0.0,0,0.0,0.0
1570,21,11,6,21,1,20,0.047619047619047616,0.9523809523809523,0.047619047619047616,0.003968253968253968,0.0,0.0,6,1.0,1.2439269916324736
1571,44,39,12,44,26,18,0.5909090909090909,0.40909090909090906,1.3636363636363635,0.013719664573770461,0.9166666666666666,0.008783171758715238,6,0.5,1.0319292178347081
1572,0,2,0,0,0,0,0.0,0.0,0.0,0.0,0.0,0.0,0,0.0,0.0
1573,12,38,4,12,6,6,0.5,0.5,1.0833333333333333,0.008868522799604666,0.75,0.007839506172839506,2,0.5,0.7001245250427999
1574,11,14,3,11,4,7,0.36363636363636365,0.6363636363636364,0.45454545454545453,0.008167481868780569,0.3333333333333333,0.0028735632183908046,2,0.6666666666666666,0.9175999207018439
1575,0,3,0,0,0,0,0.0,0.0,0.0,0.0,0.0,0.0,0,0.0,0.0
1576,0,15,0,0,0,0,0.0,0.0,0.0,0.0,0.0,0.0,0,0.0,0.0
1577,0,1,0,0,0,0,0.0,0.0,0.0,0.0,0.0,0.0,0,0.0,0.0
1578,11,10,3,11,5,6,0.45454545454545453,0.5454545454545454,0.6363636363636364,0.008088345828434868,0.3333333333333333,0.004273504273504273,2,0.6666666666666666,1.0362865626271018
1579,0,1,0,0,0,0,0.0,0.0,0.0,0.0,0.0,0.0,0,0.0,0.0
1580,0,1,0,0,0,0,0.0,0.0,0.0,0.0,0.0,0.0,0,0.0,0.0
1581,4,17,1,4,3,1,0.75,0.25,0.75,0.014548786544025563,0.0,0.0,1,1.0,0.5568273036287807
1582,0,39,0,0,0,0,0.0,0.0,0.0,0.0,0.0,0.0,0,0.0,0.0
1583,0,27,0,0,0,0,0.0,0.0,0.0,0.0,0.0,0.0,0,0.0,0.0
1584,12,3,3,12,0,12,0.0,1.0,0.0,0.0,1.0,0.010221399367430379,1,0.3333333333333333,1.850219859070546
1585,0,7,0,0,0,0,0.0,0.0,0.0,0.0,0.0,0.0,0,0.0,0.0
1586,0,11,0,0,0,0,0.0,0.0,0.0,0.0,0.0,0.0,0,0.0,0.0
1587,7,28,2,7,2,5,0.2857142857142857,0.7142857142857143,0.2857142857142857,0.008761080189651618,0.0,0.0,2,1.0,0.6175404973813033
1588,0,34,0,0,0,0,0.0,0.0,0.0,0.0,0.0,0.0,0,0.0,0.0
1589,0,8,0,0,0,0,0.0,0.0,0.0,0.0,0.0,0.0,0,0.0,0.0
1590,4,39,1,4,2,2,0.5,0.5,0.75,0.008134920634920634,0.0,0.0,1,1.0,0.43629452587267725
1591,9,17,2,9,7,2,0.7777777777777778,0.2222222222222222,1.4444444444444444,0.020318381942486766,3.5,0.09311224489795919,0,0.0,0.7966397701969122
1592,0,1,0,0,0,0,0.0,0.0,0.0,0.0,0.0,0.0,0,0.0,0.0
1593,0,2,0,0,0,0,0.0,0.0,0.0,0.0,0.0,0.0,0,0.0,0.0
1594,5,39,1,5,2,3,0.4,0.6,0.4,0.004525954525954526,0.0,0.0,1,1.0,0.48571917069012305
1595,0,2,0,0,0,0,0.0,0.0,0.0,0.0,0.0,0.0,0,0.0,0.0
1596,0,1,0,0,0,0,0.0,0.0,0.0,0.0,0.0,0.0,0,0.0,0.0
1597,0,22,0,0,0,0,0.0,0.0,0.0,0.0,0.0,0.0,0,0.0,0.0
1598,0,20,0,0,0,0,0.0,0.0,0.0,0.0,0.0,0.0,0,0.0,0.0
1599,0,4,0,0,0,0,0.0,0.0,0.0,0.0,0.0,0.0,0,0.0,0.0
1600,25,28,7,25,18,7,0.72,0.28,1.88,0.031129963545733004,2.5714285714285716,0.053457974745711914,0,0.0,0.9675706271505612
1601,15,16,4,15,7,8,0.4666666666666667,0.5333333333333333,0.6666666666666666,0.012244288004043223,0.75,0.010416666666666666,3,0.75,0.978602168472904
1602,5,37,1,5,3,2,0.6,0.4,1.2,0.01682051282051282,0.0,0.0,1,1.0,0.49256825558266054
1603,0,10,0,0,0,0,0.0,0.0,0.0,0.0,0.0,0.0,0,0.0,0.0
1604,0,7,0,0,0,0,0.0,0.0,0.0,0.0,0.0,0.0,0,0.0,0.0
1605,5,7,1,5,3,2,0.6,0.4,1.0,0.03829153035259905,2.0,0.15384615384615385,0,0.0,0.8616541669070521
1606,54,38,15,54,32,22,0.5925925925925926,0.40740740740740744,1.7037037037037037,0.026932721441343073,1.4666666666666666,0.01675805982224202,8,0.5333333333333333,1.0938353362952145
1607,0,3,0,0,0,0,0.0,0.0,0.0,0.0,0.0,0.0,0,0.0,0.0
1608,70,38,20,70,36,34,0.5142857142857142,0.48571428571428577,1.2,0.02219321950458547,1.0,0.023418367368580273,10,0.5,1.1635343659481219
1609,0,1,0,0,0,0,0.0,0.0,0.0,0.0,0.0,0.0,0,0.0,0.0
1610,17,36,5,17,8,9,0.47058823529411764,0.5294117647058824,0.5882352941176471,0.013581792701552098,0.4,0.0026845637583892616,4,0.8,0.8004534658002197
1611,0,10,0,0,0,0,0.0,0.0,0.0,0.0,0.0,0.0,0,0.0,0.0
1612,0,2,0,0,0,0,0.0,0.0,0.0,0.0,0.0,0.0,0,0.0,0.0
1613,1,1,1,1,0,1,0.0,1.0,0.0,0.0,0.0,0.0,1,1.0,1.0
1614,0,1,0,0,0,0,0.0,0.0,0.0,0.0,0.0,0.0,0,0.0,0.0
1615,0,6,0,0,0,0,0.0,0.0,0.0,0.0,0.0,0.0,0,0.0,0.0
1616,0,39,0,0,0,0,0.0,0.0,0.0,0.0,0.0,0.0,0,0.0,0.0
1617,2,15,1,2,1,1,0.5,0.5,0.5,0.022727272727272728,2.0,0.3333333333333333,0,0.0,0.3962406251802891
1618,0,2,0,0,0,0,0.0,0.0,0.0,0.0,0.0,0.0,0,0.0,0.0
1619,0,5,0,0,0,0,0.0,0.0,0.0,0.0,0.0,0.0,0,0.0,0.0
1620,0,35,0,0,0,0,0.0,0.0,0.0,0.0,0.0,0.0,0,0.0,0.0
1621,0,5,0,0,0,0,0.0,0.0,0.0,0.0,0.0,0.0,0,0.0,0.0
1622,0,1,0,0,0,0,0.0,0.0,0.0,0.0,0.0,0.0,0,0.0,0.0
1623,0,35,0,0,0,0,0.0,0.0,0.0,0.0,0.0,0.0,0,0.0,0.0
1624,70,35,20,70,28,42,0.4,0.6,0.6714285714285714,0.012325179329733977,0.85,0.020873174985233934,10,0.5,1.189523468481461
1625,0,39,0,0,0,0,0.0,0.0,0.0,0.0,0.0,0.0,0,0.0,0.0
1626,0,1,0,0,0,0,0.0,0.0,0.0,0.0,0.0,0.0,0,0.0,0.0
1627,33,4,10,33,5,28,0.15151515151515152,0.8484848484848485,0.21212121212121213,0.00275561198482091,0.1,0.002127659574468085,9,0.9,2.1910509857959815
1628,12,1,4,12,0,12,0.0,1.0,0.0,0.0,0.0,0.0,4,1.0,3.700439718141092
1629,3,2,1,3,2,1,0.6666666666666666,0.33333333333333337,0.6666666666666666,0.011481481481481481,1.0,0.008403361344537815,0,0.0,1.2618595071429148
1630,0,6,0,0,0,0,0.0,0.0,0.0,0.0,0.0,0.0,0,0.0,0.0
1631,0,35,0,0,0,0,0.0,0.0,0.0,0.0,0.0,0.0,0,0.0,0.0
1632,0,38,0,0,0,0,0.0,0.0,0.0,0.0,0.0,0.0,0,0.0,0.0
1633,5,7,1,5,0,5,0.0,1.0,0.0,0.0,0.0,0.0,1,1.0,0.8616541669070521
1634,5,34,1,5,3,2,0.6,0.4,1.0,0.009191165270373192,4.0,0.03571428571428571,0,0.0,0.5039617607727125
1635,0,18,0,0,0,0,0.0,0.0,0.0,0.0,0.0,0.0,0,0.0,0.0
1636,14,39,4,14,11,3,0.7857142857142857,0.2142857142857143,2.2142857142857144,0.04472697687336834,0.75,0.015476190476190477,2,0.5,0.7341118718536928
1637,0,1,0,0,0,0,0.0,0.0,0.0,0.0,0.0,0.0,0,0.0,0.0
1638,6,39,1,6,3,3,0.5,0.5,1.0,0.010170307728447263,4.0,0.1111111111111111,0,0.0,0.5275071124607182
1639,0,32,0,0,0,0,0.0,0.0,0.0,0.0,0.0,0.0,0,0.0,0.0
1640,0,19,0,0,0,0,0.0,0.0,0.0,0.0,0.0,0.0,0,0.0,0.0
1641,0,1,0,0,0,0,0.0,0.0,0.0,0.0,0.0,0.0,0,0.0,0.0
1642,1,36,1,1,0,1,0.0,1.0,0.0,0.0,2.0,0.017543859649122806,0,0.0,0.19195872000656014
1643,10,2,2,10,3,7,0.3,0.7,0.3,0.005022727272727273,1.0,0.00879048730668223,0,0.0,2.182658338644138
1644,0,1,0,0,0,0,0.0,0.0,0.0,0.0,0.0,0.0,0,0.0,0.0
1645,0,39,0,0,0,0,0.0,0.0,0.0,0.0,0.0,0.0,0,0.0,0.0
1646,0,1,0,0,0,0,0.0,0.0,0.0,0.0,0.0,0.0,0,0.0,0.0
1647,0,1,0,0,0,0,0.0,0.0,0.0,0.0,0.0,0.0,0,0.0,0.0
1648,4,30,1,4,4,0,1.0,0.0,3.0,0.03685557333309729,0.0,0.0,1,1.0,0.4686790650623293
1649,29,36,8,29,9,20,0.3103448275862069,0.6896551724137931,0.5172413793103449,0.006572956568436957,0.375,0.00540192566054635,6,0.75,0.9419204379452388
1650,0,2,0,0,0,0,0.0,0.0,0.0,0.0,0.0,0.0,0,0.0,0.0
1651,1,2,1,1,1,0,1.0,0.0,1.0,0.018867924528301886,0.0,0.0,1,1.0,0.6309297535714574
1652,0,37,0,0,0,0,0.0,0.0,0.0,0.0,0.0,0.0,0,0.0,0.0
1653,0,4,0,0,0,0,0.0,0.0,0.0,0.0,0.0,0.0,0,0.0,0.0
1654,0,6,0,0,0,0,0.0,0.0,0.0,0.0,0.0,0.0,0,0.0,0.0
1655,56,12,16,56,20,36,0.35714285714285715,0.6428571428571428,0.5178571428571429,0.010119365614991074,0.375,0.007089502467653728,10,0.625,1.5762694324054227
1656,0,1,0,0,0,0,0.0,0.0,0.0,0.0,0.0,0.0,0,0.0,0.0
1657,3,4,1,3,0,3,0.0,1.0,0.0,0.0,0.0,0.0,1,1.0,0.8613531161467861
1658,21,25,6,21,18,3,0.8571428571428571,0.1428571428571429,1.9523809523809523,0.026613444986090057,1.5,0.019757620167456233,2,0.3333333333333333,0.9487264779561714
1659,0,5,0,0,0,0,0.0,0.0,0.0,0.0,0.0,0.0,0,0.0,0.0
1660,7,28,1,7,3,4,0.42857142857142855,0.5714285714285714,1.1428571428571428,0.025938347366918794,0.0,0.0,1,1.0,0.6175404973813033
1661,0,1,0,0,0,0,0.0,0.0,0.0,0.0,0.0,0.0,0,0.0,0.0
1662,0,34,0,0,0,0,0.0,0.0,0.0,0.0,0.0,0.0,0,0.0,0.0
1663,0,5,0,0,0,0,0.0,0.0,0.0,0.0,0.0,0.0,0,0.0,0.0
1664,0,39,0,0,0,0,0.0,0.0,0.0,0.0,0.0,0.0,0,0.0,0.0
1665,0,1,0,0,0,0,0.0,0.0,0.0,0.0,0.0,0.0,0,0.0,0.0
1666,0,25,0,0,0,0,0.0,0.0,0.0,0.0,0.0,0.0,0,0.0,0.0
1667,0,28,0,0,0,0,0.0,0.0,0.0,0.0,0.0,0.0,0,0.0,0.0
1668,0,2,0,0,0,0,0.0,0.0,0.0,0.0,0.0,0.0,0,0.0,0.0
1669,3,2,1,3,0,3,0.0,1.0,0.0,0.0,0.0,0.0,1,1.0,1.2618595071429148
1670,0,36,0,0,0,0,0.0,0.0,0.0,0.0,0.0,0.0,0,0.0,0.0
1671,19,11,5,19,3,16,0.15789473684210525,0.8421052631578947,0.21052631578947367,0.0032311457801412194,0.2,0.002150537634408602,4,0.8,1.2055713536802566
1672,7,14,1,7,3,4,0.42857142857142855,0.5714285714285714,0.7142857142857143,0.024420677361853833,1.0,0.025,0,0.0,0.7678740744294464
1673,32,38,9,32,10,22,0.3125,0.6875,0.9375,0.011395792048429967,0.6666666666666666,0.007002468749456703,6,0.6666666666666666,0.9544011809274044
1674,0,2,0,0,0,0,0.0,0.0,0.0,0.0,0.0,0.0,0,0.0,0.0
1675,0,38,0,0,0,0,0.0,0.0,0.0,0.0,0.0,0.0,0,0.0,0.0
1676,0,5,0,0,0,0,0.0,0.0,0.0,0.0,0.0,0.0,0,0.0,0.0
1677,0,20,0,0,0,0,0.0,0.0,0.0,0.0,0.0,0.0,0,0.0,0.0
1678,0,13,0,0,0,0,0.0,0.0,0.0,0.0,0.0,0.0,0,0.0,0.0
1679,0,4,0,0,0,0,0.0,0.0,0.0,0.0,0.0,0.0,0,0.0,0.0
1680,2,1,1,2,0,2,0.0,1.0,0.0,0.0,0.0,0.0,1,1.0,1.5849625007211563
1681,6,36,1,6,6,0,1.0,0.0,2.0,0.033969459565929436,5.0,0.03333333333333333,0,0.0,0.5388962574422941
1682,0,23,0,0,0,0,0.0,0.0,0.0,0.0,0.0,0.0,0,0.0,0.0
1683,0,11,0,0,0,0,0.0,0.0,0.0,0.0,0.0,0.0,0,0.0,0.0
1684,0,8,0,0,0,0,0.0,0.0,0.0,0.0,0.0,0.0,0,0.0,0.0
1685,13,14,4,13,3,10,0.23076923076923078,0.7692307692307692,0.38461538461538464,0.0027839014631467463,0.25,0.007575757575757576,3,0.75,0.9745230455997933
1686,0,4,0,0,0,0,0.0,0.0,0.0,0.0,0.0,0.0,0,0.0,0.0
1687,4,36,1,4,4,0,1.0,0.0,2.5,0.027081414520438912,2.0,0.03125,0,0.0,0.4457143450418488
1688,0,5,0,0,0,0,0.0,0.0,0.0,0.0,0.0,0.0,0,0.0,0.0
1689,7,37,1,7,0,7,0.0,1.0,0.0,0.0,0.0,0.0,1,1.0,0.5716542372803202
1690,1,8,1,1,0,1,0.0,1.0,0.0,0.0,0.0,0.0,1,1.0,0.3154648767857287
1691,2,39,1,2,2,0,1.0,0.0,4.0,0.051503094606542885,1.0,0.015151515151515152,0,0.0,0.2978173459810155
1692,11,2,3,11,1,10,0.09090909090909091,0.9090909090909091,0.09090909090909091,0.0030303030303030303,0.0,0.0,3,1.0,2.2618595071429146
1693,0,7,0,0,0,0,0.0,0.0,0.0,0.0,0.0,0.0,0,0.0,0.0
1694,3,20,1,3,2,1,0.6666666666666666,0.33333333333333337,1.3333333333333333,0.025074690567648314,1.0,0.013513513513513514,0,0.0,0.455340497393906
1695,0,22,0,0,0,0,0.0,0.0,0.0,0.0,0.0,0.0,0,0.0,0.0
1696,0,2,0,0,0,0,0.0,0.0,0.0,0.0,0.0,0.0,0,0.0,0.0
1697,0,18,0,0,0,0,0.0,0.0,0.0,0.0,0.0,0.0,0,0.0,0.0
1698,4,6,1,4,3,1,0.75,0.25,0.75,0.011344314222363002,0.0,0.0,1,1.0,0.8270874753469162
1699,0,23,0,0,0,0,0.0,0.0,0.0,0.0,0.0,0.0,0,0.0,0.0
1700,44,1,12,44,1,43,0.022727272727272728,0.9772727272727273,0.022727272727272728,0.00036656891495601173,0.08333333333333333,0.003472222222222222,11,0.9166666666666666,5.491853096329675
1701,0,1,0,0,0,0,0.0,0.0,0.0,0.0,0.0,0.0,0,0.0,0.0
1702,1,5,1,1,0,1,0.0,1.0,0.0,0.0,0.0,0.0,1,1.0,0.3868528072345416
1703,0,9,0,0,0,0,0.0,0.0,0.0,0.0,0.0,0.0,0,0.0,0.0
1704,15,36,4,15,12,3,0.8,0.19999999999999996,2.066666666666667,0.028218832327521568,2.75,0.024576783419540504,0,0.0,0.7678348800262406
1705,17,38,4,17,6,11,0.35294117647058826,0.6470588235294117,0.6470588235294118,0.0067092112468185,0.25,0.006944444444444444,3,0.75,0.7889513094312703
1706,0,4,0,0,0,0,0.0,0.0,0.0,0.0,0.0,0.0,0,0.0,0.0
1707,6,3,1,6,2,4,0.3333333333333333,0.6666666666666667,0.3333333333333333,0.005249867091972355,0.0,0.0,1,1.0,1.403677461028802
1708,0,21,0,0,0,0,0.0,0.0,0.0,0.0,0.0,0.0,0,0.0,0.0
1709,0,23,0,0,0,0,0.0,0.0,0.0,0.0,0.0,0.0,0,0.0,0.0
1710,0,1,0,0,0,0,0.0,0.0,0.0,0.0,0.0,0.0,0,0.0,0.0
1711,0,36,0,0,0,0,0.0,0.0,0.0,0.0,0.0,0.0,0,0.0,0.0
1712,3,27,1,3,1,2,0.3333333333333333,0.6666666666666667,0.6666666666666666,0.0044444444444444444,3.0,0.05263157894736842,0,0.0,0.4160291953530189
1713,0,34,0,0,0,0,0.0,0.0,0.0,0.0,0.0,0.0,0,0.0,0.0
1714,0,37,0,0,0,0,0.0,0.0,0.0,0.0,0.0,0.0,0,0.0,0.0
1715,10,28,2,10,9,1,0.9,0.09999999999999998,1.9,0.0597221131686783,0.5,0.003355704697986577,1,0.5,0.7121130408099613
1716,23,21,6,23,13,10,0.5652173913043478,0.4347826086956522,0.9565217391304348,0.014581505403646989,1.8333333333333333,0.017883879847008177,2,0.3333333333333333,1.02814952505589
1717,0,8,0,0,0,0,0.0,0.0,0.0,0.0,0.0,0.0,0,0.0,0.0
1718,0,4,0,0,0,0,0.0,0.0,0.0,0.0,0.0,0.0,0,0.0,0.0
1719,0,3,0,0,0,0,0.0,0.0,0.0,0.0,0.0,0.0,0,0.0,0.0
1720,0,2,0,0,0,0,0.0,0.0,0.0,0.0,0.0,0.0,0,0.0,0.0
1721,0,1,0,0,0,0,0.0,0.0,0.0,0.0,0.0,0.0,0,0.0,0.0
1722,29,16,8,29,7,22,0.2413793103448276,0.7586206896551724,0.41379310344827586,0.0072265142645997005,0.75,0.013643653860173507,4,0.5,1.200473444330449
1723,0,3,0,0,0,0,0.0,0.0,0.0,0.0,0.0,0.0,0,0.0,0.0
1724,0,33,0,0,0,0,0.0,0.0,0.0,0.0,0.0,0.0,0,0.0,0.0
1725,19,24,5,19,11,8,0.5789473684210527,0.42105263157894735,0.7894736842105263,0.010347250799981644,0.4,0.00425531914893617,4,0.8,0.9306765580733931
1726,0,3,0,0,0,0,0.0,0.0,0.0,0.0,0.0,0.0,0,0.0,0.0
1727,0,34,0,0,0,0,0.0,0.0,0.0,0.0,0.0,0.0,0,0.0,0.0
1728,0,7,0,0,0,0,0.0,0.0,0.0,0.0,0.0,0.0,0,0.0,0.0
1729,0,19,0,0,0,0,0.0,0.0,0.0,0.0,0.0,0.0,0,0.0,0.0
1730,0,37,0,0,0,0,0.0,0.0,0.0,0.0,0.0,0.0,0,0.0,0.0
1731,0,39,0,0,0,0,0.0,0.0,0.0,0.0,0.0,0.0,0,0.0,0.0
1732,28,17,8,28,12,16,0.42857142857142855,0.5714285714285714,0.8571428571428571,0.010797106491986059,0.625,0.012928344265553568,4,0.5,1.165004404982649
1733,6,38,1,6,2,4,0.3333333333333333,0.6666666666666667,1.0,0.0205026455026455,0.0,0.0,1,1.0,0.5311525605447533
1734,0,26,0,0,0,0,0.0,0.0,0.0,0.0,0.0,0.0,0,0.0,0.0
1735,2,32,1,2,0,2,0.0,1.0,0.0,0.0,0.0,0.0,1,1.0,0.3142027492734315
1736,0,37,0,0,0,0,0.0,0.0,0.0,0.0,0.0,0.0,0,0.0,0.0
1737,4,2,1,4,0,4,0.0,1.0,0.0,0.0,0.0,0.0,1,1.0,1.4649735207179269
1738,0,3,0,0,0,0,0.0,0.0,0.0,0.0,0.0,0.0,0,0.0,0.0
1739,0,5,0,0,0,0,0.0,0.0,0.0,0.0,0.0,0.0,0,0.0,0.0
1740,0,2,0,0,0,0,0.0,0.0,0.0,0.0,0.0,0.0,0,0.0,0.0
1741,0,1,0,0,0,0,0.0,0.0,0.0,0.0,0.0,0.0,0,0.0,0.0
1742,0,1,0,0,0,0,0.0,0.0,0.0,0.0,0.0,0.0,0,0.0,0.0
1743,10,38,3,10,7,3,0.7,0.30000000000000004,1.1,0.012924110976742556,1.6666666666666667,0.011185682326621925,2,0.6666666666666666,0.6545257059702043
1744,8,25,2,8,8,0,1.0,0.0,1.75,0.027671029906084253,0.5,0.008333333333333333,1,0.5,0.674389034116991
1745,7,35,2,7,5,2,0.7142857142857143,0.2857142857142857,2.142857142857143,0.024903626522379287,0.5,0.016129032258064516,1,0.5,0.5802792108518123
1746,7,37,1,7,3,4,0.42857142857142855,0.5714285714285714,1.1428571428571428,0.028963893249607537,1.0,0.02857142857142857,0,0.0,0.5716542372803202
1747,10,38,3,10,9,1,0.9,0.09999999999999998,2.2,0.03167654292689461,4.333333333333333,0.039871794871794874,0,0.0,0.6545257059702043
1748,39,36,11,39,21,18,0.5384615384615384,0.46153846153846156,0.8974358974358975,0.015022698407897645,1.2727272727272727,0.01607823361070114,5,0.45454545454545453,1.0215905050615293
1749,0,6,0,0,0,0,0.0,0.0,0.0,0.0,0.0,0.0,0,0.0,0.0
1750,0,5,0,0,0,0,0.0,0.0,0.0,0.0,0.0,0.0,0,0.0,0.0
1751,0,0,0,0,0,0,0.0,0.0,0.0,0.0,0.0,0.0,0,0.0,0.0
1752,0,18,0,0,0,0,0.0,0.0,0.0,0.0,0.0,0.0,0,0.0,0.0
1753,12,37,3,12,4,8,0.3333333333333333,0.6666666666666667,0.5,0.007578064808437837,0.3333333333333333,0.0023809523809523807,2,0.6666666666666666,0.7051240148919163
1754,0,5,0,0,0,0,0.0,0.0,0.0,0.0,0.0,0.0,0,0.0,0.0
1755,0,14,0,0,0,0,0.0,0.0,0.0,0.0,0.0,0.0,0,0.0,0.0
1756,0,1,0,0,0,0,0.0,0.0,0.0,0.0,0.0,0.0,0,0.0,0.0
1757,18,39,5,18,10,8,0.5555555555555556,0.4444444444444444,0.7777777777777778,0.011549491139213768,2.6,0.03798449612403101,2,0.4,0.7981933310080718
1758,0,3,0,0,0,0,0.0,0.0,0.0,0.0,0.0,0.0,0,0.0,0.0
1759,0,25,0,0,0,0,0.0,0.0,0.0,0.0,0.0,0.0,0,0.0,0.0
1760,0,29,0,0,0,0,0.0,0.0,0.0,0.0,0.0,0.0,0,0.0,0.0
1761,0,16,0,0,0,0,0.0,0.0,0.0,0.0,0.0,0.0,0,0.0,0.0
1762,0,1,0,0,0,0,0.0,0.0,0.0,0.0,0.0,0.0,0,0.0,0.0
1763,12,39,3,12,6,6,0.5,0.5,0.75,0.013248422787005018,0.6666666666666666,0.0044742729306487695,2,0.6666666666666666,0.695319375264767
1764,0,39,0,0,0,0,0.0,0.0,0.0,0.0,0.0,0.0,0,0.0,0.0
1765,70,37,20,70,37,33,0.5285714285714286,0.4714285714285714,0.8,0.009353715355375955,1.05,0.013999697583995909,8,0.4,1.1718429996890984
1766,0,9,0,0,0,0,0.0,0.0,0.0,0.0,0.0,0.0,0,0.0,0.0
1767,0,5,0,0,0,0,0.0,0.0,0.0,0.0,0.0,0.0,0,0.0,0.0
1768,12,9,3,12,4,8,0.3333333333333333,0.6666666666666667,0.3333333333333333,0.003109635473956294,0.3333333333333333,0.006666666666666667,2,0.6666666666666666,1.1139433523068367
1769,0,1,0,0,0,0,0.0,0.0,0.0,0.0,0.0,0.0,0,0.0,0.0
1770,0,5,0,0,0,0,0.0,0.0,0.0,0.0,0.0,0.0,0,0.0,0.0
1771,0,1,0,0,0,0,0.0,0.0,0.0,0.0,0.0,0.0,0,0.0,0.0
1772,16,38,4,16,8,8,0.5,0.5,0.9375,0.020744828027905237,0.25,0.006578947368421052,3,0.75,0.7733494390764113
1773,56,39,16,56,29,27,0.5178571428571429,0.4821428571428571,0.8035714285714286,0.012056464520294534,1.0625,0.02669365040913006,7,0.4375,1.0960106769890874
1774,0,8,0,0,0,0,0.0,0.0,0.0,0.0,0.0,0.0,0,0.0,0.0
1775,0,36,0,0,0,0,0.0,0.0,0.0,0.0,0.0,0.0,0,0.0,0.0
1776,7,14,1,7,0,7,0.0,1.0,0.0,0.0,0.0,0.0,1,1.0,0.7678740744294464
1777,1,23,1,1,1,0,1.0,0.0,1.0,0.009523809523809525,2.0,0.019230769230769232,0,0.0,0.21810429198553155
1778,3,14,1,3,2,1,0.6666666666666666,0.33333333333333337,1.6666666666666667,0.04126707352513804,1.0,0.03225806451612903,0,0.0,0.511916049619631
1779,0,1,0,0,0,0,0.0,0.0,0.0,0.0,0.0,0.0,0,0.0,0.0
1780,14,26,4,14,7,7,0.5,0.5,1.0714285714285714,0.01597707867617467,1.25,0.03260869565217391,2,0.5,0.821657840239309
1781,5,19,1,5,4,1,0.8,0.19999999999999996,2.0,0.04597573912642406,4.0,0.028368794326241134,0,0.0,0.5981040045018439
1782,0,5,0,0,0,0,0.0,0.0,0.0,0.0,0.0,0.0,0,0.0,0.0
1783,0,1,0,0,0,0,0.0,0.0,0.0,0.0,0.0,0.0,0,0.0,0.0
1784,0,1,0,0,0,0,0.0,0.0,0.0,0.0,0.0,0.0,0,0.0,0.0
1785,0,17,0,0,0,0,0.0,0.0,0.0,0.0,0.0,0.0,0,0.0,0.0
1786,1,28,1,1,0,1,0.0,1.0,0.0,0.0,8.0,0.10256410256410256,0,0.0,0.20584683246043445
1787,0,3,0,0,0,0,0.0,0.0,0.0,0.0,0.0,0.0,0,0.0,0.0
1788,1,12,1,1,1,0,1.0,0.0,2.0,0.02564102564102564,3.0,0.07692307692307693,0,0.0,0.27023815442731974
1789,0,39,0,0,0,0,0.0,0.0,0.0,0.0,0.0,0.0,0,0.0,0.0
1790,6,5,1,6,3,3,0.5,0.5,0.8333333333333334,0.01351687984162886,1.0,0.045454545454545456,0,0.0,1.0860331325016919
1791,14,30,4,14,9,5,0.6428571428571429,0.3571428571428571,1.0714285714285714,0.01686508475234585,1.75,0.019703368526897937,1,0.25,0.7886022980997756
1792,0,17,0,0,0,0,0.0,0.0,0.0,0.0,0.0,0.0,0,0.0,0.0
1793,0,34,0,0,0,0,0.0,0.0,0.0,0.0,0.0,0.0,0,0.0,0.0
1794,0,10,0,0,0,0,0.0,0.0,0.0,0.0,0.0,0.0,0,0.0,0.0
1795,6,27,1,6,0,6,0.0,1.0,0.0,0.0,0.0,0.0,1,1.0,0.583970804646981
1796,0,2,0,0,0,0,0.0,0.0,0.0,0.0,0.0,0.0,0,0.0,0.0
1797,0,1,0,0,0,0,0.0,0.0,0.0,0.0,0.0,0.0,0,0.0,0.0
1798,3,2,1,3,0,3,0.0,1.0,0.0,0.0,0.0,0.0,1,1.0,1.2618595071429148
1799,0,7,0,0,0,0,0.0,0.0,0.0,0.0,0.0,0.0,0,0.0,0.0
1800,0,1,0,0,0,0,0.0,0.0,0.0,0.0,0.0,0.0,0,0.0,0.0
1801,1,10,1,1,0,1,0.0,1.0,0.0,0.0,2.0,0.014285714285714285,0,0.0,0.2890648263178878
1802,0,3,0,0,0,0,0.0,0.0,0.0,0.0,0.0,0.0,0,0.0,0.0
1803,0,1,0,0,0,0,0.0,0.0,0.0,0.0,0.0,0.0,0,0.0,0.0
1804,0,15,0,0,0,0,0.0,0.0,0.0,0.0,0.0,0.0,0,0.0,0.0
1805,0,1,0,0,0,0,0.0,0.0,0.0,0.0,0.0,0.0,0,0.0,0.0
1806,0,1,0,0,0,0,0.0,0.0,0.0,0.0,0.0,0.0,0,0.0,0.0
1807,11,2,3,11,3,8,0.2727272727272727,0.7272727272727273,0.36363636363636365,0.005550654707281213,0.3333333333333333,0.004115226337448559,2,0.6666666666666666,2.2618595071429146
1808,5,3,1,5,0,5,0.0,1.0,0.0,0.0,0.0,0.0,1,1.0,1.292481250360578
1809,0,3,0,0,0,0,0.0,0.0,0.0,0.0,0.0,0.0,0,0.0,0.0
1810,0,2,0,0,0,0,0.0,0.0,0.0,0.0,0.0,0.0,0,0.0,0.0
1811,7,36,1,7,6,1,0.8571428571428571,0.1428571428571429,3.2857142857142856,0.0860545272512691,0.0,0.0,1,1.0,0.5758761600196804
1812,5,16,1,5,5,0,1.0,0.0,2.0,0.07790014333492594,0.0,0.0,1,1.0,0.6324124771567161
1813,0,32,0,0,0,0,0.0,0.0,0.0,0.0,0.0,0.0,0,0.0,0.0
1814,0,7,0,0,0,0,0.0,0.0,0.0,0.0,0.0,0.0,0,0.0,0.0
1815,0,37,0,0,0,0,0.0,0.0,0.0,0.0,0.0,0.0,0,0.0,0.0
1816,0,6,0,0,0,0,0.0,0.0,0.0,0.0,0.0,0.0,0,0.0,0.0
1817,3,33,1,3,3,0,1.0,0.0,2.3333333333333335,0.07122140522875818,2.0,0.024096385542168676,0,0.0,0.39312326446564516
1818,0,2,0,0,0,0,0.0,0.0,0.0,0.0,0.0,0.0,0,0.0,0.0
1819,0,24,0,0,0,0,0.0,0.0,0.0,0.0,0.0,0.0,0,0.0,0.0
1820,0,13,0,0,0,0,0.0,0.0,0.0,0.0,0.0,0.0,0,0.0,0.0
1821,0,5,0,0,0,0,0.0,0.0,0.0,0.0,0.0,0.0,0,0.0,0.0
1822,0,34,0,0,0,0,0.0,0.0,0.0,0.0,0.0,0.0,0,0.0,0.0
1823,0,17,0,0,0,0,0.0,0.0,0.0,0.0,0.0,0.0,0,0.0,0.0
1824,0,4,0,0,0,0,0.0,0.0,0.0,0.0,0.0,0.0,0,0.0,0.0
1825,20,8,6,20,5,15,0.25,0.75,0.3,0.003173086879983432,0.0,0.0,6,1.0,1.385621874580711
1826,17,38,5,17,15,2,0.8823529411764706,0.11764705882352944,4.352941176470588,0.08068313359529798,4.8,0.06714048393174418,1,0.2,0.7889513094312703
1827,0,31,0,0,0,0,0.0,0.0,0.0,0.0,0.0,0.0,0,0.0,0.0
1828,25,39,7,25,15,10,0.6,0.4,1.44,0.029571912560027433,2.0,0.06349911277408592,2,0.2857142857142857,0.8832211999738746
1829,0,25,0,0,0,0,0.0,0.0,0.0,0.0,0.0,0.0,0,0.0,0.0
1830,0,35,0,0,0,0,0.0,0.0,0.0,0.0,0.0,0.0,0,0.0,0.0
1831,0,6,0,0,0,0,0.0,0.0,0.0,0.0,0.0,0.0,0,0.0,0.0
1832,0,39,0,0,0,0,0.0,0.0,0.0,0.0,0.0,0.0,0,0.0,0.0
1833,12,6,3,12,2,10,0.16666666666666666,0.8333333333333334,0.25,0.0016666666666666668,1.0,0.007518796992481203,2,0.6666666666666666,1.318123223061841
1834,0,7,0,0,0,0,0.0,0.0,0.0,0.0,0.0,0.0,0,0.0,0.0
1835,13,1,4,13,0,13,0.0,1.0,0.0,0.0,0.0,0.0,4,1.0,3.8073549220576037
1836,19,15,6,19,13,6,0.6842105263157895,0.3157894736842105,1.0526315789473684,0.02626440177671425,1.8333333333333333,0.05290311395097395,1,0.16666666666666666,1.0804820237218407
1837,3,34,1,3,1,2,0.3333333333333333,0.6666666666666667,0.3333333333333333,0.015873015873015872,2.0,0.046511627906976744,0,0.0,0.3899180437875726
1838,1,20,1,1,1,0,1.0,0.0,3.0,0.038461538461538464,0.0,0.0,1,1.0,0.227670248696953
1839,0,17,0,0,0,0,0.0,0.0,0.0,0.0,0.0,0.0,0,0.0,0.0
1840,0,39,0,0,0,0,0.0,0.0,0.0,0.0,0.0,0.0,0,0.0,0.0
1841,2,38,1,2,2,0,1.0,0.0,2.5,0.10714285714285714,1.0,0.01282051282051282,0,0.0,0.2998754749572002
1842,0,4,0,0,0,0,0.0,0.0,0.0,0.0,0.0,0.0,0,0.0,0.0
1843,4,2,1,4,0,4,0.0,1.0,0.0,0.0,1.0,0.023255813953488372,0,0.0,1.4649735207179269
1844,0,36,0,0,0,0,0.0,0.0,0.0,0.0,0.0,0.0,0,0.0,0.0
1845,0,35,0,0,0,0,0.0,0.0,0.0,0.0,0.0,0.0,0,0.0,0.0
1846,6,7,1,6,2,4,0.3333333333333333,0.6666666666666667,0.6666666666666666,0.008595571095571096,0.0,0.0,1,1.0,0.9357849740192015
1847,0,34,0,0,0,0,0.0,0.0,0.0,0.0,0.0,0.0,0,0.0,0.0
1848,0,38,0,0,0,0,0.0,0.0,0.0,0.0,0.0,0.0,0,0.0,0.0
1849,8,33,2,8,5,3,0.625,0.375,1.375,0.029375000000000002,1.0,0.020299145299145296,0,0.0,0.6230856323391335
1850,0,8,0,0,0,0,0.0,0.0,0.0,0.0,0.0,0.0,0,0.0,0.0
1851,21,2,6,21,1,20,0.047619047619047616,0.9523809523809523,0.047619047619047616,0.0011074197120708748,0.0,0.0,6,1.0,2.8135880922155954
1852,0,1,0,0,0,0,0.0,0.0,0.0,0.0,0.0,0.0,0,0.0,0.0
1853,0,3,0,0,0,0,0.0,0.0,0.0,0.0,0.0,0.0,0,0.0,0.0
1854,0,39,0,0,0,0,0.0,0.0,0.0,0.0,0.0,0.0,0,0.0,0.0
1855,0,1,0,0,0,0,0.0,0.0,0.0,0.0,0.0,0.0,0,0.0,0.0
1856,1,38,1,1,0,1,0.0,1.0,0.0,0.0,1.0,0.03225806451612903,0,0.0,0.18920035951687003
1857,0,4,0,0,0,0,0.0,0.0,0.0,0.0,0.0,0.0,0,0.0,0.0
1858,0,2,0,0,0,0,0.0,0.0,0.0,0.0,0.0,0.0,0,0.0,0.0
1859,0,7,0,0,0,0,0.0,0.0,0.0,0.0,0.0,0.0,0,0.0,0.0
1860,7,35,2,7,5,2,0.7142857142857143,0.2857142857142857,1.4285714285714286,0.03943557374765429,1.5,0.029220779220779224,0,0.0,0.5802792108518123
1861,0,3,0,0,0,0,0.0,0.0,0.0,0.0,0.0,0.0,0,0.0,0.0
1862,0,10,0,0,0,0,0.0,0.0,0.0,0.0,0.0,0.0,0,0.0,0.0
1863,2,6,1,2,0,2,0.0,1.0,0.0,0.0,0.0,0.0,1,1.0,0.5645750340535797
1864,7,38,1,7,3,4,0.42857142857142855,0.5714285714285714,1.0,0.00994604738447103,1.0,0.03125,0,0.0,0.56760107855061
1865,13,27,4,13,11,2,0.8461538461538461,0.15384615384615385,1.7692307692307692,0.04350862858465658,1.5,0.026901669758812613,2,0.5,0.7919854023234905
1866,0,3,0,0,0,0,0.0,0.0,0.0,0.0,0.0,0.0,0,0.0,0.0
1867,0,39,0,0,0,0,0.0,0.0,0.0,0.0,0.0,0.0,0,0.0,0.0
1868,0,34,0,0,0,0,0.0,0.0,0.0,0.0,0.0,0.0,0,0.0,0.0
1869,6,34,1,6,4,2,0.6666666666666666,0.33333333333333337,2.0,0.03696179110124562,11.0,0.07333333333333333,0,0.0,0.5473191697130572
1870,0,39,0,0,0,0,0.0,0.0,0.0,0.0,0.0,0.0,0,0.0,0.0
1871,0,4,0,0,0,0,0.0,0.0,0.0,0.0,0.0,0.0,0,0.0,0.0
1872,12,2,3,12,1,11,0.08333333333333333,0.9166666666666666,0.08333333333333333,0.0009578544061302681,0.3333333333333333,0.006172839506172839,2,0.6666666666666666,2.3347175194727927
1873,4,1,1,4,0,4,0.0,1.0,0.0,0.0,0.0,0.0,1,1.0,2.321928094887362
1874,0,35,0,0,0,0,0.0,0.0,0.0,0.0,0.0,0.0,0,0.0,0.0
1875,14,33,4,14,7,7,0.5,0.5,1.2142857142857142,0.0262056548191002,0.75,0.008057362590603467,1,0.25,0.7679447924278748
1876,19,21,6,19,15,4,0.7894736842105263,0.21052631578947367,1.894736842105263,0.0285438636841195,1.1666666666666667,0.03309213888628138,2,0.3333333333333333,0.9691656839909223
1877,0,20,0,0,0,0,0.0,0.0,0.0,0.0,0.0,0.0,0,0.0,0.0
1878,6,10,1,6,2,4,0.3333333333333333,0.6666666666666667,0.3333333333333333,0.0043964232488822655,0.0,0.0,1,1.0,0.8115075629572489
1879,0,8,0,0,0,0,0.0,0.0,0.0,0.0,0.0,0.0,0,0.0,0.0
1880,0,1,0,0,0,0,0.0,0.0,0.0,0.0,0.0,0.0,0,0.0,0.0
1881,0,4,0,0,0,0,0.0,0.0,0.0,0.0,0.0,0.0,0,0.0,0.0
1882,0,10,0,0,0,0,0.0,0.0,0.0,0.0,0.0,0.0,0,0.0,0.0
1883,0,35,0,0,0,0,0.0,0.0,0.0,0.0,0.0,0.0,0,0.0,0.0
1884,0,38,0,0,0,0,0.0,0.0,0.0,0.0,0.0,0.0,0,0.0,0.0
1885,0,37,0,0,0,0,0.0,0.0,0.0,0.0,0.0,0.0,0,0.0,0.0
1886,0,29,0,0,0,0,0.0,0.0,0.0,0.0,0.0,0.0,0,0.0,0.0
1887,0,2,0,0,0,0,0.0,0.0,0.0,0.0,0.0,0.0,0,0.0,0.0
1888,0,38,0,0,0,0,0.0,0.0,0.0,0.0,0.0,0.0,0,0.0,0.0
1889,0,34,0,0,0,0,0.0,0.0,0.0,0.0,0.0,0.0,0,0.0,0.0
1890,7,1,1,7,0,7,0.0,1.0,0.0,0.0,0.0,0.0,1,1.0,3.0
1891,0,3,0,0,0,0,0.0,0.0,0.0,0.0,0.0,0.0,0,0.0,0.0
1892,0,30,0,0,0,0,0.0,0.0,0.0,0.0,0.0,0.0,0,0.0,0.0
1893,0,38,0,0,0,0,0.0,0.0,0.0,0.0,0.0,0.0,0,0.0,0.0
1894,0,3,0,0,0,0,0.0,0.0,0.0,0.0,0.0,0.0,0,0.0,0.0
1895,0,5,0,0,0,0,0.0,0.0,0.0,0.0,0.0,0.0,0,0.0,0.0
1896,21,39,6,21,9,12,0.42857142857142855,0.5714285714285714,1.1904761904761905,0.02652056142339224,2.0,0.03698351327691859,2,0.3333333333333333,0.8379353383074374
1897,1,5,1,1,0,1,0.0,1.0,0.0,0.0,0.0,0.0,1,1.0,0.3868528072345416
1898,7,1,2,7,0,7,0.0,1.0,0.0,0.0,0.0,0.0,2,1.0,3.0
1899,13,38,4,13,9,4,0.6923076923076923,0.3076923076923077,1.6923076923076923,0.045164331119792796,2.0,0.042800292996148924,0,0.0,0.7203529200616233
1900,0,1,0,0,0,0,0.0,0.0,0.0,0.0,0.0,0.0,0,0.0,0.0
1901,5,8,1,5,0,5,0.0,1.0,0.0,0.0,1.0,0.013888888888888888,0,0.0,0.8154648767857287
1902,0,2,0,0,0,0,0.0,0.0,0.0,0.0,0.0,0.0,0,0.0,0.0
1903,0,2,0,0,0,0,0.0,0.0,0.0,0.0,0.0,0.0,0,0.0,0.0
1904,1,36,1,1,1,0,1.0,0.0,1.0,0.007633587786259542,4.0,0.06451612903225806,0,0.0,0.19195872000656014
1905,0,32,0,0,0,0,0.0,0.0,0.0,0.0,0.0,0.0,0,0.0,0.0
1906,0,4,0,0,0,0,0.0,0.0,0.0,0.0,0.0,0.0,0,0.0,0.0
1907,0,2,0,0,0,0,0.0,0.0,0.0,0.0,0.0,0.0,0,0.0,0.0
1908,45,36,13,45,29,16,0.6444444444444445,0.3555555555555555,2.5555555555555554,0.0354664035606489,3.6923076923076925,0.04248931839859792,2,0.15384615384615385,1.0602958829616358
1909,0,12,0,0,0,0,0.0,0.0,0.0,0.0,0.0,0.0,0,0.0,0.0
1910,2,5,1,2,2,0,1.0,0.0,1.5,0.019923769923769923,1.0,0.02564102564102564,0,0.0,0.6131471927654585
1911,3,7,1,3,2,1,0.6666666666666666,0.33333333333333337,0.6666666666666666,0.004841303131991052,0.0,0.0,1,1.0,0.6666666666666667
1912,0,23,0,0,0,0,0.0,0.0,0.0,0.0,0.0,0.0,0,0.0,0.0
1913,0,37,0,0,0,0,0.0,0.0,0.0,0.0,0.0,0.0,0,0.0,0.0
1914,0,1,0,0,0,0,0.0,0.0,0.0,0.0,0.0,0.0,0,0.0,0.0
1915,0,6,0,0,0,0,0.0,0.0,0.0,0.0,0.0,0.0,0,0.0,0.0
1916,70,37,20,70,38,32,0.5428571428571428,0.4571428571428572,1.0,0.017421049394127357,0.4,0.01127997869245485,12,0.6,1.1718429996890984
1917,0,5,0,0,0,0,0.0,0.0,0.0,0.0,0.0,0.0,0,0.0,0.0
1918,0,1,0,0,0,0,0.0,0.0,0.0,0.0,0.0,0.0,0,0.0,0.0
1919,0,18,0,0,0,0,0.0,0.0,0.0,0.0,0.0,0.0,0,0.0,0.0
1920,0,38,0,0,0,0,0.0,0.0,0.0,0.0,0.0,0.0,0,0.0,0.0
1921,10,39,2,10,10,0,1.0,0.0,2.3,0.031170755881156226,1.5,0.02381679389312977,0,0.0,0.6500335135983297
1922,59,8,16,59,14,45,0.23728813559322035,0.7627118644067796,0.3220338983050847,0.004304490974755803,0.375,0.006222558711593799,11,0.6875,1.8634165139304208
1923,0,1,0,0,0,0,0.0,0.0,0.0,0.0,0.0,0.0,0,0.0,0.0
1924,1,2,1,1,0,1,0.0,1.0,0.0,0.0,1.0,0.02040816326530612,0,0.0,0.6309297535714574
1925,0,1,0,0,0,0,0.0,0.0,0.0,0.0,0.0,0.0,0,0.0,0.0
1926,0,4,0,0,0,0,0.0,0.0,0.0,0.0,0.0,0.0,0,0.0,0.0
1927,0,30,0,0,0,0,0.0,0.0,0.0,0.0,0.0,0.0,0,0.0,0.0
1928,0,2,0,0,0,0,0.0,0.0,0.0,0.0,0.0,0.0,0,0.0,0.0
1929,0,24,0,0,0,0,0.0,0.0,0.0,0.0,0.0,0.0,0,0.0,0.0
1930,0,1,0,0,0,0,0.0,0.0,0.0,0.0,0.0,0.0,0,0.0,0.0
1931,0,8,0,0,0,0,0.0,0.0,0.0,0.0,0.0,0.0,0,0.0,0.0
1932,0,1,0,0,0,0,0.0,0.0,0.0,0.0,0.0,0.0,0,0.0,0.0
1933,0,1,0,0,0,0,0.0,0.0,0.0,0.0,0.0,0.0,0,0.0,0.0
1934,0,38,0,0,0,0,0.0,0.0,0.0,0.0,0.0,0.0,0,0.0,0.0
1935,0,16,0,0,0,0,0.0,0.0,0.0,0.0,0.0,0.0,0,0.0,0.0
1936,0,7,0,0,0,0,0.0,0.0,0.0,0.0,0.0,0.0,0,0.0,0.0
1937,6,1,1,6,0,6,0.0,1.0,0.0,0.0,0.0,0.0,1,1.0,2.807354922057604
1938,5,12,1,5,0,5,0.0,1.0,0.0,0.0,1.0,0.02040816326530612,0,0.0,0.6985554954587144
1939,2,36,1,2,2,0,1.0,0.0,1.0,0.03428571428571429,1.0,0.006666666666666667,0,0.0,0.30424737289682985
1940,0,14,0,0,0,0,0.0,0.0,0.0,0.0,0.0,0.0,0,0.0,0.0
1941,0,1,0,0,0,0,0.0,0.0,0.0,0.0,0.0,0.0,0,0.0,0.0
1942,0,3,0,0,0,0,0.0,0.0,0.0,0.0,0.0,0.0,0,0.0,0.0
1943,0,1,0,0,0,0,0.0,0.0,0.0,0.0,0.0,0.0,0,0.0,0.0
1944,0,10,0,0,0,0,0.0,0.0,0.0,0.0,0.0,0.0,0,0.0,0.0
1945,33,35,9,33,23,10,0.696969696969697,0.303030303030303,1.3636363636363635,0.038756555601698356,2.7777777777777777,0.04151172390080521,2,0.2222222222222222,0.9840496409195555
1946,0,14,0,0,0,0,0.0,0.0,0.0,0.0,0.0,0.0,0,0.0,0.0
1947,0,1,0,0,0,0,0.0,0.0,0.0,0.0,0.0,0.0,0,0.0,0.0
1948,38,9,11,38,14,24,0.3684210526315789,0.631578947368421,0.42105263157894735,0.009704457279862468,0.36363636363636365,0.01170360612838489,7,0.6363636363636364,1.591064607026499
1949,0,34,0,0,0,0,0.0,0.0,0.0,0.0,0.0,0.0,0,0.0,0.0
1950,3,17,1,3,3,0,1.0,0.0,2.3333333333333335,0.038817663817663814,1.0,0.008333333333333333,0,0.0,0.4796249331362629
1951,7,11,2,7,5,2,0.7142857142857143,0.2857142857142857,1.4285714285714286,0.03184058546474654,2.0,0.030348012535048655,0,0.0,0.8368288369533894
1952,0,1,0,0,0,0,0.0,0.0,0.0,0.0,0.0,0.0,0,0.0,0.0
1953,8,36,2,8,6,2,0.75,0.25,0.875,0.02153017810683316,0.5,0.017857142857142856,1,0.5,0.6084947457936597
1954,10,3,2,10,1,9,0.1,0.9,0.2,0.0013333333333333335,0.0,0.0,2,1.0,1.7297158093186489
1955,0,2,0,0,0,0,0.0,0.0,0.0,0.0,0.0,0.0,0,0.0,0.0
1956,0,33,0,0,0,0,0.0,0.0,0.0,0.0,0.0,0.0,0,0.0,0.0
1957,0,15,0,0,0,0,0.0,0.0,0.0,0.0,0.0,0.0,0,0.0,0.0
1958,0,3,0,0,0,0,0.0,0.0,0.0,0.0,0.0,0.0,0,0.0,0.0
1959,1,13,1,1,1,0,1.0,0.0,4.0,0.034482758620689655,2.0,0.01818181818181818,0,0.0,0.26264953503719357
1960,0,1,0,0,0,0,0.0,0.0,0.0,0.0,0.0,0.0,0,0.0,0.0
1961,0,39,0,0,0,0,0.0,0.0,0.0,0.0,0.0,0.0,0,0.0,0.0
1962,28,38,8,28,5,23,0.17857142857142858,0.8214285714285714,0.21428571428571427,0.0030092140780830314,0.375,0.0044444444444444444,6,0.75,0.9191317508042588
1963,0,1,0,0,0,0,0.0,0.0,0.0,0.0,0.0,0.0,0,0.0,0.0
1964,0,25,0,0,0,0,0.0,0.0,0.0,0.0,0.0,0.0,0,0.0,0.0
1965,0,22,0,0,0,0,0.0,0.0,0.0,0.0,0.0,0.0,0,0.0,0.0
1966,0,20,0,0,0,0,0.0,0.0,0.0,0.0,0.0,0.0,0,0.0,0.0
1967,0,10,0,0,0,0,0.0,0.0,0.0,0.0,0.0,0.0,0,0.0,0.0
1968,0,22,0,0,0,0,0.0,0.0,0.0,0.0,0.0,0.0,0,0.0,0.0
1969,0,3,0,0,0,0,0.0,0.0,0.0,0.0,0.0,0.0,0,0.0,0.0
1970,18,13,5,18,2,16,0.1111111111111111,0.8888888888888888,0.1111111111111111,0.0007432264479244346,0.4,0.0027210884353741495,4,0.8,1.1157161862776594
1971,7,34,1,7,4,3,0.5714285714285714,0.4285714285714286,1.5714285714285714,0.013151492620058571,1.0,0.008771929824561403,0,0.0,0.5848770656813589
1972,12,35,3,12,7,5,0.5833333333333334,0.41666666666666663,2.1666666666666665,0.021405226263017316,0.0,0.0,3,1.0,0.7157627464825387
1973,0,38,0,0,0,0,0.0,0.0,0.0,0.0,0.0,0.0,0,0.0,0.0
1974,0,1,0,0,0,0,0.0,0.0,0.0,0.0,0.0,0.0,0,0.0,0.0
1975,7,13,2,7,1,6,0.14285714285714285,0.8571428571428572,0.14285714285714285,0.004201680672268907,0.0,0.0,2,1.0,0.7879486051115806
1976,0,13,0,0,0,0,0.0,0.0,0.0,0.0,0.0,0.0,0,0.0,0.0
1977,0,2,0,0,0,0,0.0,0.0,0.0,0.0,0.0,0.0,0,0.0,0.0
1978,20,3,6,20,0,20,0.0,1.0,0.0,0.0,0.0,0.0,6,1.0,2.1961587113893803
1979,14,38,4,14,9,5,0.6428571428571429,0.3571428571428571,1.2857142857142858,0.028944440373011804,1.0,0.031230674087816945,1,0.25,0.7391851052822103
1980,4,39,1,4,3,1,0.75,0.25,1.5,0.03549313005834745,2.0,0.025974025974025976,0,0.0,0.43629452587267725
1981,0,1,0,0,0,0,0.0,0.0,0.0,0.0,0.0,0.0,0,0.0,0.0
1982,0,1,0,0,0,0,0.0,0.0,0.0,0.0,0.0,0.0,0,0.0,0.0
1983,0,21,0,0,0,0,0.0,0.0,0.0,0.0,0.0,0.0,0,0.0,0.0
1984,0,1,0,0,0,0,0.0,0.0,0.0,0.0,0.0,0.0,0,0.0,0.0
1985,31,12,9,31,18,13,0.5806451612903226,0.4193548387096774,1.1935483870967742,0.01985418768992153,1.0,0.03538932731419997,2,0.2222222222222222,1.3511907721365988
1986,0,1,0,0,0,0,0.0,0.0,0.0,0.0,0.0,0.0,0,0.0,0.0
1987,26,39,8,26,12,14,0.46153846153846156,0.5384615384615384,1.2307692307692308,0.019150846823701696,1.5,0.039022861356932156,5,0.625,0.8934520379430465
1988,30,38,8,30,7,23,0.23333333333333334,0.7666666666666666,0.26666666666666666,0.004410401120087117,0.75,0.009630932234408574,5,0.625,0.9373357230423479
1989,0,1,0,0,0,0,0.0,0.0,0.0,0.0,0.0,0.0,0,0.0,0.0
1990,0,2,0,0,0,0,0.0,0.0,0.0,0.0,0.0,0.0,0,0.0,0.0
1991,0,9,0,0,0,0,0.0,0.0,0.0,0.0,0.0,0.0,0,0.0,0.0
1992,70,39,20,70,41,29,0.5857142857142857,0.41428571428571426,1.5571428571428572,0.025635357465647077,1.4,0.02456917222761306,8,0.4,1.1555487052545081
1993,0,33,0,0,0,0,0.0,0.0,0.0,0.0,0.0,0.0,0,0.0,0.0
1994,0,21,0,0,0,0,0.0,0.0,0.0,0.0,0.0,0.0,0,0.0,0.0
1995,0,1,0,0,0,0,0.0,0.0,0.0,0.0,0.0,0.0,0,0.0,0.0
1996,40,36,12,40,18,22,0.45,0.55,0.55,0.014185010818298444,1.0833333333333333,0.022839264963162655,5,0.4166666666666667,1.028428825175068
1997,70,32,20,70,23,47,0.32857142857142857,0.6714285714285715,0.42857142857142855,0.006735362535591181,0.2,0.002778419576663037,17,0.85,1.219125027504157
1998,0,33,0,0,0,0,0.0,0.0,0.0,0.0,0.0,0.0,0,0.0,0.0
1999,0,33,0,0,0,0,0.0,0.0,0.0,0.0,0.0,0.0,0,0.0,0.0
2000,0,2,0,0,0,0,0.0,0.0,0.0,0.0,0.0,0.0,0,0.0,0.0
2001,31,33,8,31,17,14,0.5483870967741935,0.4516129032258065,1.096774193548387,0.02190490886038659,1.375,0.009917247386759582,5,0.625,0.982808161164113
2002,10,24,2,10,8,2,0.8,0.19999999999999996,3.4,0.16235976441858793,2.0,0.058333333333333334,0,0.0,0.7449480512024891
2003,0,14,0,0,0,0,0.0,0.0,0.0,0.0,0.0,0.0,0,0.0,0.0
2004,0,1,0,0,0,0,0.0,0.0,0.0,0.0,0.0,0.0,0,0.0,0.0
2005,0,1,0,0,0,0,0.0,0.0,0.0,0.0,0.0,0.0,0,0.0,0.0
2006,0,39,0,0,0,0,0.0,0.0,0.0,0.0,0.0,0.0,0,0.0,0.0
2007,0,14,0,0,0,0,0.0,0.0,0.0,0.0,0.0,0.0,0,0.0,0.0
2008,0,19,0,0,0,0,0.0,0.0,0.0,0.0,0.0,0.0,0,0.0,0.0
2009,3,34,1,3,2,1,0.6666666666666666,0.33333333333333337,1.6666666666666667,0.038286479250334675,0.0,0.0,1,1.0,0.3899180437875726
2010,0,15,0,0,0,0,0.0,0.0,0.0,0.0,0.0,0.0,0,0.0,0.0
2011,0,1,0,0,0,0,0.0,0.0,0.0,0.0,0.0,0.0,0,0.0,0.0
2012,0,1,0,0,0,0,0.0,0.0,0.0,0.0,0.0,0.0,0,0.0,0.0
2013,10,31,3,10,1,9,0.1,0.9,0.1,0.005263157894736842,1.0,0.012331201137171286,1,0.3333333333333333,0.6918863237274595
2014,3,39,1,3,1,2,0.3333333333333333,0.6666666666666667,0.3333333333333333,0.0196078431372549,0.0,0.0,1,1.0,0.37580364941821515
2015,12,39,3,12,4,8,0.3333333333333333,0.6666666666666667,0.5833333333333334,0.011607475066372245,1.3333333333333333,0.020676691729323307,1,0.3333333333333333,0.695319375264767
2016,0,1,0,0,0,0,0.0,0.0,0.0,0.0,0.0,0.0,0,0.0,0.0
2017,0,1,0,0,0,0,0.0,0.0,0.0,0.0,0.0,0.0,0,0.0,0.0
2018,0,16,0,0,0,0,0.0,0.0,0.0,0.0,0.0,0.0,0,0.0,0.0
2019,0,1,0,0,0,0,0.0,0.0,0.0,0.0,0.0,0.0,0,0.0,0.0
2020,0,18,0,0,0,0,0.0,0.0,0.0,0.0,0.0,0.0,0,0.0,0.0
2021,0,6,0,0,0,0,0.0,0.0,0.0,0.0,0.0,0.0,0,0.0,0.0
2022,0,2,0,0,0,0,0.0,0.0,0.0,0.0,0.0,0.0,0,0.0,0.0
2023,0,2,0,0,0,0,0.0,0.0,0.0,0.0,0.0,0.0,0,0.0,0.0
2024,0,17,0,0,0,0,0.0,0.0,0.0,0.0,0.0,0.0,0,0.0,0.0
2025,2,9,1,2,0,2,0.0,1.0,0.0,0.0,0.0,0.0,1,1.0,0.47712125471966244
2026,70,34,20,70,51,19,0.7285714285714285,0.27142857142857146,1.457142857142857,0.02852050116391276,0.85,0.017138316256880805,9,0.45,1.1989486833127627
2027,14,6,4,14,2,12,0.14285714285714285,0.8571428571428572,0.14285714285714285,0.0020995670995671,0.25,0.003246753246753247,3,0.75,1.3916625094004957
2028,0,8,0,0,0,0,0.0,0.0,0.0,0.0,0.0,0.0,0,0.0,0.0
2029,0,1,0,0,0,0,0.0,0.0,0.0,0.0,0.0,0.0,0,0.0,0.0
2030,0,37,0,0,0,0,0.0,0.0,0.0,0.0,0.0,0.0,0,0.0,0.0
2031,18,38,5,18,16,2,0.8888888888888888,0.11111111111111116,1.7222222222222223,0.027514644461579644,1.0,0.01688713801921349,2,0.4,0.8037094127451301
2032,12,38,3,12,7,5,0.5833333333333334,0.41666666666666663,1.3333333333333333,0.029106574062714417,0.3333333333333333,0.007751937984496124,2,0.6666666666666666,0.7001245250427999
2033,7,38,1,7,4,3,0.5714285714285714,0.4285714285714286,3.0,0.02449757139412312,1.0,0.012345679012345678,0,0.0,0.56760107855061
2034,0,24,0,0,0,0,0.0,0.0,0.0,0.0,0.0,0.0,0,0.0,0.0
2035,0,23,0,0,0,0,0.0,0.0,0.0,0.0,0.0,0.0,0,0.0,0.0
2036,0,6,0,0,0,0,0.0,0.0,0.0,0.0,0.0,0.0,0,0.0,0.0
2037,10,24,3,10,0,10,0.0,1.0,0.0,0.0,0.0,0.0,3,1.0,0.7449480512024891
2038,0,24,0,0,0,0,0.0,0.0,0.0,0.0,0.0,0.0,0,0.0,0.0
2039,5,1,1,5,1,4,0.2,0.8,0.2,0.0013605442176870747,0.0,0.0,1,1.0,2.584962500721156
2040,0,2,0,0,0,0,0.0,0.0,0.0,0.0,0.0,0.0,0,0.0,0.0
2041,0,1,0,0,0,0,0.0,0.0,0.0,0.0,0.0,0.0,0,0.0,0.0
2042,2,35,1,2,0,2,0.0,1.0,0.0,0.0,1.0,0.027777777777777776,0,0.0,0.30657359638272924
2043,0,2,0,0,0,0,0.0,0.0,0.0,0.0,0.0,0.0,0,0.0,0.0
2044,2,3,1,2,1,1,0.5,0.5,0.5,0.003968253968253968,0.0,0.0,1,1.0,0.7924812503605781
2045,0,1,0,0,0,0,0.0,0.0,0.0,0.0,0.0,0.0,0,0.0,0.0
2046,0,39,0,0,0,0,0.0,0.0,0.0,0.0,0.0,0.0,0,0.0,0.0
2047,0,1,0,0,0,0,0.0,0.0,0.0,0.0,0.0,0.0,0,0.0,0.0
2048,17,32,5,17,5,12,0.29411764705882354,0.7058823529411764,1.3529411764705883,0.02752174520597198,1.2,0.012,4,0.8,0.8266453617174234
2049,0,2,0,0,0,0,0.0,0.0,0.0,0.0,0.0,0.0,0,0.0,0.0
2050,0,5,0,0,0,0,0.0,0.0,0.0,0.0,0.0,0.0,0,0.0,0.0
2051,0,5,0,0,0,0,0.0,0.0,0.0,0.0,0.0,0.0,0,0.0,0.0
2052,14,38,4,14,9,5,0.6428571428571429,0.3571428571428571,2.2857142857142856,0.04278709609555862,1.75,0.06066176470588235,2,0.5,0.7391851052822103
2053,0,14,0,0,0,0,0.0,0.0,0.0,0.0,0.0,0.0,0,0.0,0.0
2054,0,1,0,0,0,0,0.0,0.0,0.0,0.0,0.0,0.0,0,0.0,0.0
2055,5,34,1,5,3,2,0.6,0.4,1.4,0.020523444277039674,2.0,0.06451612903225806,0,0.0,0.5039617607727125
2056,0,17,0,0,0,0,0.0,0.0,0.0,0.0,0.0,0.0,0,0.0,0.0
2057,0,1,0,0,0,0,0.0,0.0,0.0,0.0,0.0,0.0,0,0.0,0.0
2058,2,3,1,2,0,2,0.0,1.0,0.0,0.0,0.0,0.0,1,1.0,0.7924812503605781
2059,3,1,1,3,0,3,0.0,1.0,0.0,0.0,0.0,0.0,1,1.0,2.0
2060,0,25,0,0,0,0,0.0,0.0,0.0,0.0,0.0,0.0,0,0.0,0.0
2061,0,1,0,0,0,0,0.0,0.0,0.0,0.0,0.0,0.0,0,0.0,0.0
2062,0,2,0,0,0,0,0.0,0.0,0.0,0.0,0.0,0.0,0,0.0,0.0
2063,1,32,1,1,0,1,0.0,1.0,0.0,0.0,1.0,0.01282051282051282,0,0.0,0.19823986317056053
2064,0,1,0,0,0,0,0.0,0.0,0.0,0.0,0.0,0.0,0,0.0,0.0
2065,6,38,1,6,3,3,0.5,0.5,0.6666666666666666,0.0072682406295851675,0.0,0.0,1,1.0,0.5311525605447533
2066,2,39,1,2,2,0,1.0,0.0,2.0,0.02532051282051282,2.0,0.016,0,0.0,0.2978173459810155
2067,0,1,0,0,0,0,0.0,0.0,0.0,0.0,0.0,0.0,0,0.0,0.0
2068,15,39,4,15,11,4,0.7333333333333333,0.2666666666666667,1.6666666666666667,0.05327890837316839,3.75,0.07716244725738397,1,0.25,0.7516072988364303
2069,0,1,0,0,0,0,0.0,0.0,0.0,0.0,0.0,0.0,0,0.0,0.0
2070,2,9,1,2,0,2,0.0,1.0,0.0,0.0,0.0,0.0,1,1.0,0.47712125471966244
2071,2,39,1,2,2,0,1.0,0.0,1.0,0.09415584415584416,1.0,0.1111111111111111,0,0.0,0.2978173459810155
2072,7,11,2,7,4,3,0.5714285714285714,0.4285714285714286,1.4285714285714286,0.03263658327488115,2.5,0.06971153846153846,0,0.0,0.8368288369533894
2073,18,38,5,18,8,10,0.4444444444444444,0.5555555555555556,0.6666666666666666,0.01691510759864908,0.8,0.02264957264957265,2,0.4,0.8037094127451301
2074,0,36,0,0,0,0,0.0,0.0,0.0,0.0,0.0,0.0,0,0.0,0.0
2075,0,19,0,0,0,0,0.0,0.0,0.0,0.0,0.0,0.0,0,0.0,0.0
2076,0,1,0,0,0,0,0.0,0.0,0.0,0.0,0.0,0.0,0,0.0,0.0
2077,0,1,0,0,0,0,0.0,0.0,0.0,0.0,0.0,0.0,0,0.0,0.0
2078,0,13,0,0,0,0,0.0,0.0,0.0,0.0,0.0,0.0,0,0.0,0.0
2079,59,3,16,59,9,50,0.15254237288135594,0.847457627118644,0.15254237288135594,0.002729883925897938,0.0,0.0,16,1.0,2.9534452978042594
2080,0,27,0,0,0,0,0.0,0.0,0.0,0.0,0.0,0.0,0,0.0,0.0
2081,0,36,0,0,0,0,0.0,0.0,0.0,0.0,0.0,0.0,0,0.0,0.0
2082,0,35,0,0,0,0,0.0,0.0,0.0,0.0,0.0,0.0,0,0.0,0.0
2083,35,39,10,35,25,10,0.7142857142857143,0.2857142857142857,1.6285714285714286,0.03516374558337033,0.9,0.011566476548490936,5,0.5,0.9714383413802461
2084,0,1,0,0,0,0,0.0,0.0,0.0,0.0,0.0,0.0,0,0.0,0.0
2085,0,2,0,0,0,0,0.0,0.0,0.0,0.0,0.0,0.0,0,0.0,0.0
2086,0,23,0,0,0,0,0.0,0.0,0.0,0.0,0.0,0.0,0,0.0,0.0
2087,17,39,4,17,11,6,0.6470588235294118,0.3529411764705882,1.3529411764705883,0.024410579530480106,1.0,0.008968253968253969,2,0.5,0.7835365166711385
2088,0,13,0,0,0,0,0.0,0.0,0.0,0.0,0.0,0.0,0,0.0,0.0
2089,7,33,2,7,1,6,0.14285714285714285,0.8571428571428572,0.14285714285714285,0.0018552875695732839,1.0,0.01818181818181818,1,0.5,0.5896848966984678
2090,0,19,0,0,0,0,0.0,0.0,0.0,0.0,0.0,0.0,0,0.0,0.0
2091,0,2,0,0,0,0,0.0,0.0,0.0,0.0,0.0,0.0,0,0.0,0.0
2092,0,2,0,0,0,0,0.0,0.0,0.0,0.0,0.0,0.0,0,0.0,0.0
2093,0,8,0,0,0,0,0.0,0.0,0.0,0.0,0.0,0.0,0,0.0,0.0
2094,2,24,1,2,2,0,1.0,0.0,4.5,0.08758120939530235,2.0,0.3333333333333333,0,0.0,0.3413030972429927
2095,8,1,2,8,0,8,0.0,1.0,0.0,0.0,0.0,0.0,2,1.0,3.1699250014423126
2096,2,3,1,2,0,2,0.0,1.0,0.0,0.0,0.0,0.0,1,1.0,0.7924812503605781
2097,12,39,3,12,10,2,0.8333333333333334,0.16666666666666663,3.5833333333333335,0.04718068251747387,0.6666666666666666,0.041666666666666664,2,0.6666666666666666,0.695319375264767
2098,0,2,0,0,0,0,0.0,0.0,0.0,0.0,0.0,0.0,0,0.0,0.0
2099,10,39,3,10,2,8,0.2,0.8,0.4,0.026785714285714284,2.3333333333333335,0.015555555555555557,2,0.6666666666666666,0.6500335135983297
2100,0,1,0,0,0,0,0.0,0.0,0.0,0.0,0.0,0.0,0,0.0,0.0
2101,0,1,0,0,0,0,0.0,0.0,0.0,0.0,0.0,0.0,0,0.0,0.0
2102,0,1,0,0,0,0,0.0,0.0,0.0,0.0,0.0,0.0,0,0.0,0.0
2103,7,38,1,7,1,6,0.14285714285714285,0.8571428571428572,1.1428571428571428,0.00761904761904762,2.0,0.03636363636363636,0,0.0,0.56760107855061
2104,0,34,0,0,0,0,0.0,0.0,0.0,0.0,0.0,0.0,0,0.0,0.0
2105,0,37,0,0,0,0,0.0,0.0,0.0,0.0,0.0,0.0,0,0.0,0.0
2106,1,35,1,1,1,0,1.0,0.0,2.0,0.015267175572519083,0.0,0.0,1,1.0,0.1934264036172708
2107,2,10,1,2,1,1,0.5,0.5,1.0,0.022727272727272728,0.0,0.0,1,1.0,0.45815690999132624
2108,0,1,0,0,0,0,0.0,0.0,0.0,0.0,0.0,0.0,0,0.0,0.0
2109,0,30,0,0,0,0,0.0,0.0,0.0,0.0,0.0,0.0,0,0.0,0.0
2110,0,4,0,0,0,0,0.0,0.0,0.0,0.0,0.0,0.0,0,0.0,0.0
2111,0,17,0,0,0,0,0.0,0.0,0.0,0.0,0.0,0.0,0,0.0,0.0
2112,1,26,1,1,0,1,0.0,1.0,0.0,0.0,1.0,0.016129032258064516,0,0.0,0.21030991785715247
2113,0,1,0,0,0,0,0.0,0.0,0.0,0.0,0.0,0.0,0,0.0,0.0
2114,0,39,0,0,0,0,0.0,0.0,0.0,0.0,0.0,0.0,0,0.0,0.0
2115,0,39,0,0,0,0,0.0,0.0,0.0,0.0,0.0,0.0,0,0.0,0.0
2116,2,8,1,2,2,0,1.0,0.0,2.5,0.040757575757575756,3.0,0.02,0,0.0,0.5
2117,2,37,1,2,1,1,0.5,0.5,0.5,0.004201680672268907,0.0,0.0,1,1.0,0.30201684315588717
2118,1,3,1,1,0,1,0.0,1.0,0.0,0.0,0.0,0.0,1,1.0,0.5
2119,0,16,0,0,0,0,0.0,0.0,0.0,0.0,0.0,0.0,0,0.0,0.0
2120,7,17,1,7,5,2,0.7142857142857143,0.2857142857142857,1.5714285714285714,0.02914140772809706,0.0,0.0,1,1.0,0.7194373997043944
2121,14,35,4,14,8,6,0.5714285714285714,0.4285714285714286,0.7857142857142857,0.0325059316642897,2.0,0.027587450414713305,2,0.5,0.7556957972346928
2122,0,1,0,0,0,0,0.0,0.0,0.0,0.0,0.0,0.0,0,0.0,0.0
2123,0,1,0,0,0,0,0.0,0.0,0.0,0.0,0.0,0.0,0,0.0,0.0
2124,0,38,0,0,0,0,0.0,0.0,0.0,0.0,0.0,0.0,0,0.0,0.0
2125,21,38,6,21,13,8,0.6190476190476191,0.38095238095238093,1.380952380952381,0.04015266228073823,2.6666666666666665,0.06749423416090083,1,0.16666666666666666,0.8437260654870744
2126,6,10,1,6,1,5,0.16666666666666666,0.8333333333333334,0.16666666666666666,0.0023148148148148147,0.0,0.0,1,1.0,0.8115075629572489
2127,11,39,3,11,9,2,0.8181818181818182,0.18181818181818177,4.909090909090909,0.0525965776156595,1.0,0.007042253521126761,2,0.6666666666666666,0.6736209953992307
2128,0,15,0,0,0,0,0.0,0.0,0.0,0.0,0.0,0.0,0,0.0,0.0
2129,0,14,0,0,0,0,0.0,0.0,0.0,0.0,0.0,0.0,0,0.0,0.0
2130,0,1,0,0,0,0,0.0,0.0,0.0,0.0,0.0,0.0,0,0.0,0.0
2131,0,16,0,0,0,0,0.0,0.0,0.0,0.0,0.0,0.0,0,0.0,0.0
2132,0,3,0,0,0,0,0.0,0.0,0.0,0.0,0.0,0.0,0,0.0,0.0
2133,0,1,0,0,0,0,0.0,0.0,0.0,0.0,0.0,0.0,0,0.0,0.0
2134,0,35,0,0,0,0,0.0,0.0,0.0,0.0,0.0,0.0,0,0.0,0.0
2135,0,12,0,0,0,0,0.0,0.0,0.0,0.0,0.0,0.0,0,0.0,0.0
2136,0,1,0,0,0,0,0.0,0.0,0.0,0.0,0.0,0.0,0,0.0,0.0
2137,0,37,0,0,0,0,0.0,0.0,0.0,0.0,0.0,0.0,0,0.0,0.0
2138,0,1,0,0,0,0,0.0,0.0,0.0,0.0,0.0,0.0,0,0.0,0.0
2139,0,31,0,0,0,0,0.0,0.0,0.0,0.0,0.0,0.0,0,0.0,0.0
2140,0,13,0,0,0,0,0.0,0.0,0.0,0.0,0.0,0.0,0,0.0,0.0
2141,0,2,0,0,0,0,0.0,0.0,0.0,0.0,0.0,0.0,0,0.0,0.0
2142,0,4,0,0,0,0,0.0,0.0,0.0,0.0,0.0,0.0,0,0.0,0.0
2143,0,11,0,0,0,0,0.0,0.0,0.0,0.0,0.0,0.0,0,0.0,0.0
2144,0,1,0,0,0,0,0.0,0.0,0.0,0.0,0.0,0.0,0,0.0,0.0
2145,0,34,0,0,0,0,0.0,0.0,0.0,0.0,0.0,0.0,0,0.0,0.0
2146,0,27,0,0,0,0,0.0,0.0,0.0,0.0,0.0,0.0,0,0.0,0.0
2147,0,1,0,0,0,0,0.0,0.0,0.0,0.0,0.0,0.0,0,0.0,0.0
2148,0,1,0,0,0,0,0.0,0.0,0.0,0.0,0.0,0.0,0,0.0,0.0
2149,1,35,1,1,1,0,1.0,0.0,1.0,0.03571428571428571,1.0,0.011627906976744186,0,0.0,0.1934264036172708
2150,0,17,0,0,0,0,0.0,0.0,0.0,0.0,0.0,0.0,0,0.0,0.0
2151,6,39,1,6,2,4,0.3333333333333333,0.6666666666666667,0.5,0.003671497584541063,0.0,0.0,1,1.0,0.5275071124607182
2152,0,2,0,0,0,0,0.0,0.0,0.0,0.0,0.0,0.0,0,0.0,0.0
2153,24,32,6,24,12,12,0.5,0.5,0.9166666666666666,0.012032631881557827,1.3333333333333333,0.01999562860639972,2,0.3333333333333333,0.920597415644702
2154,0,3,0,0,0,0,0.0,0.0,0.0,0.0,0.0,0.0,0,0.0,0.0
2155,0,4,0,0,0,0,0.0,0.0,0.0,0.0,0.0,0.0,0,0.0,0.0
2156,0,2,0,0,0,0,0.0,0.0,0.0,0.0,0.0,0.0,0,0.0,0.0
2157,0,39,0,0,0,0,0.0,0.0,0.0,0.0,0.0,0.0,0,0.0,0.0
2158,0,31,0,0,0,0,0.0,0.0,0.0,0.0,0.0,0.0,0,0.0,0.0
2159,19,2,6,19,2,17,0.10526315789473684,0.8947368421052632,0.10526315789473684,0.004319965440276478,0.16666666666666666,0.005555555555555556,5,0.8333333333333334,2.7268330278608417
2160,0,4,0,0,0,0,0.0,0.0,0.0,0.0,0.0,0.0,0,0.0,0.0
2161,8,39,2,8,2,6,0.25,0.75,0.25,0.0019958651399491095,0.5,0.010638297872340425,1,0.5,0.595634691962031
2162,5,37,1,5,3,2,0.6,0.4,1.0,0.01419661733615222,2.0,0.14285714285714285,0,0.0,0.49256825558266054
2163,0,1,0,0,0,0,0.0,0.0,0.0,0.0,0.0,0.0,0,0.0,0.0
2164,0,35,0,0,0,0,0.0,0.0,0.0,0.0,0.0,0.0,0,0.0,0.0
2165,0,4,0,0,0,0,0.0,0.0,0.0,0.0,0.0,0.0,0,0.0,0.0
2166,0,4,0,0,0,0,0.0,0.0,0.0,0.0,0.0,0.0,0,0.0,0.0
2167,0,21,0,0,0,0,0.0,0.0,0.0,0.0,0.0,0.0,0,0.0,0.0
2168,3,20,1,3,3,0,1.0,0.0,3.0,0.08611111111111112,1.0,0.024390243902439025,0,0.0,0.455340497393906
2169,1,39,1,1,0,1,0.0,1.0,0.0,0.0,1.0,0.018867924528301886,0,0.0,0.18790182470910757
2170,6,39,1,6,3,3,0.5,0.5,1.5,0.014346425931791786,3.0,0.02857142857142857,0,0.0,0.5275071124607182
2171,0,2,0,0,0,0,0.0,0.0,0.0,0.0,0.0,0.0,0,0.0,0.0
2172,3,33,1,3,2,1,0.6666666666666666,0.33333333333333337,0.6666666666666666,0.013240347685465939,0.0,0.0,1,1.0,0.39312326446564516
2173,0,39,0,0,0,0,0.0,0.0,0.0,0.0,0.0,0.0,0,0.0,0.0
2174,0,4,0,0,0,0,0.0,0.0,0.0,0.0,0.0,0.0,0,0.0,0.0
2175,29,13,8,29,7,22,0.2413793103448276,0.7586206896551724,0.27586206896551724,0.010416257267869494,0.125,0.001059322033898305,7,0.875,1.2887925334149553
2176,16,33,4,16,9,7,0.5625,0.4375,0.625,0.027291732367807547,0.5,0.04479166666666667,2,0.5,0.8034383677671774
2177,0,3,0,0,0,0,0.0,0.0,0.0,0.0,0.0,0.0,0,0.0,0.0
2178,0,3,0,0,0,0,0.0,0.0,0.0,0.0,0.0,0.0,0,0.0,0.0
2179,0,1,0,0,0,0,0.0,0.0,0.0,0.0,0.0,0.0,0,0.0,0.0
2180,7,10,2,7,0,7,0.0,1.0,0.0,0.0,0.5,0.006944444444444444,1,0.5,0.8671944789536634
2181,0,31,0,0,0,0,0.0,0.0,0.0,0.0,0.0,0.0,0,0.0,0.0
2182,0,34,0,0,0,0,0.0,0.0,0.0,0.0,0.0,0.0,0,0.0,0.0
2183,1,38,1,1,0,1,0.0,1.0,0.0,0.0,2.0,0.016666666666666666,0,0.0,0.18920035951687003
2184,0,1,0,0,0,0,0.0,0.0,0.0,0.0,0.0,0.0,0,0.0,0.0
2185,0,10,0,0,0,0,0.0,0.0,0.0,0.0,0.0,0.0,0,0.0,0.0
2186,19,10,5,19,5,14,0.2631578947368421,0.736842105263158,0.3684210526315789,0.00712274175324384,0.0,0.0,5,1.0,1.2493173941070153
2187,0,33,0,0,0,0,0.0,0.0,0.0,0.0,0.0,0.0,0,0.0,0.0
2188,3,39,1,3,1,2,0.3333333333333333,0.6666666666666667,1.3333333333333333,0.011695906432748537,0.0,0.0,1,1.0,0.37580364941821515
2189,0,6,0,0,0,0,0.0,0.0,0.0,0.0,0.0,0.0,0,0.0,0.0
2190,0,35,0,0,0,0,0.0,0.0,0.0,0.0,0.0,0.0,0,0.0,0.0
2191,0,23,0,0,0,0,0.0,0.0,0.0,0.0,0.0,0.0,0,0.0,0.0
2192,0,1,0,0,0,0,0.0,0.0,0.0,0.0,0.0,0.0,0,0.0,0.0
2193,2,37,1,2,2,0,1.0,0.0,1.5,0.01801874595992243,1.0,0.027777777777777776,0,0.0,0.30201684315588717
2194,0,2,0,0,0,0,0.0,0.0,0.0,0.0,0.0,0.0,0,0.0,0.0
2195,0,10,0,0,0,0,0.0,0.0,0.0,0.0,0.0,0.0,0,0.0,0.0
2196,24,37,6,24,7,17,0.2916666666666667,0.7083333333333333,1.0,0.011927427204093594,0.8333333333333334,0.012440001518948888,1,0.16666666666666666,0.8848933560683879
2197,4,18,1,4,2,2,0.5,0.5,0.5,0.0045736434108527135,2.0,0.02127659574468085,0,0.0,0.5466025697329024
2198,0,16,0,0,0,0,0.0,0.0,0.0,0.0,0.0,0.0,0,0.0,0.0
2199,0,33,0,0,0,0,0.0,0.0,0.0,0.0,0.0,0.0,0,0.0,0.0
2200,0,34,0,0,0,0,0.0,0.0,0.0,0.0,0.0,0.0,0,0.0,0.0
2201,0,1,0,0,0,0,0.0,0.0,0.0,0.0,0.0,0.0,0,0.0,0.0
2202,0,34,0,0,0,0,0.0,0.0,0.0,0.0,0.0,0.0,0,0.0,0.0
2203,0,38,0,0,0,0,0.0,0.0,0.0,0.0,0.0,0.0,0,0.0,0.0
2204,16,37,4,16,7,9,0.4375,0.5625,0.8125,0.012307171707030443,0.75,0.008712121212121213,2,0.5,0.7788718176422045
2205,33,1,9,33,1,32,0.030303030303030304,0.9696969696969697,0.030303030303030304,0.00026581605528973947,0.1111111111111111,0.0011337868480725622,8,0.8888888888888888,5.08746284125034
2206,13,37,4,13,3,10,0.23076923076923078,0.7692307692307692,0.23076923076923078,0.0038125570040463655,0.25,0.007142857142857143,3,0.75,0.7254968580081042
2207,0,31,0,0,0,0,0.0,0.0,0.0,0.0,0.0,0.0,0,0.0,0.0
2208,1,39,1,1,1,0,1.0,0.0,4.0,0.18181818181818182,2.0,0.047619047619047616,0,0.0,0.18790182470910757
2209,0,6,0,0,0,0,0.0,0.0,0.0,0.0,0.0,0.0,0,0.0,0.0
2210,3,35,1,3,2,1,0.6666666666666666,0.33333333333333337,1.0,0.013668430335097001,0.0,0.0,1,1.0,0.3868528072345416
2211,2,31,1,2,2,0,1.0,0.0,7.0,0.052380952380952375,3.0,0.08571428571428572,0,0.0,0.31699250014423125
2212,12,14,3,12,5,7,0.4166666666666667,0.5833333333333333,0.5833333333333334,0.007865942090805168,0.3333333333333333,0.006802721088435374,2,0.6666666666666666,0.9471572411831843
2213,0,2,0,0,0,0,0.0,0.0,0.0,0.0,0.0,0.0,0,0.0,0.0
2214,0,1,0,0,0,0,0.0,0.0,0.0,0.0,0.0,0.0,0,0.0,0.0
2215,0,7,0,0,0,0,0.0,0.0,0.0,0.0,0.0,0.0,0,0.0,0.0
2216,0,17,0,0,0,0,0.0,0.0,0.0,0.0,0.0,0.0,0,0.0,0.0
2217,0,1,0,0,0,0,0.0,0.0,0.0,0.0,0.0,0.0,0,0.0,0.0
2218,10,39,2,10,10,0,1.0,0.0,4.3,0.05149806794765843,2.0,0.02019332627118644,0,0.0,0.6500335135983297
2219,5,23,1,5,1,4,0.2,0.8,0.2,0.002898550724637681,3.0,0.025,0,0.0,0.5637914160289369
2220,0,29,0,0,0,0,0.0,0.0,0.0,0.0,0.0,0.0,0,0.0,0.0
2221,0,3,0,0,0,0,0.0,0.0,0.0,0.0,0.0,0.0,0,0.0,0.0
2222,18,22,5,18,5,13,0.2777777777777778,0.7222222222222222,0.3333333333333333,0.007838152047297474,1.0,0.01406926406926407,2,0.4,0.9390669465144927
2223,0,33,0,0,0,0,0.0,0.0,0.0,0.0,0.0,0.0,0,0.0,0.0
2224,1,10,1,1,0,1,0.0,1.0,0.0,0.0,1.0,0.013333333333333334,0,0.0,0.2890648263178878
2225,0,4,0,0,0,0,0.0,0.0,0.0,0.0,0.0,0.0,0,0.0,0.0
2226,0,34,0,0,0,0,0.0,0.0,0.0,0.0,0.0,0.0,0,0.0,0.0
2227,12,14,3,12,3,9,0.25,0.75,0.3333333333333333,0.005037878787878788,0.3333333333333333,0.004273504273504273,2,0.6666666666666666,0.9471572411831843
2228,0,20,0,0,0,0,0.0,0.0,0.0,0.0,0.0,0.0,0,0.0,0.0
2229,0,3,0,0,0,0,0.0,0.0,0.0,0.0,0.0,0.0,0,0.0,0.0
2230,0,27,0,0,0,0,0.0,0.0,0.0,0.0,0.0,0.0,0,0.0,0.0
2231,17,39,5,17,9,8,0.5294117647058824,0.47058823529411764,1.1764705882352942,0.0264934634876153,1.4,0.013098528255252217,2,0.4,0.7835365166711385
2232,17,10,4,17,4,13,0.23529411764705882,0.7647058823529411,0.47058823529411764,0.005377535629636469,0.0,0.0,4,1.0,1.2053786463005403
2233,5,27,1,5,1,4,0.2,0.8,0.2,0.0036363636363636364,2.0,0.017543859649122806,0,0.0,0.5377099345963751
2234,7,2,1,7,0,7,0.0,1.0,0.0,0.0,0.0,0.0,1,1.0,1.892789260714372
2235,0,10,0,0,0,0,0.0,0.0,0.0,0.0,0.0,0.0,0,0.0,0.0
2236,13,2,4,13,2,11,0.15384615384615385,0.8461538461538461,0.15384615384615385,0.0026533018867924527,0.0,0.0,4,1.0,2.402173502732879
2237,0,38,0,0,0,0,0.0,0.0,0.0,0.0,0.0,0.0,0,0.0,0.0
2238,0,5,0,0,0,0,0.0,0.0,0.0,0.0,0.0,0.0,0,0.0,0.0
2239,10,12,3,10,3,7,0.3,0.7,0.6,0.008643836783371666,0.3333333333333333,0.0038314176245210726,2,0.6666666666666666,0.9348704159880586
2240,0,10,0,0,0,0,0.0,0.0,0.0,0.0,0.0,0.0,0,0.0,0.0
2241,5,20,1,5,3,2,0.6,0.4,1.0,0.016407586763518965,1.0,0.03571428571428571,0,0.0,0.5885190554114832
2242,1,8,1,1,0,1,0.0,1.0,0.0,0.0,0.0,0.0,1,1.0,0.3154648767857287
2243,0,8,0,0,0,0,0.0,0.0,0.0,0.0,0.0,0.0,0,0.0,0.0
2244,0,4,0,0,0,0,0.0,0.0,0.0,0.0,0.0,0.0,0,0.0,0.0
2245,0,8,0,0,0,0,0.0,0.0,0.0,0.0,0.0,0.0,0,0.0,0.0
2246,0,2,0,0,0,0,0.0,0.0,0.0,0.0,0.0,0.0,0,0.0,0.0
2247,0,1,0,0,0,0,0.0,0.0,0.0,0.0,0.0,0.0,0,0.0,0.0
2248,5,31,1,5,1,4,0.2,0.8,0.2,0.008,0.0,0.0,1,1.0,0.5169925001442313
2249,0,31,0,0,0,0,0.0,0.0,0.0,0.0,0.0,0.0,0,0.0,0.0
2250,0,4,0,0,0,0,0.0,0.0,0.0,0.0,0.0,0.0,0,0.0,0.0
2251,0,30,0,0,0,0,0.0,0.0,0.0,0.0,0.0,0.0,0,0.0,0.0
2252,0,2,0,0,0,0,0.0,0.0,0.0,0.0,0.0,0.0,0,0.0,0.0
2253,10,37,2,10,5,5,0.5,0.5,0.6,0.012822210121959809,1.0,0.1388888888888889,0,0.0,0.659199581125176
2254,0,38,0,0,0,0,0.0,0.0,0.0,0.0,0.0,0.0,0,0.0,0.0
2255,0,4,0,0,0,0,0.0,0.0,0.0,0.0,0.0,0.0,0,0.0,0.0
2256,0,2,0,0,0,0,0.0,0.0,0.0,0.0,0.0,0.0,0,0.0,0.0
2257,0,13,0,0,0,0,0.0,0.0,0.0,0.0,0.0,0.0,0,0.0,0.0
2258,0,2,0,0,0,0,0.0,0.0,0.0,0.0,0.0,0.0,0,0.0,0.0
2259,0,38,0,0,0,0,0.0,0.0,0.0,0.0,0.0,0.0,0,0.0,0.0
2260,0,5,0,0,0,0,0.0,0.0,0.0,0.0,0.0,0.0,0,0.0,0.0
2261,0,19,0,0,0,0,0.0,0.0,0.0,0.0,0.0,0.0,0,0.0,0.0
2262,0,1,0,0,0,0,0.0,0.0,0.0,0.0,0.0,0.0,0,0.0,0.0
2263,4,7,1,4,0,4,0.0,1.0,0.0,0.0,1.0,0.006666666666666667,0,0.0,0.7739760316291208
2264,0,21,0,0,0,0,0.0,0.0,0.0,0.0,0.0,0.0,0,0.0,0.0
2265,0,2,0,0,0,0,0.0,0.0,0.0,0.0,0.0,0.0,0,0.0,0.0
2266,0,26,0,0,0,0,0.0,0.0,0.0,0.0,0.0,0.0,0,0.0,0.0
2267,0,4,0,0,0,0,0.0,0.0,0.0,0.0,0.0,0.0,0,0.0,0.0
2268,1,1,1,1,0,1,0.0,1.0,0.0,0.0,1.0,0.030303030303030304,0,0.0,1.0
2269,21,26,6,21,9,12,0.42857142857142855,0.5714285714285714,0.8095238095238095,0.007455203353076113,0.6666666666666666,0.015847686592367443,3,0.5,0.9378626974051986
2270,4,36,1,4,1,3,0.25,0.75,0.25,0.003048780487804878,0.0,0.0,1,1.0,0.4457143450418488
2271,8,39,2,8,4,4,0.5,0.5,1.5,0.02214385182766958,0.5,0.0043859649122807015,1,0.5,0.595634691962031
2272,49,39,14,49,23,26,0.46938775510204084,0.5306122448979591,1.2040816326530612,0.021392237999185174,2.0,0.038693941497913366,3,0.21428571428571427,1.060490876454462
2273,0,1,0,0,0,0,0.0,0.0,0.0,0.0,0.0,0.0,0,0.0,0.0
2274,0,38,0,0,0,0,0.0,0.0,0.0,0.0,0.0,0.0,0,0.0,0.0
2275,0,36,0,0,0,0,0.0,0.0,0.0,0.0,0.0,0.0,0,0.0,0.0
2276,0,8,0,0,0,0,0.0,0.0,0.0,0.0,0.0,0.0,0,0.0,0.0
2277,70,18,20,70,42,28,0.6,0.4,0.8714285714285714,0.017866086252504097,0.5,0.010471112917349475,13,0.65,1.447705286882211
2278,6,23,1,6,3,3,0.5,0.5,0.6666666666666666,0.018186547751765144,1.0,0.03225806451612903,0,0.0,0.6122961576274708
2279,0,4,0,0,0,0,0.0,0.0,0.0,0.0,0.0,0.0,0,0.0,0.0
2280,0,1,0,0,0,0,0.0,0.0,0.0,0.0,0.0,0.0,0,0.0,0.0
2281,0,1,0,0,0,0,0.0,0.0,0.0,0.0,0.0,0.0,0,0.0,0.0
2282,0,1,0,0,0,0,0.0,0.0,0.0,0.0,0.0,0.0,0,0.0,0.0
2283,15,36,4,15,2,13,0.13333333333333333,0.8666666666666667,0.13333333333333333,0.003953216374269005,0.25,0.0020833333333333333,3,0.75,0.7678348800262406
2284,15,39,4,15,11,4,0.7333333333333333,0.2666666666666667,1.3333333333333333,0.03862977415273177,2.0,0.031799628942486086,1,0.25,0.7516072988364303
2285,7,17,1,7,4,3,0.5714285714285714,0.4285714285714286,1.0,0.012317427638635966,0.0,0.0,1,1.0,0.7194373997043944
2286,1,24,1,1,0,1,0.0,1.0,0.0,0.0,0.0,0.0,1,1.0,0.21533827903669653
2287,0,28,0,0,0,0,0.0,0.0,0.0,0.0,0.0,0.0,0,0.0,0.0
2288,0,3,0,0,0,0,0.0,0.0,0.0,0.0,0.0,0.0,0,0.0,0.0
2289,0,9,0,0,0,0,0.0,0.0,0.0,0.0,0.0,0.0,0,0.0,0.0
2290,0,25,0,0,0,0,0.0,0.0,0.0,0.0,0.0,0.0,0,0.0,0.0
2291,7,35,2,7,7,0,1.0,0.0,1.8571428571428572,0.03276274550356265,1.5,0.014705882352941176,1,0.5,0.5802792108518123
2292,0,1,0,0,0,0,0.0,0.0,0.0,0.0,0.0,0.0,0,0.0,0.0
2293,9,3,2,9,4,5,0.4444444444444444,0.5555555555555556,0.4444444444444444,0.010093510203057892,1.0,0.017222222222222222,0,0.0,1.6609640474436813
2294,0,2,0,0,0,0,0.0,0.0,0.0,0.0,0.0,0.0,0,0.0,0.0
2295,0,36,0,0,0,0,0.0,0.0,0.0,0.0,0.0,0.0,0,0.0,0.0
2296,41,35,12,41,11,30,0.2682926829268293,0.7317073170731707,0.4146341463414634,0.006262195054153293,0.4166666666666667,0.021168994769741042,9,0.75,1.043016566250846
2297,0,35,0,0,0,0,0.0,0.0,0.0,0.0,0.0,0.0,0,0.0,0.0
2298,0,3,0,0,0,0,0.0,0.0,0.0,0.0,0.0,0.0,0,0.0,0.0
2299,0,4,0,0,0,0,0.0,0.0,0.0,0.0,0.0,0.0,0,0.0,0.0
2300,2,11,1,2,0,2,0.0,1.0,0.0,0.0,0.0,0.0,1,1.0,0.4421141086977403
2301,7,25,2,7,5,2,0.7142857142857143,0.2857142857142857,2.5714285714285716,0.028683127403332172,0.5,0.011627906976744186,1,0.5,0.6382381606600894
2302,0,1,0,0,0,0,0.0,0.0,0.0,0.0,0.0,0.0,0,0.0,0.0
2303,0,2,0,0,0,0,0.0,0.0,0.0,0.0,0.0,0.0,0,0.0,0.0
2304,0,5,0,0,0,0,0.0,0.0,0.0,0.0,0.0,0.0,0,0.0,0.0
2305,2,7,1,2,1,1,0.5,0.5,1.5,0.01,0.0,0.0,1,1.0,0.5283208335737188
2306,0,2,0,0,0,0,0.0,0.0,0.0,0.0,0.0,0.0,0,0.0,0.0
2307,0,7,0,0,0,0,0.0,0.0,0.0,0.0,0.0,0.0,0,0.0,0.0
2308,16,38,4,16,12,4,0.75,0.25,1.4375,0.021014648418415285,3.0,0.08393264840182649,1,0.25,0.7733494390764113
2309,2,1,1,2,1,1,0.5,0.5,0.5,0.0035714285714285713,1.0,0.029411764705882353,0,0.0,1.5849625007211563
2310,0,1,0,0,0,0,0.0,0.0,0.0,0.0,0.0,0.0,0,0.0,0.0
2311,0,39,0,0,0,0,0.0,0.0,0.0,0.0,0.0,0.0,0,0.0,0.0
2312,0,1,0,0,0,0,0.0,0.0,0.0,0.0,0.0,0.0,0,0.0,0.0
2313,3,35,1,3,1,2,0.3333333333333333,0.6666666666666667,0.6666666666666666,0.0196078431372549,0.0,0.0,1,1.0,0.3868528072345416
2314,0,2,0,0,0,0,0.0,0.0,0.0,0.0,0.0,0.0,0,0.0,0.0
2315,0,1,0,0,0,0,0.0,0.0,0.0,0.0,0.0,0.0,0,0.0,0.0
2316,0,34,0,0,0,0,0.0,0.0,0.0,0.0,0.0,0.0,0,0.0,0.0
2317,0,2,0,0,0,0,0.0,0.0,0.0,0.0,0.0,0.0,0,0.0,0.0
2318,0,21,0,0,0,0,0.0,0.0,0.0,0.0,0.0,0.0,0,0.0,0.0
2319,0,2,0,0,0,0,0.0,0.0,0.0,0.0,0.0,0.0,0,0.0,0.0
2320,2,13,1,2,1,1,0.5,0.5,0.5,0.0043859649122807015,0.0,0.0,1,1.0,0.4162896638657993
2321,11,30,3,11,9,2,0.8181818181818182,0.18181818181818177,1.5454545454545454,0.02296548544340138,3.0,0.04180866121164628,0,0.0,0.7236214062016458
2322,0,1,0,0,0,0,0.0,0.0,0.0,0.0,0.0,0.0,0,0.0,0.0
2323,0,21,0,0,0,0,0.0,0.0,0.0,0.0,0.0,0.0,0,0.0,0.0
2324,0,26,0,0,0,0,0.0,0.0,0.0,0.0,0.0,0.0,0,0.0,0.0
2325,0,10,0,0,0,0,0.0,0.0,0.0,0.0,0.0,0.0,0,0.0,0.0
2326,3,32,1,3,2,1,0.6666666666666666,0.33333333333333337,2.0,0.03123123123123123,1.0,0.017857142857142856,0,0.0,0.39647972634112105
2327,0,14,0,0,0,0,0.0,0.0,0.0,0.0,0.0,0.0,0,0.0,0.0
2328,0,1,0,0,0,0,0.0,0.0,0.0,0.0,0.0,0.0,0,0.0,0.0
2329,0,1,0,0,0,0,0.0,0.0,0.0,0.0,0.0,0.0,0,0.0,0.0
2330,3,39,1,3,2,1,0.6666666666666666,0.33333333333333337,0.6666666666666666,0.01421623643845866,3.0,0.03125,0,0.0,0.37580364941821515
2331,0,1,0,0,0,0,0.0,0.0,0.0,0.0,0.0,0.0,0,0.0,0.0
2332,0,3,0,0,0,0,0.0,0.0,0.0,0.0,0.0,0.0,0,0.0,0.0
2333,0,38,0,0,0,0,0.0,0.0,0.0,0.0,0.0,0.0,0,0.0,0.0
2334,0,38,0,0,0,0,0.0,0.0,0.0,0.0,0.0,0.0,0,0.0,0.0
2335,0,37,0,0,0,0,0.0,0.0,0.0,0.0,0.0,0.0,0,0.0,0.0
2336,0,3,0,0,0,0,0.0,0.0,0.0,0.0,0.0,0.0,0,0.0,0.0
2337,1,37,1,1,1,0,1.0,0.0,1.0,0.011627906976744186,1.0,0.043478260869565216,0,0.0,0.1905514124267734
2338,0,7,0,0,0,0,0.0,0.0,0.0,0.0,0.0,0.0,0,0.0,0.0
2339,7,7,1,7,1,6,0.14285714285714285,0.8571428571428572,0.14285714285714285,0.0009523809523809525,0.0,0.0,1,1.0,1.0
2340,19,2,6,19,0,19,0.0,1.0,0.0,0.0,0.3333333333333333,0.03641975308641975,4,0.6666666666666666,2.7268330278608417
2341,12,36,4,12,3,9,0.25,0.75,0.25,0.003064790622836679,0.75,0.017395182872435324,2,0.5,0.7103316717558003
2342,0,2,0,0,0,0,0.0,0.0,0.0,0.0,0.0,0.0,0,0.0,0.0
2343,0,1,0,0,0,0,0.0,0.0,0.0,0.0,0.0,0.0,0,0.0,0.0
2344,24,39,6,24,21,3,0.875,0.125,3.0,0.09916783273797504,2.1666666666666665,0.10732156661947934,1,0.16666666666666666,0.8725890517453545
2345,7,18,1,7,5,2,0.7142857142857143,0.2857142857142857,1.1428571428571428,0.021720648985488016,0.0,0.0,1,1.0,0.7062267400999147
2346,2,39,1,2,0,2,0.0,1.0,0.0,0.0,0.0,0.0,1,1.0,0.2978173459810155
2347,0,1,0,0,0,0,0.0,0.0,0.0,0.0,0.0,0.0,0,0.0,0.0
2348,0,6,0,0,0,0,0.0,0.0,0.0,0.0,0.0,0.0,0,0.0,0.0
2349,0,15,0,0,0,0,0.0,0.0,0.0,0.0,0.0,0.0,0,0.0,0.0
2350,8,39,2,8,8,0,1.0,0.0,3.125,0.03133993835997257,0.0,0.0,2,1.0,0.595634691962031
2351,0,37,0,0,0,0,0.0,0.0,0.0,0.0,0.0,0.0,0,0.0,0.0
2352,16,21,4,16,10,6,0.625,0.375,1.625,0.02533503753295057,1.0,0.017630145278450363,2,0.5,0.9165882988692126
2353,0,4,0,0,0,0,0.0,0.0,0.0,0.0,0.0,0.0,0,0.0,0.0
2354,0,1,0,0,0,0,0.0,0.0,0.0,0.0,0.0,0.0,0,0.0,0.0
2355,3,1,1,3,0,3,0.0,1.0,0.0,0.0,0.0,0.0,1,1.0,2.0
2356,0,4,0,0,0,0,0.0,0.0,0.0,0.0,0.0,0.0,0,0.0,0.0
2357,0,2,0,0,0,0,0.0,0.0,0.0,0.0,0.0,0.0,0,0.0,0.0
2358,0,35,0,0,0,0,0.0,0.0,0.0,0.0,0.0,0.0,0,0.0,0.0
2359,7,36,2,7,4,3,0.5714285714285714,0.4285714285714286,1.1428571428571428,0.023615432186860758,1.5,0.06521739130434782,1,0.5,0.5758761600196804
2360,0,28,0,0,0,0,0.0,0.0,0.0,0.0,0.0,0.0,0,0.0,0.0
2361,0,5,0,0,0,0,0.0,0.0,0.0,0.0,0.0,0.0,0,0.0,0.0
2362,32,35,9,32,21,11,0.65625,0.34375,1.28125,0.026645013872880742,2.3333333333333335,0.025146240217148202,2,0.2222222222222222,0.9757190129356155
2363,26,33,8,26,19,7,0.7307692307692307,0.2692307692307693,1.5,0.028742554830265374,1.875,0.01978728643840584,0,0.0,0.9346284485087002
2364,0,39,0,0,0,0,0.0,0.0,0.0,0.0,0.0,0.0,0,0.0,0.0
2365,25,39,7,25,24,1,0.96,0.040000000000000036,3.16,0.05079371815114641,2.5714285714285716,0.035388904595117905,0,0.0,0.8832211999738746
2366,0,10,0,0,0,0,0.0,0.0,0.0,0.0,0.0,0.0,0,0.0,0.0
2367,0,14,0,0,0,0,0.0,0.0,0.0,0.0,0.0,0.0,0,0.0,0.0
2368,7,3,2,7,0,7,0.0,1.0,0.0,0.0,0.0,0.0,2,1.0,1.5
2369,0,10,0,0,0,0,0.0,0.0,0.0,0.0,0.0,0.0,0,0.0,0.0
2370,6,24,1,6,3,3,0.5,0.5,1.0,0.009365805708087588,1.0,0.01282051282051282,0,0.0,0.6045309775610838
2371,38,34,10,38,27,11,0.7105263157894737,0.2894736842105263,1.7105263157894737,0.03844437705315827,2.2,0.03084490803258334,2,0.2,1.0304368469046319
2372,1,1,1,1,1,0,1.0,0.0,1.0,0.02127659574468085,0.0,0.0,1,1.0,1.0
2373,1,38,1,1,0,1,0.0,1.0,0.0,0.0,1.0,0.012048192771084338,0,0.0,0.18920035951687003
2374,0,9,0,0,0,0,0.0,0.0,0.0,0.0,0.0,0.0,0,0.0,0.0
2375,0,0,0,0,0,0,0.0,0.0,0.0,0.0,0.0,0.0,0,0.0,0.0
2376,0,39,0,0,0,0,0.0,0.0,0.0,0.0,0.0,0.0,0,0.0,0.0
2377,0,33,0,0,0,0,0.0,0.0,0.0,0.0,0.0,0.0,0,0.0,0.0
2378,1,29,1,1,1,0,1.0,0.0,1.0,0.038461538461538464,1.0,0.006666666666666667,0,0.0,0.20379504709050617
2379,0,38,0,0,0,0,0.0,0.0,0.0,0.0,0.0,0.0,0,0.0,0.0
2380,0,33,0,0,0,0,0.0,0.0,0.0,0.0,0.0,0.0,0,0.0,0.0
2381,9,15,2,9,2,7,0.2222222222222222,0.7777777777777778,0.3333333333333333,0.0027734711455641692,0.0,0.0,2,1.0,0.8304820237218407
2382,0,2,0,0,0,0,0.0,0.0,0.0,0.0,0.0,0.0,0,0.0,0.0
2383,61,9,18,61,8,53,0.13114754098360656,0.8688524590163934,0.14754098360655737,0.0018996738490144138,0.1111111111111111,0.003958333333333334,16,0.8888888888888888,1.7923916894982537
2384,0,5,0,0,0,0,0.0,0.0,0.0,0.0,0.0,0.0,0,0.0,0.0
2385,2,12,1,2,1,1,0.5,0.5,1.0,0.025,3.0,0.027777777777777776,0,0.0,0.42831734103139474
2386,0,36,0,0,0,0,0.0,0.0,0.0,0.0,0.0,0.0,0,0.0,0.0
2387,0,2,0,0,0,0,0.0,0.0,0.0,0.0,0.0,0.0,0,0.0,0.0
2388,0,1,0,0,0,0,0.0,0.0,0.0,0.0,0.0,0.0,0,0.0,0.0
2389,0,17,0,0,0,0,0.0,0.0,0.0,0.0,0.0,0.0,0,0.0,0.0
2390,0,20,0,0,0,0,0.0,0.0,0.0,0.0,0.0,0.0,0,0.0,0.0
2391,70,35,20,70,14,56,0.2,0.8,0.32857142857142857,0.011805251945332143,0.1,0.003443396226415094,18,0.9,1.189523468481461
2392,26,39,8,26,3,23,0.11538461538461539,0.8846153846153846,0.11538461538461539,0.003462553660517461,0.125,0.001288659793814433,7,0.875,0.8934520379430465
2393,4,32,1,4,3,1,0.75,0.25,2.0,0.019750147569696442,0.0,0.0,1,1.0,0.460298707822351
2394,10,23,3,10,8,2,0.8,0.19999999999999996,2.2,0.024905830471205776,2.0,0.04314259385703421,0,0.0,0.7545168838552492
2395,0,27,0,0,0,0,0.0,0.0,0.0,0.0,0.0,0.0,0,0.0,0.0
2396,0,1,0,0,0,0,0.0,0.0,0.0,0.0,0.0,0.0,0,0.0,0.0
2397,0,2,0,0,0,0,0.0,0.0,0.0,0.0,0.0,0.0,0,0.0,0.0
2398,0,1,0,0,0,0,0.0,0.0,0.0,0.0,0.0,0.0,0,0.0,0.0
2399,5,24,1,5,3,2,0.6,0.4,1.4,0.024224311396998186,0.0,0.0,1,1.0,0.5566413762796892
2400,0,23,0,0,0,0,0.0,0.0,0.0,0.0,0.0,0.0,0,0.0,0.0
2401,1,1,1,1,0,1,0.0,1.0,0.0,0.0,0.0,0.0,1,1.0,1.0
2402,0,38,0,0,0,0,0.0,0.0,0.0,0.0,0.0,0.0,0,0.0,0.0
2403,0,4,0,0,0,0,0.0,0.0,0.0,0.0,0.0,0.0,0,0.0,0.0
2404,0,35,0,0,0,0,0.0,0.0,0.0,0.0,0.0,0.0,0,0.0,0.0
2405,5,38,1,5,2,3,0.4,0.6,0.6,0.0071111111111111115,0.0,0.0,1,1.0,0.48907583447407016
2406,3,39,1,3,2,1,0.6666666666666666,0.33333333333333337,0.6666666666666666,0.026803118908382065,0.0,0.0,1,1.0,0.37580364941821515
2407,0,16,0,0,0,0,0.0,0.0,0.0,0.0,0.0,0.0,0,0.0,0.0
2408,70,39,20,70,20,50,0.2857142857142857,0.7142857142857143,0.5714285714285714,0.01154514044132041,0.35,0.005961610994505731,15,0.75,1.1555487052545081
2409,0,1,0,0,0,0,0.0,0.0,0.0,0.0,0.0,0.0,0,0.0,0.0
2410,0,4,0,0,0,0,0.0,0.0,0.0,0.0,0.0,0.0,0,0.0,0.0
2411,2,1,1,2,0,2,0.0,1.0,0.0,0.0,0.0,0.0,1,1.0,1.5849625007211563
2412,31,36,9,31,17,14,0.5483870967741935,0.4516129032258065,1.1612903225806452,0.02000974518984066,1.2222222222222223,0.01738405223360809,3,0.3333333333333333,0.9597936000328008
2413,0,3,0,0,0,0,0.0,0.0,0.0,0.0,0.0,0.0,0,0.0,0.0
2414,0,33,0,0,0,0,0.0,0.0,0.0,0.0,0.0,0.0,0,0.0,0.0
2415,0,1,0,0,0,0,0.0,0.0,0.0,0.0,0.0,0.0,0,0.0,0.0
2416,28,7,8,28,7,21,0.25,0.75,0.25,0.005695680871613313,0.5,0.008319805194805196,5,0.625,1.6193269983758576
2417,0,2,0,0,0,0,0.0,0.0,0.0,0.0,0.0,0.0,0,0.0,0.0
2418,0,30,0,0,0,0,0.0,0.0,0.0,0.0,0.0,0.0,0,0.0,0.0
2419,10,1,2,10,2,8,0.2,0.8,0.2,0.00170995670995671,1.0,0.021212847555129432,0,0.0,3.4594316186372978
2420,0,19,0,0,0,0,0.0,0.0,0.0,0.0,0.0,0.0,0,0.0,0.0
2421,0,1,0,0,0,0,0.0,0.0,0.0,0.0,0.0,0.0,0,0.0,0.0
2422,14,7,4,14,3,11,0.21428571428571427,0.7857142857142857,0.2857142857142857,0.0019347854464595179,0.25,0.004629629629629629,3,0.75,1.3022968652028397
2423,0,2,0,0,0,0,0.0,0.0,0.0,0.0,0.0,0.0,0,0.0,0.0
2424,0,1,0,0,0,0,0.0,0.0,0.0,0.0,0.0,0.0,0,0.0,0.0
2425,0,37,0,0,0,0,0.0,0.0,0.0,0.0,0.0,0.0,0,0.0,0.0
2426,0,38,0,0,0,0,0.0,0.0,0.0,0.0,0.0,0.0,0,0.0,0.0
2427,33,30,9,33,14,19,0.42424242424242425,0.5757575757575757,1.0606060606060606,0.0175401882438177,0.8888888888888888,0.03257580776960622,6,0.6666666666666666,1.0268997275267555
2428,0,26,0,0,0,0,0.0,0.0,0.0,0.0,0.0,0.0,0,0.0,0.0
2429,2,35,1,2,1,1,0.5,0.5,0.5,0.0033333333333333335,0.0,0.0,1,1.0,0.30657359638272924
2430,12,39,4,12,10,2,0.8333333333333334,0.16666666666666663,4.666666666666667,0.06439435016578442,4.25,0.02875,1,0.25,0.695319375264767
2431,9,21,2,9,1,8,0.1111111111111111,0.8888888888888888,0.1111111111111111,0.0007457121551081282,0.0,0.0,2,1.0,0.744921859773347
2432,0,4,0,0,0,0,0.0,0.0,0.0,0.0,0.0,0.0,0,0.0,0.0
2433,0,1,0,0,0,0,0.0,0.0,0.0,0.0,0.0,0.0,0,0.0,0.0
2434,4,37,1,4,2,2,0.5,0.5,0.5,0.00989010989010989,0.0,0.0,1,1.0,0.44244667803419396
2435,0,1,0,0,0,0,0.0,0.0,0.0,0.0,0.0,0.0,0,0.0,0.0
2436,0,38,0,0,0,0,0.0,0.0,0.0,0.0,0.0,0.0,0,0.0,0.0
2437,3,37,1,3,1,2,0.3333333333333333,0.6666666666666667,0.3333333333333333,0.0032679738562091504,0.0,0.0,1,1.0,0.3811028248535468
2438,0,7,0,0,0,0,0.0,0.0,0.0,0.0,0.0,0.0,0,0.0,0.0
2439,11,34,3,11,9,2,0.8181818181818182,0.18181818181818177,1.4545454545454546,0.01881856930394316,0.3333333333333333,0.027777777777777776,2,0.6666666666666666,0.6989207826664988
2440,2,30,1,2,2,0,1.0,0.0,7.0,0.0671600370027752,0.0,0.0,1,1.0,0.3199232330374462
2441,6,24,1,6,2,4,0.3333333333333333,0.6666666666666667,0.3333333333333333,0.010317460317460317,2.0,0.024096385542168676,0,0.0,0.6045309775610838
2442,0,10,0,0,0,0,0.0,0.0,0.0,0.0,0.0,0.0,0,0.0,0.0
2443,0,18,0,0,0,0,0.0,0.0,0.0,0.0,0.0,0.0,0,0.0,0.0
2444,0,39,0,0,0,0,0.0,0.0,0.0,0.0,0.0,0.0,0,0.0,0.0
2445,0,38,0,0,0,0,0.0,0.0,0.0,0.0,0.0,0.0,0,0.0,0.0
2446,6,20,1,6,4,2,0.6666666666666666,0.33333333333333337,2.1666666666666665,0.028563718269608296,0.0,0.0,1,1.0,0.6391511932854698
2447,0,6,0,0,0,0,0.0,0.0,0.0,0.0,0.0,0.0,0,0.0,0.0
2448,3,1,1,3,0,3,0.0,1.0,0.0,0.0,0.0,0.0,1,1.0,2.0
2449,70,38,20,70,24,46,0.34285714285714286,0.6571428571428571,0.4857142857142857,0.006124883219012031,0.35,0.005458007504477628,14,0.7,1.1635343659481219
2450,0,8,0,0,0,0,0.0,0.0,0.0,0.0,0.0,0.0,0,0.0,0.0
2451,0,5,0,0,0,0,0.0,0.0,0.0,0.0,0.0,0.0,0,0.0,0.0
2452,1,25,1,1,1,0,1.0,0.0,1.0,0.023255813953488372,1.0,0.013333333333333334,0,0.0,0.21274605355336315
2453,70,39,20,70,22,48,0.3142857142857143,0.6857142857142857,0.5,0.006704405309122099,0.65,0.006674452735704439,12,0.6,1.1555487052545081
2454,1,36,1,1,0,1,0.0,1.0,0.0,0.0,0.0,0.0,1,1.0,0.19195872000656014
2455,3,15,1,3,2,1,0.6666666666666666,0.33333333333333337,0.6666666666666666,0.014822134387351778,1.0,0.01282051282051282,0,0.0,0.5
2456,1,2,1,1,0,1,0.0,1.0,0.0,0.0,0.0,0.0,1,1.0,0.6309297535714574
2457,0,1,0,0,0,0,0.0,0.0,0.0,0.0,0.0,0.0,0,0.0,0.0
2458,6,15,1,6,3,3,0.5,0.5,0.8333333333333334,0.010432295603879748,1.0,0.01818181818181818,0,0.0,0.701838730514401
2459,0,1,0,0,0,0,0.0,0.0,0.0,0.0,0.0,0.0,0,0.0,0.0
2460,1,9,1,1,1,0,1.0,0.0,1.0,0.006711409395973154,2.0,0.013333333333333334,0,0.0,0.30102999566398114
2461,0,1,0,0,0,0,0.0,0.0,0.0,0.0,0.0,0.0,0,0.0,0.0
2462,16,33,4,16,14,2,0.875,0.125,2.5,0.04601462286955699,2.0,0.017688451898978212,2,0.5,0.8034383677671774
2463,3,39,1,3,2,1,0.6666666666666666,0.33333333333333337,1.3333333333333333,0.013076923076923078,1.0,0.015625,0,0.0,0.37580364941821515
2464,53,38,15,53,32,21,0.6037735849056604,0.39622641509433965,1.3396226415094339,0.017082324114707118,0.6,0.010634846288242072,9,0.6,1.0888267843884705
2465,0,33,0,0,0,0,0.0,0.0,0.0,0.0,0.0,0.0,0,0.0,0.0
2466,5,30,1,5,4,1,0.8,0.19999999999999996,1.2,0.01572623229950212,1.0,0.00684931506849315,0,0.0,0.521772319619546
2467,1,22,1,1,1,0,1.0,0.0,1.0,0.012987012987012988,2.0,0.013333333333333334,0,0.0,0.22106472945750374
2468,2,8,1,2,1,1,0.5,0.5,0.5,0.0078125,0.0,0.0,1,1.0,0.5
2469,31,32,9,31,21,10,0.6774193548387096,0.32258064516129037,1.7419354838709677,0.02268919004357488,1.1111111111111112,0.01871212121212121,4,0.4444444444444444,0.9911993158528026
2470,0,1,0,0,0,0,0.0,0.0,0.0,0.0,0.0,0.0,0,0.0,0.0
2471,0,1,0,0,0,0,0.0,0.0,0.0,0.0,0.0,0.0,0,0.0,0.0
2472,0,9,0,0,0,0,0.0,0.0,0.0,0.0,0.0,0.0,0,0.0,0.0
2473,0,1,0,0,0,0,0.0,0.0,0.0,0.0,0.0,0.0,0,0.0,0.0
2474,0,1,0,0,0,0,0.0,0.0,0.0,0.0,0.0,0.0,0,0.0,0.0
2475,17,37,4,17,10,7,0.5882352941176471,0.4117647058823529,1.0588235294117647,0.0294119108867643,1.0,0.022156084656084655,1,0.25,0.7945850987385477
2476,19,23,6,19,12,7,0.631578947368421,0.368421052631579,1.4736842105263157,0.028196552924194464,1.5,0.013187429854096521,3,0.5,0.9426310671477853
2477,12,9,4,12,2,10,0.16666666666666666,0.8333333333333334,0.16666666666666666,0.003206313972129732,0.75,0.0082010582010582,2,0.5,1.1139433523068367
2478,3,14,1,3,0,3,0.0,1.0,0.0,0.0,1.0,0.014084507042253521,0,0.0,0.511916049619631
2479,5,8,1,5,1,4,0.2,0.8,0.2,0.0025974025974025974,0.0,0.0,1,1.0,0.8154648767857287
2480,0,36,0,0,0,0,0.0,0.0,0.0,0.0,0.0,0.0,0,0.0,0.0
2481,0,1,0,0,0,0,0.0,0.0,0.0,0.0,0.0,0.0,0,0.0,0.0
2482,0,33,0,0,0,0,0.0,0.0,0.0,0.0,0.0,0.0,0,0.0,0.0
2483,0,15,0,0,0,0,0.0,0.0,0.0,0.0,0.0,0.0,0,0.0,0.0
2484,1,29,1,1,0,1,0.0,1.0,0.0,0.0,1.0,0.00909090909090909,0,0.0,0.20379504709050617
2485,0,3,0,0,0,0,0.0,0.0,0.0,0.0,0.0,0.0,0,0.0,0.0
2486,18,9,5,18,8,10,0.4444444444444444,0.5555555555555556,0.5555555555555556,0.006029992194223159,0.4,0.00596078431372549,3,0.6,1.2787536009528289
2487,4,3,1,4,1,3,0.25,0.75,0.25,0.0030120481927710845,0.0,0.0,1,1.0,1.160964047443681
2488,70,11,20,70,7,63,0.1,0.9,0.12857142857142856,0.0014763017372550944,0.15,0.0024761904761904764,17,0.85,1.7154285765241868
2489,0,5,0,0,0,0,0.0,0.0,0.0,0.0,0.0,0.0,0,0.0,0.0
2490,0,1,0,0,0,0,0.0,0.0,0.0,0.0,0.0,0.0,0,0.0,0.0
2491,0,4,0,0,0,0,0.0,0.0,0.0,0.0,0.0,0.0,0,0.0,0.0
2492,53,16,15,53,14,39,0.2641509433962264,0.7358490566037736,0.32075471698113206,0.006549071198809194,0.3333333333333333,0.006696795351669429,10,0.6666666666666666,1.4079363472336963
2493,0,5,0,0,0,0,0.0,0.0,0.0,0.0,0.0,0.0,0,0.0,0.0
2494,3,4,1,3,0,3,0.0,1.0,0.0,0.0,0.0,0.0,1,1.0,0.8613531161467861
2495,0,11,0,0,0,0,0.0,0.0,0.0,0.0,0.0,0.0,0,0.0,0.0
2496,10,37,3,10,5,5,0.5,0.5,0.8,0.012355468132035228,1.3333333333333333,0.015074498267775578,0,0.0,0.659199581125176
2497,0,9,0,0,0,0,0.0,0.0,0.0,0.0,0.0,0.0,0,0.0,0.0
2498,10,5,2,10,1,9,0.1,0.9,0.1,0.0012658227848101266,0.0,0.0,2,1.0,1.3382908331057726
2499,0,39,0,0,0,0,0.0,0.0,0.0,0.0,0.0,0.0,0,0.0,0.0
2500,0,27,0,0,0,0,0.0,0.0,0.0,0.0,0.0,0.0,0,0.0,0.0
2501,0,9,0,0,0,0,0.0,0.0,0.0,0.0,0.0,0.0,0,0.0,0.0
2502,0,12,0,0,0,0,0.0,0.0,0.0,0.0,0.0,0.0,0,0.0,0.0
2503,5,19,1,5,2,3,0.4,0.6,0.6,0.010005652911249293,1.0,0.2,0,0.0,0.5981040045018439
2504,0,25,0,0,0,0,0.0,0.0,0.0,0.0,0.0,0.0,0,0.0,0.0
2505,1,11,1,1,1,0,1.0,0.0,1.0,0.043478260869565216,0.0,0.0,1,1.0,0.2789429456511298
2506,8,2,2,8,1,7,0.125,0.875,0.25,0.0017730496453900709,0.0,0.0,2,1.0,2.0
2507,0,2,0,0,0,0,0.0,0.0,0.0,0.0,0.0,0.0,0,0.0,0.0
2508,7,9,1,7,3,4,0.42857142857142855,0.5714285714285714,0.5714285714285714,0.006970309564649187,0.0,0.0,1,1.0,0.9030899869919434
2509,1,23,1,1,1,0,1.0,0.0,2.0,0.045454545454545456,1.0,0.01282051282051282,0,0.0,0.21810429198553155
2510,22,4,6,22,2,20,0.09090909090909091,0.9090909090909091,0.09090909090909091,0.0014705652289544906,0.0,0.0,6,1.0,1.9481920934663797
2511,40,1,11,40,1,39,0.025,0.975,0.025,0.00023148148148148146,0.0,0.0,11,1.0,5.357552004618084
2512,0,7,0,0,0,0,0.0,0.0,0.0,0.0,0.0,0.0,0,0.0,0.0
2513,0,4,0,0,0,0,0.0,0.0,0.0,0.0,0.0,0.0,0,0.0,0.0
2514,4,10,1,4,1,3,0.25,0.75,0.25,0.0016666666666666668,1.0,0.011627906976744186,0,0.0,0.6711877414712396
2515,0,37,0,0,0,0,0.0,0.0,0.0,0.0,0.0,0.0,0,0.0,0.0
2516,7,11,1,7,2,5,0.2857142857142857,0.7142857142857143,0.42857142857142855,0.005186675609210821,0.0,0.0,1,1.0,0.8368288369533894
2517,0,4,0,0,0,0,0.0,0.0,0.0,0.0,0.0,0.0,0,0.0,0.0
2518,2,9,1,2,1,1,0.5,0.5,0.5,0.0033333333333333335,0.0,0.0,1,1.0,0.47712125471966244
2519,0,1,0,0,0,0,0.0,0.0,0.0,0.0,0.0,0.0,0,0.0,0.0
2520,25,38,7,25,9,16,0.36,0.64,0.48,0.006345646784532111,0.5714285714285714,0.014250283446712017,4,0.5714285714285714,0.88932488455967
2521,0,27,0,0,0,0,0.0,0.0,0.0,0.0,0.0,0.0,0,0.0,0.0
2522,0,6,0,0,0,0,0.0,0.0,0.0,0.0,0.0,0.0,0,0.0,0.0
2523,0,1,0,0,0,0,0.0,0.0,0.0,0.0,0.0,0.0,0,0.0,0.0
2524,0,10,0,0,0,0,0.0,0.0,0.0,0.0,0.0,0.0,0,0.0,0.0
2525,0,1,0,0,0,0,0.0,0.0,0.0,0.0,0.0,0.0,0,0.0,0.0
2526,0,5,0,0,0,0,0.0,0.0,0.0,0.0,0.0,0.0,0,0.0,0.0
2527,35,5,10,35,4,31,0.11428571428571428,0.8857142857142857,0.11428571428571428,0.001733991009537138,0.0,0.0,10,1.0,2.0
2528,0,4,0,0,0,0,0.0,0.0,0.0,0.0,0.0,0.0,0,0.0,0.0
2529,3,39,1,3,1,2,0.3333333333333333,0.6666666666666667,1.6666666666666667,0.01773049645390071,2.0,0.047619047619047616,0,0.0,0.37580364941821515
2530,0,3,0,0,0,0,0.0,0.0,0.0,0.0,0.0,0.0,0,0.0,0.0
2531,0,37,0,0,0,0,0.0,0.0,0.0,0.0,0.0,0.0,0,0.0,0.0
2532,10,9,3,10,1,9,0.1,0.9,0.1,0.0008771929824561403,0.0,0.0,3,1.0,1.041392685158225
2533,4,14,1,4,0,4,0.0,1.0,0.0,0.0,1.0,0.008333333333333333,0,0.0,0.5943161289177871
2534,0,1,0,0,0,0,0.0,0.0,0.0,0.0,0.0,0.0,0,0.0,0.0
2535,0,3,0,0,0,0,0.0,0.0,0.0,0.0,0.0,0.0,0,0.0,0.0
2536,28,37,8,28,19,9,0.6785714285714286,0.3214285714285714,1.5,0.030922606380436566,1.0,0.01728047154771293,3,0.375,0.925695140163981
2537,4,4,1,4,0,4,0.0,1.0,0.0,0.0,0.0,0.0,1,1.0,1.0
2538,2,3,1,2,0,2,0.0,1.0,0.0,0.0,0.0,0.0,1,1.0,0.7924812503605781
2539,0,16,0,0,0,0,0.0,0.0,0.0,0.0,0.0,0.0,0,0.0,0.0
2540,70,33,20,70,42,28,0.6,0.4,1.2428571428571429,0.015967560801235264,1.5,0.024519799600800515,8,0.4,1.2088043316289394
2541,0,1,0,0,0,0,0.0,0.0,0.0,0.0,0.0,0.0,0,0.0,0.0
2542,0,1,0,0,0,0,0.0,0.0,0.0,0.0,0.0,0.0,0,0.0,0.0
2543,0,1,0,0,0,0,0.0,0.0,0.0,0.0,0.0,0.0,0,0.0,0.0
2544,0,5,0,0,0,0,0.0,0.0,0.0,0.0,0.0,0.0,0,0.0,0.0
2545,21,28,6,21,9,12,0.42857142857142855,0.5714285714285714,0.6666666666666666,0.007659433976688082,0.16666666666666666,0.0045045045045045045,5,0.8333333333333334,0.9179598732703959
2546,14,37,4,14,5,9,0.35714285714285715,0.6428571428571428,1.2857142857142858,0.0115500507552065,0.25,0.0031645569620253164,3,0.75,0.7444635211900812
2547,0,7,0,0,0,0,0.0,0.0,0.0,0.0,0.0,0.0,0,0.0,0.0
2548,0,9,0,0,0,0,0.0,0.0,0.0,0.0,0.0,0.0,0,0.0,0.0
2549,5,31,1,5,3,2,0.6,0.4,1.0,0.020520876972489877,0.0,0.0,1,1.0,0.5169925001442313
2550,0,38,0,0,0,0,0.0,0.0,0.0,0.0,0.0,0.0,0,0.0,0.0
2551,0,35,0,0,0,0,0.0,0.0,0.0,0.0,0.0,0.0,0,0.0,0.0
2552,2,36,1,2,0,2,0.0,1.0,0.0,0.0,3.0,0.038461538461538464,0,0.0,0.30424737289682985
2553,10,24,3,10,6,4,0.6,0.4,1.1,0.03210029496844913,0.3333333333333333,0.007575757575757576,2,0.6666666666666666,0.7449480512024891
2554,0,33,0,0,0,0,0.0,0.0,0.0,0.0,0.0,0.0,0,0.0,0.0
2555,0,1,0,0,0,0,0.0,0.0,0.0,0.0,0.0,0.0,0,0.0,0.0
2556,0,36,0,0,0,0,0.0,0.0,0.0,0.0,0.0,0.0,0,0.0,0.0
2557,20,11,6,20,11,9,0.55,0.44999999999999996,1.4,0.013895407375882306,1.0,0.018073020453972834,2,0.3333333333333333,1.2252059601446865
2558,14,1,4,14,0,14,0.0,1.0,0.0,0.0,0.0,0.0,4,1.0,3.9068905956085187
2559,0,1,0,0,0,0,0.0,0.0,0.0,0.0,0.0,0.0,0,0.0,0.0
2560,1,4,1,1,0,1,0.0,1.0,0.0,0.0,0.0,0.0,1,1.0,0.43067655807339306
2561,0,4,0,0,0,0,0.0,0.0,0.0,0.0,0.0,0.0,0,0.0,0.0
2562,0,7,0,0,0,0,0.0,0.0,0.0,0.0,0.0,0.0,0,0.0,0.0
2563,8,1,2,8,1,7,0.125,0.875,0.125,0.004166666666666667,0.0,0.0,2,1.0,3.1699250014423126
2564,0,38,0,0,0,0,0.0,0.0,0.0,0.0,0.0,0.0,0,0.0,0.0
2565,0,2,0,0,0,0,0.0,0.0,0.0,0.0,0.0,0.0,0,0.0,0.0
2566,0,32,0,0,0,0,0.0,0.0,0.0,0.0,0.0,0.0,0,0.0,0.0
2567,0,32,0,0,0,0,0.0,0.0,0.0,0.0,0.0,0.0,0,0.0,0.0
2568,0,6,0,0,0,0,0.0,0.0,0.0,0.0,0.0,0.0,0,0.0,0.0
2569,2,7,1,2,2,0,1.0,0.0,2.0,0.018771929824561405,2.0,0.058823529411764705,0,0.0,0.5283208335737188
2570,2,15,1,2,0,2,0.0,1.0,0.0,0.0,0.0,0.0,1,1.0,0.3962406251802891
2571,0,10,0,0,0,0,0.0,0.0,0.0,0.0,0.0,0.0,0,0.0,0.0
2572,0,5,0,0,0,0,0.0,0.0,0.0,0.0,0.0,0.0,0,0.0,0.0
2573,0,12,0,0,0,0,0.0,0.0,0.0,0.0,0.0,0.0,0,0.0,0.0
2574,0,13,0,0,0,0,0.0,0.0,0.0,0.0,0.0,0.0,0,0.0,0.0
2575,5,33,1,5,3,2,0.6,0.4,1.4,0.01322812667740204,0.0,0.0,1,1.0,0.5081044484023893
2576,3,5,1,3,1,2,0.3333333333333333,0.6666666666666667,0.3333333333333333,0.005747126436781609,0.0,0.0,1,1.0,0.7737056144690831
2577,2,8,1,2,0,2,0.0,1.0,0.0,0.0,0.0,0.0,1,1.0,0.5
2578,3,11,1,3,1,2,0.3333333333333333,0.6666666666666667,0.6666666666666666,0.0045351473922902496,1.0,0.011627906976744186,0,0.0,0.5578858913022596
2579,0,1,0,0,0,0,0.0,0.0,0.0,0.0,0.0,0.0,0,0.0,0.0
2580,7,25,2,7,1,6,0.14285714285714285,0.8571428571428572,0.2857142857142857,0.003527336860670194,1.5,0.046875,1,0.5,0.6382381606600894
2581,19,39,6,19,11,8,0.5789473684210527,0.42105263157894735,1.105263157894737,0.016074798593200997,0.8333333333333334,0.01785934011847633,1,0.16666666666666666,0.8120981752908923
2582,0,39,0,0,0,0,0.0,0.0,0.0,0.0,0.0,0.0,0,0.0,0.0
2583,0,1,0,0,0,0,0.0,0.0,0.0,0.0,0.0,0.0,0,0.0,0.0
2584,2,36,1,2,2,0,1.0,0.0,4.0,0.060388513513513514,4.0,0.03125,0,0.0,0.30424737289682985
2585,0,1,0,0,0,0,0.0,0.0,0.0,0.0,0.0,0.0,0,0.0,0.0
2586,3,2,1,3,0,3,0.0,1.0,0.0,0.0,0.0,0.0,1,1.0,1.2618595071429148
2587,1,38,1,1,0,1,0.0,1.0,0.0,0.0,0.0,0.0,1,1.0,0.18920035951687003
2588,0,1,0,0,0,0,0.0,0.0,0.0,0.0,0.0,0.0,0,0.0,0.0
2589,0,17,0,0,0,0,0.0,0.0,0.0,0.0,0.0,0.0,0,0.0,0.0
2590,0,2,0,0,0,0,0.0,0.0,0.0,0.0,0.0,0.0,0,0.0,0.0
2591,0,16,0,0,0,0,0.0,0.0,0.0,0.0,0.0,0.0,0,0.0,0.0
2592,0,26,0,0,0,0,0.0,0.0,0.0,0.0,0.0,0.0,0,0.0,0.0
2593,40,39,11,40,31,9,0.775,0.22499999999999998,2.3,0.04415803019389815,2.909090909090909,0.03727377204191981,1,0.09090909090909091,1.0066937976416752
2594,6,29,1,6,4,2,0.6666666666666666,0.33333333333333337,0.8333333333333334,0.02050916919337972,4.0,0.02666666666666667,0,0.0,0.5721250285404937
2595,0,1,0,0,0,0,0.0,0.0,0.0,0.0,0.0,0.0,0,0.0,0.0
2596,0,9,0,0,0,0,0.0,0.0,0.0,0.0,0.0,0.0,0,0.0,0.0
2597,0,4,0,0,0,0,0.0,0.0,0.0,0.0,0.0,0.0,0,0.0,0.0
2598,0,21,0,0,0,0,0.0,0.0,0.0,0.0,0.0,0.0,0,0.0,0.0
2599,0,38,0,0,0,0,0.0,0.0,0.0,0.0,0.0,0.0,0,0.0,0.0
2600,1,1,1,1,0,1,0.0,1.0,0.0,0.0,0.0,0.0,1,1.0,1.0
2601,0,2,0,0,0,0,0.0,0.0,0.0,0.0,0.0,0.0,0,0.0,0.0
2602,0,3,0,0,0,0,0.0,0.0,0.0,0.0,0.0,0.0,0,0.0,0.0
2603,1,5,1,1,0,1,0.0,1.0,0.0,0.0,0.0,0.0,1,1.0,0.3868528072345416
2604,0,9,0,0,0,0,0.0,0.0,0.0,0.0,0.0,0.0,0,0.0,0.0
2605,0,38,0,0,0,0,0.0,0.0,0.0,0.0,0.0,0.0,0,0.0,0.0
2606,4,12,1,4,0,4,0.0,1.0,0.0,0.0,0.0,0.0,1,1.0,0.6274735630753033
2607,0,36,0,0,0,0,0.0,0.0,0.0,0.0,0.0,0.0,0,0.0,0.0
2608,0,19,0,0,0,0,0.0,0.0,0.0,0.0,0.0,0.0,0,0.0,0.0
2609,0,3,0,0,0,0,0.0,0.0,0.0,0.0,0.0,0.0,0,0.0,0.0
2610,0,38,0,0,0,0,0.0,0.0,0.0,0.0,0.0,0.0,0,0.0,0.0
2611,0,8,0,0,0,0,0.0,0.0,0.0,0.0,0.0,0.0,0,0.0,0.0
2612,1,4,1,1,0,1,0.0,1.0,0.0,0.0,2.0,0.013333333333333334,0,0.0,0.43067655807339306
2613,0,2,0,0,0,0,0.0,0.0,0.0,0.0,0.0,0.0,0,0.0,0.0
2614,0,2,0,0,0,0,0.0,0.0,0.0,0.0,0.0,0.0,0,0.0,0.0
2615,0,37,0,0,0,0,0.0,0.0,0.0,0.0,0.0,0.0,0,0.0,0.0
2616,0,5,0,0,0,0,0.0,0.0,0.0,0.0,0.0,0.0,0,0.0,0.0
2617,25,26,7,25,19,6,0.76,0.24,1.88,0.04284037499757973,1.5714285714285714,0.05111555111555111,2,0.2857142857142857,0.9885490910147501
2618,2,35,1,2,1,1,0.5,0.5,2.5,0.016666666666666666,3.0,0.02586206896551724,0,0.0,0.30657359638272924
2619,0,6,0,0,0,0,0.0,0.0,0.0,0.0,0.0,0.0,0,0.0,0.0
2620,4,3,1,4,1,3,0.25,0.75,0.25,0.003246753246753247,0.0,0.0,1,1.0,1.160964047443681
2621,0,1,0,0,0,0,0.0,0.0,0.0,0.0,0.0,0.0,0,0.0,0.0
2622,1,39,1,1,1,0,1.0,0.0,3.0,0.03488372093023256,1.0,0.02564102564102564,0,0.0,0.18790182470910757
2623,0,9,0,0,0,0,0.0,0.0,0.0,0.0,0.0,0.0,0,0.0,0.0
2624,0,39,0,0,0,0,0.0,0.0,0.0,0.0,0.0,0.0,0,0.0,0.0
2625,0,38,0,0,0,0,0.0,0.0,0.0,0.0,0.0,0.0,0,0.0,0.0
2626,0,11,0,0,0,0,0.0,0.0,0.0,0.0,0.0,0.0,0,0.0,0.0
2627,0,36,0,0,0,0,0.0,0.0,0.0,0.0,0.0,0.0,0,0.0,0.0
2628,0,6,0,0,0,0,0.0,0.0,0.0,0.0,0.0,0.0,0,0.0,0.0
2629,0,1,0,0,0,0,0.0,0.0,0.0,0.0,0.0,0.0,0,0.0,0.0
2630,2,11,1,2,1,1,0.5,0.5,0.5,0.0048543689320388345,0.0,0.0,1,1.0,0.4421141086977403
2631,0,2,0,0,0,0,0.0,0.0,0.0,0.0,0.0,0.0,0,0.0,0.0
2632,0,37,0,0,0,0,0.0,0.0,0.0,0.0,0.0,0.0,0,0.0,0.0
2633,0,2,0,0,0,0,0.0,0.0,0.0,0.0,0.0,0.0,0,0.0,0.0
2634,0,1,0,0,0,0,0.0,0.0,0.0,0.0,0.0,0.0,0,0.0,0.0
2635,0,1,0,0,0,0,0.0,0.0,0.0,0.0,0.0,0.0,0,0.0,0.0
2636,0,2,0,0,0,0,0.0,0.0,0.0,0.0,0.0,0.0,0,0.0,0.0
2637,0,37,0,0,0,0,0.0,0.0,0.0,0.0,0.0,0.0,0,0.0,0.0
2638,0,16,0,0,0,0,0.0,0.0,0.0,0.0,0.0,0.0,0,0.0,0.0
2639,15,4,4,15,5,10,0.3333333333333333,0.6666666666666667,0.3333333333333333,0.0066613756613756615,0.0,0.0,4,1.0,1.7227062322935722
2640,0,5,0,0,0,0,0.0,0.0,0.0,0.0,0.0,0.0,0,0.0,0.0
2641,0,2,0,0,0,0,0.0,0.0,0.0,0.0,0.0,0.0,0,0.0,0.0
2642,2,10,1,2,2,0,1.0,0.0,2.0,0.06346153846153846,1.0,0.018518518518518517,0,0.0,0.45815690999132624
2643,0,37,0,0,0,0,0.0,0.0,0.0,0.0,0.0,0.0,0,0.0,0.0
2644,2,30,1,2,2,0,1.0,0.0,2.0,0.05923076923076923,1.0,0.023255813953488372,0,0.0,0.3199232330374462
2645,0,17,0,0,0,0,0.0,0.0,0.0,0.0,0.0,0.0,0,0.0,0.0
2646,12,2,3,12,4,8,0.3333333333333333,0.6666666666666667,0.3333333333333333,0.006270173299204739,0.3333333333333333,0.027777777777777776,2,0.6666666666666666,2.3347175194727927
2647,0,4,0,0,0,0,0.0,0.0,0.0,0.0,0.0,0.0,0,0.0,0.0
2648,28,2,8,28,2,26,0.07142857142857142,0.9285714285714286,0.07142857142857142,0.0007273320287018917,0.125,0.001984126984126984,7,0.875,3.0650447521106625
2649,0,11,0,0,0,0,0.0,0.0,0.0,0.0,0.0,0.0,0,0.0,0.0
2650,16,1,4,16,0,16,0.0,1.0,0.0,0.0,0.0,0.0,4,1.0,4.08746284125034
2651,0,31,0,0,0,0,0.0,0.0,0.0,0.0,0.0,0.0,0,0.0,0.0
2652,0,34,0,0,0,0,0.0,0.0,0.0,0.0,0.0,0.0,0,0.0,0.0
2653,1,39,1,1,0,1,0.0,1.0,0.0,0.0,3.0,0.05454545454545454,0,0.0,0.18790182470910757
2654,0,39,0,0,0,0,0.0,0.0,0.0,0.0,0.0,0.0,0,0.0,0.0
2655,31,39,9,31,21,10,0.6774193548387096,0.32258064516129037,1.3870967741935485,0.030936381528003123,1.6666666666666667,0.023306112110255406,2,0.2222222222222222,0.939509123545538
2656,0,3,0,0,0,0,0.0,0.0,0.0,0.0,0.0,0.0,0,0.0,0.0
2657,3,1,1,3,0,3,0.0,1.0,0.0,0.0,1.0,0.022727272727272728,0,0.0,2.0
2658,0,9,0,0,0,0,0.0,0.0,0.0,0.0,0.0,0.0,0,0.0,0.0
2659,38,38,10,38,4,34,0.10526315789473684,0.8947368421052632,0.23684210526315788,0.0028799270904534065,0.0,0.0,10,1.0,1.0
2660,0,1,0,0,0,0,0.0,0.0,0.0,0.0,0.0,0.0,0,0.0,0.0
2661,11,39,3,11,6,5,0.5454545454545454,0.4545454545454546,1.4545454545454546,0.019585313151372442,1.3333333333333333,0.025595238095238098,1,0.3333333333333333,0.6736209953992307
2662,10,5,3,10,8,2,0.8,0.19999999999999996,0.8,0.017149465307574656,0.0,0.0,3,1.0,1.3382908331057726
2663,7,32,2,7,3,4,0.42857142857142855,0.5714285714285714,0.5714285714285714,0.009774393500461246,3.5,0.07950680272108844,0,0.0,0.5947195895116816
2664,0,3,0,0,0,0,0.0,0.0,0.0,0.0,0.0,0.0,0,0.0,0.0
2665,0,32,0,0,0,0,0.0,0.0,0.0,0.0,0.0,0.0,0,0.0,0.0
2666,30,32,8,30,13,17,0.43333333333333335,0.5666666666666667,0.8,0.025637030715417106,0.75,0.015831335081379235,4,0.5,0.98211919869119
2667,21,35,6,21,11,10,0.5238095238095238,0.47619047619047616,1.2380952380952381,0.013506231126514662,0.8333333333333334,0.012134730884730884,3,0.5,0.8625718201701571
2668,0,9,0,0,0,0,0.0,0.0,0.0,0.0,0.0,0.0,0,0.0,0.0
2669,0,8,0,0,0,0,0.0,0.0,0.0,0.0,0.0,0.0,0,0.0,0.0
2670,0,39,0,0,0,0,0.0,0.0,0.0,0.0,0.0,0.0,0,0.0,0.0
2671,0,5,0,0,0,0,0.0,0.0,0.0,0.0,0.0,0.0,0,0.0,0.0
2672,0,1,0,0,0,0,0.0,0.0,0.0,0.0,0.0,0.0,0,0.0,0.0
2673,33,38,9,33,20,13,0.6060606060606061,0.3939393939393939,1.1818181818181819,0.020892885543379043,0.4444444444444444,0.005278955847667545,6,0.6666666666666666,0.9625497985932814
2674,0,1,0,0,0,0,0.0,0.0,0.0,0.0,0.0,0.0,0,0.0,0.0
2675,0,10,0,0,0,0,0.0,0.0,0.0,0.0,0.0,0.0,0,0.0,0.0
2676,7,32,1,7,5,2,0.7142857142857143,0.2857142857142857,1.2857142857142858,0.011529275816173674,1.0,0.043478260869565216,0,0.0,0.5947195895116816
2677,3,35,1,3,3,0,1.0,0.0,3.6666666666666665,0.07130952380952381,0.0,0.0,1,1.0,0.3868528072345416
2678,6,1,1,6,1,5,0.16666666666666666,0.8333333333333334,0.16666666666666666,0.005050505050505051,0.0,0.0,1,1.0,2.807354922057604
2679,0,2,0,0,0,0,0.0,0.0,0.0,0.0,0.0,0.0,0,0.0,0.0
2680,0,1,0,0,0,0,0.0,0.0,0.0,0.0,0.0,0.0,0,0.0,0.0
2681,0,34,0,0,0,0,0.0,0.0,0.0,0.0,0.0,0.0,0,0.0,0.0
2682,8,38,2,8,5,3,0.625,0.375,1.375,0.027501031933875236,1.0,0.017819148936170214,0,0.0,0.5997509499144004
2683,0,37,0,0,0,0,0.0,0.0,0.0,0.0,0.0,0.0,0,0.0,0.0
2684,0,8,0,0,0,0,0.0,0.0,0.0,0.0,0.0,0.0,0,0.0,0.0
2685,0,5,0,0,0,0,0.0,0.0,0.0,0.0,0.0,0.0,0,0.0,0.0
2686,0,39,0,0,0,0,0.0,0.0,0.0,0.0,0.0,0.0,0,0.0,0.0
2687,15,38,4,15,9,6,0.6,0.4,1.2,0.020047292627398197,1.5,0.012767295597484277,2,0.5,0.7568014380674801
2688,0,1,0,0,0,0,0.0,0.0,0.0,0.0,0.0,0.0,0,0.0,0.0
2689,0,1,0,0,0,0,0.0,0.0,0.0,0.0,0.0,0.0,0,0.0,0.0
2690,0,39,0,0,0,0,0.0,0.0,0.0,0.0,0.0,0.0,0,0.0,0.0
2691,0,37,0,0,0,0,0.0,0.0,0.0,0.0,0.0,0.0,0,0.0,0.0
2692,4,1,1,4,0,4,0.0,1.0,0.0,0.0,0.0,0.0,1,1.0,2.321928094887362
2693,0,10,0,0,0,0,0.0,0.0,0.0,0.0,0.0,0.0,0,0.0,0.0
2694,21,14,6,21,2,19,0.09523809523809523,0.9047619047619048,0.14285714285714285,0.0016889367171853045,1.0,0.014581956446825408,2,0.3333333333333333,1.141427308880841
2695,3,22,1,3,2,1,0.6666666666666666,0.33333333333333337,0.6666666666666666,0.005014914243102162,1.0,0.04,0,0.0,0.4421294589150075
2696,0,2,0,0,0,0,0.0,0.0,0.0,0.0,0.0,0.0,0,0.0,0.0
2697,0,6,0,0,0,0,0.0,0.0,0.0,0.0,0.0,0.0,0,0.0,0.0
2698,6,39,1,6,5,1,0.8333333333333334,0.16666666666666663,1.8333333333333333,0.02771161142693325,1.0,0.006666666666666667,0,0.0,0.5275071124607182
2699,4,26,1,4,2,2,0.5,0.5,1.0,0.011666666666666667,7.0,0.1206896551724138,0,0.0,0.4883245069059757
2700,0,13,0,0,0,0,0.0,0.0,0.0,0.0,0.0,0.0,0,0.0,0.0
2701,6,37,1,6,0,6,0.0,1.0,0.0,0.0,0.0,0.0,1,1.0,0.5349454455813307
2702,12,37,3,12,7,5,0.5833333333333334,0.41666666666666663,1.25,0.014135552582996966,0.0,0.0,3,1.0,0.7051240148919163
2703,1,22,1,1,1,0,1.0,0.0,2.0,0.031746031746031744,2.0,0.014285714285714285,0,0.0,0.22106472945750374
2704,5,32,1,5,3,2,0.6,0.4,1.6,0.012932653391614053,2.0,0.025974025974025976,0,0.0,0.5124426124439919
2705,21,39,6,21,5,16,0.23809523809523808,0.7619047619047619,0.2857142857142857,0.004403630319581097,1.1666666666666667,0.0147841695123019,2,0.3333333333333333,0.8379353383074374
2706,0,38,0,0,0,0,0.0,0.0,0.0,0.0,0.0,0.0,0,0.0,0.0
2707,0,3,0,0,0,0,0.0,0.0,0.0,0.0,0.0,0.0,0,0.0,0.0
2708,17,37,4,17,3,14,0.17647058823529413,0.8235294117647058,0.5882352941176471,0.005389120683238331,0.25,0.0018656716417910447,3,0.75,0.7945850987385477
2709,0,5,0,0,0,0,0.0,0.0,0.0,0.0,0.0,0.0,0,0.0,0.0
2710,2,39,1,2,0,2,0.0,1.0,0.0,0.0,0.0,0.0,1,1.0,0.2978173459810155
2711,0,7,0,0,0,0,0.0,0.0,0.0,0.0,0.0,0.0,0,0.0,0.0
2712,0,13,0,0,0,0,0.0,0.0,0.0,0.0,0.0,0.0,0,0.0,0.0
2713,0,22,0,0,0,0,0.0,0.0,0.0,0.0,0.0,0.0,0,0.0,0.0
2714,0,23,0,0,0,0,0.0,0.0,0.0,0.0,0.0,0.0,0,0.0,0.0
2715,0,2,0,0,0,0,0.0,0.0,0.0,0.0,0.0,0.0,0,0.0,0.0
2716,0,32,0,0,0,0,0.0,0.0,0.0,0.0,0.0,0.0,0,0.0,0.0
2717,3,5,1,3,1,2,0.3333333333333333,0.6666666666666667,0.3333333333333333,0.0022222222222222222,2.0,0.017543859649122806,0,0.0,0.7737056144690831
2718,10,33,2,10,8,2,0.8,0.19999999999999996,2.1,0.04530616967915184,1.5,0.036616161616161616,0,0.0,0.6799915255571827
2719,0,1,0,0,0,0,0.0,0.0,0.0,0.0,0.0,0.0,0,0.0,0.0
2720,0,9,0,0,0,0,0.0,0.0,0.0,0.0,0.0,0.0,0,0.0,0.0
2721,0,37,0,0,0,0,0.0,0.0,0.0,0.0,0.0,0.0,0,0.0,0.0
2722,8,9,2,8,1,7,0.125,0.875,0.125,0.002777777777777778,0.0,0.0,2,1.0,0.9542425094393249
2723,3,3,1,3,1,2,0.3333333333333333,0.6666666666666667,0.3333333333333333,0.005952380952380952,0.0,0.0,1,1.0,1.0
2724,19,36,6,19,6,13,0.3157894736842105,0.6842105263157895,0.631578947368421,0.006622630480268961,1.3333333333333333,0.013252199442905755,1,0.16666666666666666,0.8296317850549692
2725,0,26,0,0,0,0,0.0,0.0,0.0,0.0,0.0,0.0,0,0.0,0.0
2726,0,8,0,0,0,0,0.0,0.0,0.0,0.0,0.0,0.0,0,0.0,0.0
2727,0,1,0,0,0,0,0.0,0.0,0.0,0.0,0.0,0.0,0,0.0,0.0
2728,3,27,1,3,2,1,0.6666666666666666,0.33333333333333337,1.0,0.019027484143763214,0.0,0.0,1,1.0,0.4160291953530189
2729,0,38,0,0,0,0,0.0,0.0,0.0,0.0,0.0,0.0,0,0.0,0.0
2730,4,38,1,4,3,1,0.75,0.25,1.0,0.012079190650619222,1.0,0.018518518518518517,0,0.0,0.4393096303250101
2731,0,35,0,0,0,0,0.0,0.0,0.0,0.0,0.0,0.0,0,0.0,0.0
2732,0,29,0,0,0,0,0.0,0.0,0.0,0.0,0.0,0.0,0,0.0,0.0
2733,0,36,0,0,0,0,0.0,0.0,0.0,0.0,0.0,0.0,0,0.0,0.0
2734,0,34,0,0,0,0,0.0,0.0,0.0,0.0,0.0,0.0,0,0.0,0.0
2735,11,23,3,11,5,6,0.45454545454545453,0.5454545454545454,1.0909090909090908,0.02477402906938139,1.0,0.019327731092436976,1,0.3333333333333333,0.7818957080144684
2736,0,39,0,0,0,0,0.0,0.0,0.0,0.0,0.0,0.0,0,0.0,0.0
2737,0,3,0,0,0,0,0.0,0.0,0.0,0.0,0.0,0.0,0,0.0,0.0
2738,0,1,0,0,0,0,0.0,0.0,0.0,0.0,0.0,0.0,0,0.0,0.0
2739,4,32,1,4,3,1,0.75,0.25,2.0,0.02494924382474583,2.0,0.016666666666666666,0,0.0,0.460298707822351
2740,0,4,0,0,0,0,0.0,0.0,0.0,0.0,0.0,0.0,0,0.0,0.0
2741,1,33,1,1,1,0,1.0,0.0,1.0,0.006666666666666667,0.0,0.0,1,1.0,0.19656163223282258
2742,32,39,9,32,16,16,0.5,0.5,1.40625,0.023242607733995054,1.5555555555555556,0.02374763680422816,3,0.3333333333333333,0.9478508595793452
2743,0,3,0,0,0,0,0.0,0.0,0.0,0.0,0.0,0.0,0,0.0,0.0
2744,0,33,0,0,0,0,0.0,0.0,0.0,0.0,0.0,0.0,0,0.0,0.0
2745,0,1,0,0,0,0,0.0,0.0,0.0,0.0,0.0,0.0,0,0.0,0.0
2746,3,21,1,3,0,3,0.0,1.0,0.0,0.0,0.0,0.0,1,1.0,0.4484876484351508
2747,0,9,0,0,0,0,0.0,0.0,0.0,0.0,0.0,0.0,0,0.0,0.0
2748,15,38,4,15,10,5,0.6666666666666666,0.33333333333333337,1.7333333333333334,0.029623116006839752,1.0,0.007589285714285714,2,0.5,0.7568014380674801
2749,0,38,0,0,0,0,0.0,0.0,0.0,0.0,0.0,0.0,0,0.0,0.0
2750,0,1,0,0,0,0,0.0,0.0,0.0,0.0,0.0,0.0,0,0.0,0.0
2751,0,6,0,0,0,0,0.0,0.0,0.0,0.0,0.0,0.0,0,0.0,0.0
2752,13,39,4,13,8,5,0.6153846153846154,0.3846153846153846,1.0,0.02044630706806225,1.5,0.01639194139194139,1,0.25,0.7154089371698258
2753,0,1,0,0,0,0,0.0,0.0,0.0,0.0,0.0,0.0,0,0.0,0.0
2754,70,15,20,70,17,53,0.24285714285714285,0.7571428571428571,0.35714285714285715,0.004250700111934659,0.65,0.005587008086907918,14,0.7,1.5374367798761706
2755,0,2,0,0,0,0,0.0,0.0,0.0,0.0,0.0,0.0,0,0.0,0.0
2756,0,33,0,0,0,0,0.0,0.0,0.0,0.0,0.0,0.0,0,0.0,0.0
2757,0,22,0,0,0,0,0.0,0.0,0.0,0.0,0.0,0.0,0,0.0,0.0
2758,0,21,0,0,0,0,0.0,0.0,0.0,0.0,0.0,0.0,0,0.0,0.0
2759,3,37,1,3,3,0,1.0,0.0,1.6666666666666667,0.07966790319731497,1.0,0.04,0,0.0,0.3811028248535468
2760,2,37,1,2,1,1,0.5,0.5,0.5,0.05,2.0,0.02531645569620253,0,0.0,0.30201684315588717
2761,5,4,1,5,0,5,0.0,1.0,0.0,0.0,0.0,0.0,1,1.0,1.1132827525593785
2762,6,10,1,6,2,4,0.3333333333333333,0.6666666666666667,0.5,0.01636904761904762,0.0,0.0,1,1.0,0.8115075629572489
2763,0,11,0,0,0,0,0.0,0.0,0.0,0.0,0.0,0.0,0,0.0,0.0
2764,18,39,5,18,13,5,0.7222222222222222,0.2777777777777778,1.6111111111111112,0.028180298798235772,1.2,0.01678900809335592,3,0.6,0.7981933310080718
2765,0,37,0,0,0,0,0.0,0.0,0.0,0.0,0.0,0.0,0,0.0,0.0
2766,0,6,0,0,0,0,0.0,0.0,0.0,0.0,0.0,0.0,0,0.0,0.0
2767,0,7,0,0,0,0,0.0,0.0,0.0,0.0,0.0,0.0,0,0.0,0.0
2768,18,39,5,18,11,7,0.6111111111111112,0.38888888888888884,1.1666666666666667,0.017993612652525557,0.6,0.009019904257999495,3,0.6,0.7981933310080718
2769,0,36,0,0,0,0,0.0,0.0,0.0,0.0,0.0,0.0,0,0.0,0.0
2770,4,2,1,4,0,4,0.0,1.0,0.0,0.0,0.0,0.0,1,1.0,1.4649735207179269
2771,1,13,1,1,1,0,1.0,0.0,2.0,0.05263157894736842,0.0,0.0,1,1.0,0.26264953503719357
2772,1,27,1,1,1,0,1.0,0.0,1.0,0.01282051282051282,3.0,0.041666666666666664,0,0.0,0.20801459767650946
2773,3,39,1,3,2,1,0.6666666666666666,0.33333333333333337,0.6666666666666666,0.01569664902998236,0.0,0.0,1,1.0,0.37580364941821515
2774,0,15,0,0,0,0,0.0,0.0,0.0,0.0,0.0,0.0,0,0.0,0.0
2775,14,38,4,14,6,8,0.42857142857142855,0.5714285714285714,0.8571428571428571,0.019468890300430745,0.25,0.008620689655172414,3,0.75,0.7391851052822103
2776,0,3,0,0,0,0,0.0,0.0,0.0,0.0,0.0,0.0,0,0.0,0.0
2777,0,5,0,0,0,0,0.0,0.0,0.0,0.0,0.0,0.0,0,0.0,0.0
2778,0,34,0,0,0,0,0.0,0.0,0.0,0.0,0.0,0.0,0,0.0,0.0
2779,7,36,1,7,5,2,0.7142857142857143,0.2857142857142857,1.2857142857142858,0.019718986255731423,2.0,0.021505376344086023,0,0.0,0.5758761600196804
2780,0,18,0,0,0,0,0.0,0.0,0.0,0.0,0.0,0.0,0,0.0,0.0
2781,0,9,0,0,0,0,0.0,0.0,0.0,0.0,0.0,0.0,0,0.0,0.0
2782,0,36,0,0,0,0,0.0,0.0,0.0,0.0,0.0,0.0,0,0.0,0.0
2783,0,1,0,0,0,0,0.0,0.0,0.0,0.0,0.0,0.0,0,0.0,0.0
2784,13,38,4,13,10,3,0.7692307692307693,0.23076923076923073,1.3076923076923077,0.03100285626727773,0.75,0.009618924889543447,2,0.5,0.7203529200616233
2785,3,36,1,3,2,1,0.6666666666666666,0.33333333333333337,3.3333333333333335,0.022222222222222223,0.0,0.0,1,1.0,0.3839174400131203
2786,0,36,0,0,0,0,0.0,0.0,0.0,0.0,0.0,0.0,0,0.0,0.0
2787,2,3,1,2,1,1,0.5,0.5,0.5,0.05555555555555555,0.0,0.0,1,1.0,0.7924812503605781
2788,0,5,0,0,0,0,0.0,0.0,0.0,0.0,0.0,0.0,0,0.0,0.0
2789,24,3,6,24,2,22,0.08333333333333333,0.9166666666666666,0.125,0.0016464990231297664,0.16666666666666666,0.0021367521367521365,5,0.8333333333333334,2.321928094887362
2790,5,3,1,5,2,3,0.4,0.6,0.4,0.003962703962703962,0.0,0.0,1,1.0,1.292481250360578
2791,14,38,4,14,12,2,0.8571428571428571,0.1428571428571429,2.0,0.035198789926316414,1.25,0.012194244604316548,2,0.5,0.7391851052822103
2792,0,1,0,0,0,0,0.0,0.0,0.0,0.0,0.0,0.0,0,0.0,0.0
2793,28,38,8,28,7,21,0.25,0.75,0.35714285714285715,0.009354177308241717,0.5,0.005093154820259751,4,0.5,0.9191317508042588
2794,1,6,1,1,0,1,0.0,1.0,0.0,0.0,0.0,0.0,1,1.0,0.3562071871080222
2795,50,39,14,50,12,38,0.24,0.76,0.56,0.00801065523734738,0.42857142857142855,0.007253384912959382,12,0.8571428571428571,1.0658590722826276
2796,0,1,0,0,0,0,0.0,0.0,0.0,0.0,0.0,0.0,0,0.0,0.0
2797,0,6,0,0,0,0,0.0,0.0,0.0,0.0,0.0,0.0,0,0.0,0.0
2798,0,1,0,0,0,0,0.0,0.0,0.0,0.0,0.0,0.0,0,0.0,0.0
2799,0,10,0,0,0,0,0.0,0.0,0.0,0.0,0.0,0.0,0,0.0,0.0
2800,0,5,0,0,0,0,0.0,0.0,0.0,0.0,0.0,0.0,0,0.0,0.0
2801,7,36,1,7,5,2,0.7142857142857143,0.2857142857142857,2.4285714285714284,0.0258188000123484,5.0,0.06944444444444445,0,0.0,0.5758761600196804
2802,0,36,0,0,0,0,0.0,0.0,0.0,0.0,0.0,0.0,0,0.0,0.0
2803,2,9,1,2,1,1,0.5,0.5,0.5,0.009259259259259259,0.0,0.0,1,1.0,0.47712125471966244
2804,1,25,1,1,1,0,1.0,0.0,6.0,0.040268456375838924,4.0,0.09090909090909091,0,0.0,0.21274605355336315
2805,0,6,0,0,0,0,0.0,0.0,0.0,0.0,0.0,0.0,0,0.0,0.0
2806,1,5,1,1,1,0,1.0,0.0,1.0,0.019230769230769232,0.0,0.0,1,1.0,0.3868528072345416
2807,0,4,0,0,0,0,0.0,0.0,0.0,0.0,0.0,0.0,0,0.0,0.0
2808,10,36,3,10,6,4,0.6,0.4,2.2,0.04821179046331176,0.6666666666666666,0.00546448087431694,2,0.6666666666666666,0.6640680654638381
2809,1,1,1,1,1,0,1.0,0.0,1.0,0.006666666666666667,0.0,0.0,1,1.0,1.0
2810,0,33,0,0,0,0,0.0,0.0,0.0,0.0,0.0,0.0,0,0.0,0.0
2811,10,38,2,10,8,2,0.8,0.19999999999999996,3.3,0.040442051184060315,0.5,0.011904761904761904,1,0.5,0.6545257059702043
2812,0,18,0,0,0,0,0.0,0.0,0.0,0.0,0.0,0.0,0,0.0,0.0
2813,4,9,1,4,2,2,0.5,0.5,0.5,0.011684782608695652,3.0,0.020134228187919462,0,0.0,0.6989700043360187
2814,0,1,0,0,0,0,0.0,0.0,0.0,0.0,0.0,0.0,0,0.0,0.0
2815,0,15,0,0,0,0,0.0,0.0,0.0,0.0,0.0,0.0,0,0.0,0.0
2816,0,1,0,0,0,0,0.0,0.0,0.0,0.0,0.0,0.0,0,0.0,0.0
2817,19,32,5,19,10,9,0.5263157894736842,0.4736842105263158,0.8947368421052632,0.025073630777005907,2.6,0.04315446480963723,1,0.2,0.856778434163472
2818,0,2,0,0,0,0,0.0,0.0,0.0,0.0,0.0,0.0,0,0.0,0.0
2819,2,33,1,2,0,2,0.0,1.0,0.0,0.0,0.0,0.0,1,1.0,0.31154281616956675
2820,0,37,0,0,0,0,0.0,0.0,0.0,0.0,0.0,0.0,0,0.0,0.0
2821,0,33,0,0,0,0,0.0,0.0,0.0,0.0,0.0,0.0,0,0.0,0.0
2822,26,35,7,26,12,14,0.46153846153846156,0.5384615384615384,1.0384615384615385,0.02093307989673872,0.8571428571428571,0.01277977341807129,5,0.7142857142857143,0.9197207891481877
2823,0,9,0,0,0,0,0.0,0.0,0.0,0.0,0.0,0.0,0,0.0,0.0
2824,14,1,4,14,1,13,0.07142857142857142,0.9285714285714286,0.07142857142857142,0.0019305019305019305,0.0,0.0,4,1.0,3.9068905956085187
2825,0,34,0,0,0,0,0.0,0.0,0.0,0.0,0.0,0.0,0,0.0,0.0
2826,0,4,0,0,0,0,0.0,0.0,0.0,0.0,0.0,0.0,0,0.0,0.0
2827,0,1,0,0,0,0,0.0,0.0,0.0,0.0,0.0,0.0,0,0.0,0.0
2828,0,22,0,0,0,0,0.0,0.0,0.0,0.0,0.0,0.0,0,0.0,0.0
2829,0,35,0,0,0,0,0.0,0.0,0.0,0.0,0.0,0.0,0,0.0,0.0
2830,0,4,0,0,0,0,0.0,0.0,0.0,0.0,0.0,0.0,0,0.0,0.0
2831,0,4,0,0,0,0,0.0,0.0,0.0,0.0,0.0,0.0,0,0.0,0.0
2832,0,9,0,0,0,0,0.0,0.0,0.0,0.0,0.0,0.0,0,0.0,0.0
2833,7,35,1,7,6,1,0.8571428571428571,0.1428571428571429,1.4285714285714286,0.0171858739205678,0.0,0.0,1,1.0,0.5802792108518123
2834,0,1,0,0,0,0,0.0,0.0,0.0,0.0,0.0,0.0,0,0.0,0.0
2835,0,22,0,0,0,0,0.0,0.0,0.0,0.0,0.0,0.0,0,0.0,0.0
2836,3,19,1,3,1,2,0.3333333333333333,0.6666666666666667,1.3333333333333333,0.0784313725490196,0.0,0.0,1,1.0,0.46275642631951835
2837,0,5,0,0,0,0,0.0,0.0,0.0,0.0,0.0,0.0,0,0.0,0.0
2838,3,7,1,3,3,0,1.0,0.0,1.0,0.019047619047619046,1.0,0.012048192771084338,0,0.0,0.6666666666666667
2839,0,1,0,0,0,0,0.0,0.0,0.0,0.0,0.0,0.0,0,0.0,0.0
2840,1,37,1,1,0,1,0.0,1.0,0.0,0.0,5.0,0.033783783783783786,0,0.0,0.1905514124267734
2841,8,39,2,8,5,3,0.625,0.375,0.75,0.014550521941826289,0.5,0.008620689655172414,1,0.5,0.595634691962031
2842,0,35,0,0,0,0,0.0,0.0,0.0,0.0,0.0,0.0,0,0.0,0.0
2843,0,1,0,0,0,0,0.0,0.0,0.0,0.0,0.0,0.0,0,0.0,0.0
2844,0,14,0,0,0,0,0.0,0.0,0.0,0.0,0.0,0.0,0,0.0,0.0
2845,0,4,0,0,0,0,0.0,0.0,0.0,0.0,0.0,0.0,0,0.0,0.0
2846,1,4,1,1,0,1,0.0,1.0,0.0,0.0,0.0,0.0,1,1.0,0.43067655807339306
2847,0,6,0,0,0,0,0.0,0.0,0.0,0.0,0.0,0.0,0,0.0,0.0
2848,2,38,1,2,2,0,1.0,0.0,1.0,0.009147286821705427,1.0,0.02631578947368421,0,0.0,0.2998754749572002
2849,0,29,0,0,0,0,0.0,0.0,0.0,0.0,0.0,0.0,0,0.0,0.0
2850,1,1,1,1,0,1,0.0,1.0,0.0,0.0,0.0,0.0,1,1.0,1.0
2851,0,26,0,0,0,0,0.0,0.0,0.0,0.0,0.0,0.0,0,0.0,0.0
2852,4,2,1,4,0,4,0.0,1.0,0.0,0.0,1.0,0.012987012987012988,0,0.0,1.4649735207179269
2853,38,6,10,38,5,33,0.13157894736842105,0.868421052631579,0.13157894736842105,0.0021028523716882346,0.2,0.0027941176470588232,8,0.8,1.8826982571154205
2854,0,2,0,0,0,0,0.0,0.0,0.0,0.0,0.0,0.0,0,0.0,0.0
2855,0,1,0,0,0,0,0.0,0.0,0.0,0.0,0.0,0.0,0,0.0,0.0
2856,1,2,1,1,1,0,1.0,0.0,1.0,0.006666666666666667,0.0,0.0,1,1.0,0.6309297535714574
2857,6,11,1,6,3,3,0.5,0.5,1.1666666666666667,0.013271088814567076,0.0,0.0,1,1.0,0.783091851446946
2858,3,33,1,3,3,0,1.0,0.0,2.6666666666666665,0.09338624338624339,0.0,0.0,1,1.0,0.39312326446564516
2859,3,34,1,3,3,0,1.0,0.0,5.666666666666667,0.05305624385202525,2.0,0.058823529411764705,0,0.0,0.3899180437875726
2860,70,39,20,70,33,37,0.4714285714285714,0.5285714285714286,0.9428571428571428,0.017588845156655826,0.3,0.005855249386089599,14,0.7,1.1555487052545081
2861,22,30,6,22,1,21,0.045454545454545456,0.9545454545454546,0.045454545454545456,0.0008741258741258741,0.16666666666666666,0.0024875621890547263,5,0.8333333333333334,0.913076848927645
2862,0,2,0,0,0,0,0.0,0.0,0.0,0.0,0.0,0.0,0,0.0,0.0
2863,0,39,0,0,0,0,0.0,0.0,0.0,0.0,0.0,0.0,0,0.0,0.0
2864,0,2,0,0,0,0,0.0,0.0,0.0,0.0,0.0,0.0,0,0.0,0.0
2865,0,8,0,0,0,0,0.0,0.0,0.0,0.0,0.0,0.0,0,0.0,0.0
2866,2,9,1,2,0,2,0.0,1.0,0.0,0.0,0.0,0.0,1,1.0,0.47712125471966244
2867,0,28,0,0,0,0,0.0,0.0,0.0,0.0,0.0,0.0,0,0.0,0.0
2868,12,39,4,12,5,7,0.4166666666666667,0.5833333333333333,1.0833333333333333,0.01276880593464752,0.5,0.01374633431085044,2,0.5,0.695319375264767
2869,0,39,0,0,0,0,0.0,0.0,0.0,0.0,0.0,0.0,0,0.0,0.0
2870,9,5,2,9,1,8,0.1111111111111111,0.8888888888888888,0.1111111111111111,0.001443001443001443,1.0,0.014705882352941176,1,0.5,1.285097208938469
2871,0,10,0,0,0,0,0.0,0.0,0.0,0.0,0.0,0.0,0,0.0,0.0
2872,4,3,1,4,1,3,0.25,0.75,0.25,0.0026595744680851063,0.0,0.0,1,1.0,1.160964047443681
2873,0,34,0,0,0,0,0.0,0.0,0.0,0.0,0.0,0.0,0,0.0,0.0
2874,0,35,0,0,0,0,0.0,0.0,0.0,0.0,0.0,0.0,0,0.0,0.0
2875,0,38,0,0,0,0,0.0,0.0,0.0,0.0,0.0,0.0,0,0.0,0.0
2876,5,1,1,5,0,5,0.0,1.0,0.0,0.0,1.0,0.006666666666666667,0,0.0,2.584962500721156
2877,0,2,0,0,0,0,0.0,0.0,0.0,0.0,0.0,0.0,0,0.0,0.0
2878,0,14,0,0,0,0,0.0,0.0,0.0,0.0,0.0,0.0,0,0.0,0.0
2879,0,1,0,0,0,0,0.0,0.0,0.0,0.0,0.0,0.0,0,0.0,0.0
2880,8,39,2,8,3,5,0.375,0.625,0.375,0.0030134607034303083,0.0,0.0,2,1.0,0.595634691962031
2881,7,35,2,7,3,4,0.42857142857142855,0.5714285714285714,0.5714285714285714,0.004632034632034632,0.5,0.009433962264150943,1,0.5,0.5802792108518123
2882,0,1,0,0,0,0,0.0,0.0,0.0,0.0,0.0,0.0,0,0.0,0.0
2883,0,2,0,0,0,0,0.0,0.0,0.0,0.0,0.0,0.0,0,0.0,0.0
2884,6,2,1,6,1,5,0.16666666666666666,0.8333333333333334,0.16666666666666666,0.0011185682326621924,0.0,0.0,1,1.0,1.7712437491614221
2885,0,11,0,0,0,0,0.0,0.0,0.0,0.0,0.0,0.0,0,0.0,0.0
2886,1,1,1,1,0,1,0.0,1.0,0.0,0.0,0.0,0.0,1,1.0,1.0
2887,12,7,4,12,4,8,0.3333333333333333,0.6666666666666667,0.4166666666666667,0.006663641018479729,0.5,0.004337426817078395,2,0.5,1.2334799060470307
2888,0,33,0,0,0,0,0.0,0.0,0.0,0.0,0.0,0.0,0,0.0,0.0
2889,1,38,1,1,1,0,1.0,0.0,1.0,0.015873015873015872,2.0,0.013605442176870748,0,0.0,0.18920035951687003
2890,0,1,0,0,0,0,0.0,0.0,0.0,0.0,0.0,0.0,0,0.0,0.0
2891,0,29,0,0,0,0,0.0,0.0,0.0,0.0,0.0,0.0,0,0.0,0.0
2892,3,6,1,3,0,3,0.0,1.0,0.0,0.0,0.0,0.0,1,1.0,0.7124143742160444
2893,0,38,0,0,0,0,0.0,0.0,0.0,0.0,0.0,0.0,0,0.0,0.0
2894,6,38,1,6,6,0,1.0,0.0,3.5,0.04579279941125622,10.0,0.06666666666666667,0,0.0,0.5311525605447533
2895,3,17,1,3,2,1,0.6666666666666666,0.33333333333333337,1.3333333333333333,0.03181386514719848,3.0,0.038461538461538464,0,0.0,0.4796249331362629
2896,0,39,0,0,0,0,0.0,0.0,0.0,0.0,0.0,0.0,0,0.0,0.0
2897,0,34,0,0,0,0,0.0,0.0,0.0,0.0,0.0,0.0,0,0.0,0.0
2898,0,8,0,0,0,0,0.0,0.0,0.0,0.0,0.0,0.0,0,0.0,0.0
2899,7,39,1,7,2,5,0.2857142857142857,0.7142857142857143,0.2857142857142857,0.0022808820612682788,0.0,0.0,1,1.0,0.5637054741273227
2900,0,1,0,0,0,0,0.0,0.0,0.0,0.0,0.0,0.0,0,0.0,0.0
2901,0,1,0,0,0,0,0.0,0.0,0.0,0.0,0.0,0.0,0,0.0,0.0
2902,0,1,0,0,0,0,0.0,0.0,0.0,0.0,0.0,0.0,0,0.0,0.0
2903,0,9,0,0,0,0,0.0,0.0,0.0,0.0,0.0,0.0,0,0.0,0.0
2904,4,38,1,4,2,2,0.5,0.5,0.5,0.005132113821138212,6.0,0.09523809523809523,0,0.0,0.4393096303250101
2905,2,36,1,2,1,1,0.5,0.5,1.5,0.010135135135135136,0.0,0.0,1,1.0,0.30424737289682985
2906,8,25,2,8,2,6,0.25,0.75,0.25,0.0033899465826599095,0.5,0.016129032258064516,1,0.5,0.674389034116991
2907,0,2,0,0,0,0,0.0,0.0,0.0,0.0,0.0,0.0,0,0.0,0.0
2908,0,7,0,0,0,0,0.0,0.0,0.0,0.0,0.0,0.0,0,0.0,0.0
2909,14,12,4,14,10,4,0.7142857142857143,0.2857142857142857,1.5,0.025169291204721833,2.75,0.02207708405999302,1,0.25,1.055790904106698
2910,0,2,0,0,0,0,0.0,0.0,0.0,0.0,0.0,0.0,0,0.0,0.0
2911,1,7,1,1,0,1,0.0,1.0,0.0,0.0,0.0,0.0,1,1.0,0.33333333333333337
2912,0,39,0,0,0,0,0.0,0.0,0.0,0.0,0.0,0.0,0,0.0,0.0
2913,0,27,0,0,0,0,0.0,0.0,0.0,0.0,0.0,0.0,0,0.0,0.0
2914,6,35,1,6,3,3,0.5,0.5,1.0,0.007665260196905766,0.0,0.0,1,1.0,0.5430165662508459
2915,1,27,1,1,1,0,1.0,0.0,1.0,0.008333333333333333,1.0,0.014285714285714285,0,0.0,0.20801459767650946
2916,0,7,0,0,0,0,0.0,0.0,0.0,0.0,0.0,0.0,0,0.0,0.0
2917,0,19,0,0,0,0,0.0,0.0,0.0,0.0,0.0,0.0,0,0.0,0.0
2918,0,4,0,0,0,0,0.0,0.0,0.0,0.0,0.0,0.0,0,0.0,0.0
2919,0,14,0,0,0,0,0.0,0.0,0.0,0.0,0.0,0.0,0,0.0,0.0
2920,0,4,0,0,0,0,0.0,0.0,0.0,0.0,0.0,0.0,0,0.0,0.0
2921,0,1,0,0,0,0,0.0,0.0,0.0,0.0,0.0,0.0,0,0.0,0.0
2922,0,1,0,0,0,0,0.0,0.0,0.0,0.0,0.0,0.0,0,0.0,0.0
2923,3,6,1,3,0,3,0.0,1.0,0.0,0.0,0.0,0.0,1,1.0,0.7124143742160444
2924,0,9,0,0,0,0,0.0,0.0,0.0,0.0,0.0,0.0,0,0.0,0.0
2925,4,1,1,4,0,4,0.0,1.0,0.0,0.0,0.0,0.0,1,1.0,2.321928094887362
2926,0,3,0,0,0,0,0.0,0.0,0.0,0.0,0.0,0.0,0,0.0,0.0
2927,0,36,0,0,0,0,0.0,0.0,0.0,0.0,0.0,0.0,0,0.0,0.0
2928,28,37,8,28,19,9,0.6785714285714286,0.3214285714285714,1.3214285714285714,0.023466744095499873,1.0,0.02524343658064588,4,0.5,0.925695140163981
2929,0,7,0,0,0,0,0.0,0.0,0.0,0.0,0.0,0.0,0,0.0,0.0
2930,8,2,2,8,0,8,0.0,1.0,0.0,0.0,0.0,0.0,2,1.0,2.0
2931,0,11,0,0,0,0,0.0,0.0,0.0,0.0,0.0,0.0,0,0.0,0.0
2932,0,4,0,0,0,0,0.0,0.0,0.0,0.0,0.0,0.0,0,0.0,0.0
2933,0,1,0,0,0,0,0.0,0.0,0.0,0.0,0.0,0.0,0,0.0,0.0
2934,0,1,0,0,0,0,0.0,0.0,0.0,0.0,0.0,0.0,0,0.0,0.0
2935,0,5,0,0,0,0,0.0,0.0,0.0,0.0,0.0,0.0,0,0.0,0.0
2936,4,6,1,4,3,1,0.75,0.25,1.0,0.011162521688837478,0.0,0.0,1,1.0,0.8270874753469162
2937,0,1,0,0,0,0,0.0,0.0,0.0,0.0,0.0,0.0,0,0.0,0.0
2938,2,37,1,2,0,2,0.0,1.0,0.0,0.0,0.0,0.0,1,1.0,0.30201684315588717
2939,8,15,2,8,4,4,0.5,0.5,0.5,0.0065319775580969614,0.0,0.0,2,1.0,0.7924812503605781
2940,2,32,1,2,1,1,0.5,0.5,0.5,0.008620689655172414,0.0,0.0,1,1.0,0.3142027492734315
2941,7,39,2,7,5,2,0.7142857142857143,0.2857142857142857,1.4285714285714286,0.026126711336163535,3.0,0.02797339593114241,0,0.0,0.5637054741273227
2942,4,1,1,4,0,4,0.0,1.0,0.0,0.0,0.0,0.0,1,1.0,2.321928094887362
2943,0,38,0,0,0,0,0.0,0.0,0.0,0.0,0.0,0.0,0,0.0,0.0
2944,0,39,0,0,0,0,0.0,0.0,0.0,0.0,0.0,0.0,0,0.0,0.0
2945,0,30,0,0,0,0,0.0,0.0,0.0,0.0,0.0,0.0,0,0.0,0.0
2946,0,1,0,0,0,0,0.0,0.0,0.0,0.0,0.0,0.0,0,0.0,0.0
2947,0,32,0,0,0,0,0.0,0.0,0.0,0.0,0.0,0.0,0,0.0,0.0
2948,0,1,0,0,0,0,0.0,0.0,0.0,0.0,0.0,0.0,0,0.0,0.0
2949,39,30,11,39,18,21,0.46153846153846156,0.5384615384615384,1.0,0.017781857665540714,0.36363636363636365,0.009471398622342019,8,0.7272727272727273,1.0742263248086288
2950,0,17,0,0,0,0,0.0,0.0,0.0,0.0,0.0,0.0,0,0.0,0.0
2951,0,38,0,0,0,0,0.0,0.0,0.0,0.0,0.0,0.0,0,0.0,0.0
2952,0,2,0,0,0,0,0.0,0.0,0.0,0.0,0.0,0.0,0,0.0,0.0
2953,0,7,0,0,0,0,0.0,0.0,0.0,0.0,0.0,0.0,0,0.0,0.0
2954,0,2,0,0,0,0,0.0,0.0,0.0,0.0,0.0,0.0,0,0.0,0.0
2955,1,6,1,1,1,0,1.0,0.0,1.0,0.03571428571428571,1.0,0.008130081300813009,0,0.0,0.3562071871080222
2956,0,26,0,0,0,0,0.0,0.0,0.0,0.0,0.0,0.0,0,0.0,0.0
2957,0,4,0,0,0,0,0.0,0.0,0.0,0.0,0.0,0.0,0,0.0,0.0
2958,1,14,1,1,1,0,1.0,0.0,2.0,0.06060606060606061,0.0,0.0,1,1.0,0.2559580248098155
2959,5,1,1,5,1,4,0.2,0.8,0.2,0.0013605442176870747,0.0,0.0,1,1.0,2.584962500721156
2960,1,37,1,1,0,1,0.0,1.0,0.0,0.0,17.0,0.11333333333333333,0,0.0,0.1905514124267734
2961,1,7,1,1,1,0,1.0,0.0,1.0,0.043478260869565216,0.0,0.0,1,1.0,0.33333333333333337
2962,0,13,0,0,0,0,0.0,0.0,0.0,0.0,0.0,0.0,0,0.0,0.0
2963,0,7,0,0,0,0,0.0,0.0,0.0,0.0,0.0,0.0,0,0.0,0.0
2964,1,10,1,1,0,1,0.0,1.0,0.0,0.0,1.0,0.03333333333333333,0,0.0,0.2890648263178878
2965,2,28,1,2,2,0,1.0,0.0,2.0,0.023614699971289118,5.0,0.041666666666666664,0,0.0,0.32625951034201905
2966,0,1,0,0,0,0,0.0,0.0,0.0,0.0,0.0,0.0,0,0.0,0.0
2967,0,1,0,0,0,0,0.0,0.0,0.0,0.0,0.0,0.0,0,0.0,0.0
2968,7,38,1,7,6,1,0.8571428571428571,0.1428571428571429,3.857142857142857,0.047982168874593646,4.0,0.06779661016949153,0,0.0,0.56760107855061
2969,0,1,0,0,0,0,0.0,0.0,0.0,0.0,0.0,0.0,0,0.0,0.0
2970,0,2,0,0,0,0,0.0,0.0,0.0,0.0,0.0,0.0,0,0.0,0.0
2971,0,1,0,0,0,0,0.0,0.0,0.0,0.0,0.0,0.0,0,0.0,0.0
2972,3,36,1,3,3,0,1.0,0.0,1.6666666666666667,0.022584425268989027,0.0,0.0,1,1.0,0.3839174400131203
2973,0,32,0,0,0,0,0.0,0.0,0.0,0.0,0.0,0.0,0,0.0,0.0
2974,0,2,0,0,0,0,0.0,0.0,0.0,0.0,0.0,0.0,0,0.0,0.0
2975,10,35,3,10,5,5,0.5,0.5,0.7,0.012752461390482982,1.6666666666666667,0.06814814814814814,0,0.0,0.6691454165528863
2976,8,17,2,8,6,2,0.75,0.25,1.125,0.012810386728476175,0.0,0.0,2,1.0,0.7601875334318686
2977,1,35,1,1,1,0,1.0,0.0,1.0,0.02040816326530612,2.0,0.05555555555555555,0,0.0,0.1934264036172708
2978,0,2,0,0,0,0,0.0,0.0,0.0,0.0,0.0,0.0,0,0.0,0.0
2979,0,2,0,0,0,0,0.0,0.0,0.0,0.0,0.0,0.0,0,0.0,0.0
2980,12,4,4,12,3,9,0.25,0.75,0.3333333333333333,0.013307464892830747,0.75,0.015480551194836907,1,0.25,1.5936926411670824
2981,0,3,0,0,0,0,0.0,0.0,0.0,0.0,0.0,0.0,0,0.0,0.0
2982,12,7,4,12,2,10,0.16666666666666666,0.8333333333333334,0.16666666666666666,0.0019136679292929293,0.0,0.0,4,1.0,1.2334799060470307
2983,4,1,1,4,0,4,0.0,1.0,0.0,0.0,0.0,0.0,1,1.0,2.321928094887362
2984,0,12,0,0,0,0,0.0,0.0,0.0,0.0,0.0,0.0,0,0.0,0.0
2985,0,1,0,0,0,0,0.0,0.0,0.0,0.0,0.0,0.0,0,0.0,0.0
2986,0,32,0,0,0,0,0.0,0.0,0.0,0.0,0.0,0.0,0,0.0,0.0
2987,42,5,12,42,18,24,0.42857142857142855,0.5714285714285714,0.5,0.011575109828873232,0.8333333333333334,0.019861582509041673,7,0.5833333333333334,2.0991657531543577
2988,10,33,3,10,7,3,0.7,0.30000000000000004,1.7,0.015892949599846152,1.6666666666666667,0.014894795127353267,1,0.3333333333333333,0.6799915255571827
2989,0,4,0,0,0,0,0.0,0.0,0.0,0.0,0.0,0.0,0,0.0,0.0
2990,0,1,0,0,0,0,0.0,0.0,0.0,0.0,0.0,0.0,0,0.0,0.0
2991,0,36,0,0,0,0,0.0,0.0,0.0,0.0,0.0,0.0,0,0.0,0.0
2992,0,18,0,0,0,0,0.0,0.0,0.0,0.0,0.0,0.0,0,0.0,0.0
2993,0,35,0,0,0,0,0.0,0.0,0.0,0.0,0.0,0.0,0,0.0,0.0
2994,0,38,0,0,0,0,0.0,0.0,0.0,0.0,0.0,0.0,0,0.0,0.0
2995,1,5,1,1,0,1,0.0,1.0,0.0,0.0,1.0,0.006666666666666667,0,0.0,0.3868528072345416
2996,2,12,1,2,0,2,0.0,1.0,0.0,0.0,0.0,0.0,1,1.0,0.42831734103139474
2997,0,11,0,0,0,0,0.0,0.0,0.0,0.0,0.0,0.0,0,0.0,0.0
2998,7,2,2,7,2,5,0.2857142857142857,0.7142857142857143,0.2857142857142857,0.004530201342281879,0.0,0.0,2,1.0,1.892789260714372
2999,0,3,0,0,0,0,0.0,0.0,0.0,0.0,0.0,0.0,0,0.0,0.0
3000,1,5,1,1,0,1,0.0,1.0,0.0,0.0,0.0,0.0,1,1.0,0.3868528072345416
3001,0,25,0,0,0,0,0.0,0.0,0.0,0.0,0.0,0.0,0,0.0,0.0
3002,0,33,0,0,0,0,0.0,0.0,0.0,0.0,0.0,0.0,0,0.0,0.0
3003,7,31,1,7,2,5,0.2857142857142857,0.7142857142857143,0.2857142857142857,0.004099075527646956,2.0,0.03125,0,0.0,0.6
3004,5,1,1,5,0,5,0.0,1.0,0.0,0.0,0.0,0.0,1,1.0,2.584962500721156
3005,0,18,0,0,0,0,0.0,0.0,0.0,0.0,0.0,0.0,0,0.0,0.0
3006,2,8,1,2,0,2,0.0,1.0,0.0,0.0,0.0,0.0,1,1.0,0.5
3007,49,5,14,49,3,46,0.061224489795918366,0.9387755102040817,0.061224489795918366,0.002391182036724464,0.07142857142857142,0.0019305019305019305,13,0.9285714285714286,2.1833416106423957
3008,17,5,4,17,0,17,0.0,1.0,0.0,0.0,0.0,0.0,4,1.0,1.6131471927654584
3009,0,1,0,0,0,0,0.0,0.0,0.0,0.0,0.0,0.0,0,0.0,0.0
3010,2,2,1,2,0,2,0.0,1.0,0.0,0.0,0.0,0.0,1,1.0,1.0
3011,0,35,0,0,0,0,0.0,0.0,0.0,0.0,0.0,0.0,0,0.0,0.0
3012,0,4,0,0,0,0,0.0,0.0,0.0,0.0,0.0,0.0,0,0.0,0.0
3013,0,1,0,0,0,0,0.0,0.0,0.0,0.0,0.0,0.0,0,0.0,0.0
3014,0,1,0,0,0,0,0.0,0.0,0.0,0.0,0.0,0.0,0,0.0,0.0
3015,0,8,0,0,0,0,0.0,0.0,0.0,0.0,0.0,0.0,0,0.0,0.0
3016,0,36,0,0,0,0,0.0,0.0,0.0,0.0,0.0,0.0,0,0.0,0.0
3017,5,34,1,5,5,0,1.0,0.0,1.8,0.06845698557562965,4.0,0.05128205128205128,0,0.0,0.5039617607727125
3018,0,39,0,0,0,0,0.0,0.0,0.0,0.0,0.0,0.0,0,0.0,0.0
3019,34,36,10,34,8,26,0.23529411764705882,0.7647058823529411,0.38235294117647056,0.007011666930296845,0.3,0.0033420811105374865,7,0.7,0.9846106024841429
3020,6,39,1,6,6,0,1.0,0.0,7.833333333333333,0.07437136132788306,4.0,0.09090909090909091,0,0.0,0.5275071124607182
3021,0,39,0,0,0,0,0.0,0.0,0.0,0.0,0.0,0.0,0,0.0,0.0
3022,0,2,0,0,0,0,0.0,0.0,0.0,0.0,0.0,0.0,0,0.0,0.0
3023,0,28,0,0,0,0,0.0,0.0,0.0,0.0,0.0,0.0,0,0.0,0.0
3024,12,38,4,12,5,7,0.4166666666666667,0.5833333333333333,0.8333333333333334,0.007382890847994446,3.0,0.04862660532873299,1,0.25,0.7001245250427999
3025,1,29,1,1,0,1,0.0,1.0,0.0,0.0,1.0,0.023809523809523808,0,0.0,0.20379504709050617
3026,8,37,2,8,1,7,0.125,0.875,0.375,0.005136986301369863,0.0,0.0,2,1.0,0.6040336863117743
3027,0,4,0,0,0,0,0.0,0.0,0.0,0.0,0.0,0.0,0,0.0,0.0
3028,4,24,1,4,4,0,1.0,0.0,3.25,0.07970024251311263,4.0,0.08,0,0.0,0.5
3029,0,2,0,0,0,0,0.0,0.0,0.0,0.0,0.0,0.0,0,0.0,0.0
3030,12,38,4,12,7,5,0.5833333333333334,0.41666666666666663,0.75,0.008283570469177977,1.0,0.013553858790217121,1,0.25,0.7001245250427999
3031,6,4,1,6,0,6,0.0,1.0,0.0,0.0,0.0,0.0,1,1.0,1.2090619551221675
3032,0,19,0,0,0,0,0.0,0.0,0.0,0.0,0.0,0.0,0,0.0,0.0
3033,0,5,0,0,0,0,0.0,0.0,0.0,0.0,0.0,0.0,0,0.0,0.0
3034,0,9,0,0,0,0,0.0,0.0,0.0,0.0,0.0,0.0,0,0.0,0.0
3035,0,5,0,0,0,0,0.0,0.0,0.0,0.0,0.0,0.0,0,0.0,0.0
3036,0,1,0,0,0,0,0.0,0.0,0.0,0.0,0.0,0.0,0,0.0,0.0
3037,14,39,4,14,11,3,0.7857142857142857,0.2142857142857143,2.642857142857143,0.04580603879594453,3.75,0.047336266247255024,0,0.0,0.7341118718536928
3038,0,1,0,0,0,0,0.0,0.0,0.0,0.0,0.0,0.0,0,0.0,0.0
3039,0,2,0,0,0,0,0.0,0.0,0.0,0.0,0.0,0.0,0,0.0,0.0
3040,0,1,0,0,0,0,0.0,0.0,0.0,0.0,0.0,0.0,0,0.0,0.0
3041,1,1,1,1,0,1,0.0,1.0,0.0,0.0,0.0,0.0,1,1.0,1.0
3042,0,3,0,0,0,0,0.0,0.0,0.0,0.0,0.0,0.0,0,0.0,0.0
3043,0,20,0,0,0,0,0.0,0.0,0.0,0.0,0.0,0.0,0,0.0,0.0
3044,0,1,0,0,0,0,0.0,0.0,0.0,0.0,0.0,0.0,0,0.0,0.0
3045,0,25,0,0,0,0,0.0,0.0,0.0,0.0,0.0,0.0,0,0.0,0.0
3046,0,2,0,0,0,0,0.0,0.0,0.0,0.0,0.0,0.0,0,0.0,0.0
3047,49,39,14,49,13,36,0.2653061224489796,0.7346938775510203,0.6530612244897959,0.007284221380803519,0.5714285714285714,0.007120310245310245,11,0.7857142857142857,1.060490876454462
3048,1,31,1,1,1,0,1.0,0.0,1.0,0.008771929824561403,0.0,0.0,1,1.0,0.19999999999999998
3049,0,39,0,0,0,0,0.0,0.0,0.0,0.0,0.0,0.0,0,0.0,0.0
3050,10,8,2,10,0,10,0.0,1.0,0.0,0.0,0.5,0.0033333333333333335,1,0.5,1.091329169322069
3051,0,1,0,0,0,0,0.0,0.0,0.0,0.0,0.0,0.0,0,0.0,0.0
3052,0,4,0,0,0,0,0.0,0.0,0.0,0.0,0.0,0.0,0,0.0,0.0
3053,7,2,2,7,1,6,0.14285714285714285,0.8571428571428572,0.14285714285714285,0.0018552875695732839,0.0,0.0,2,1.0,1.892789260714372
3054,0,1,0,0,0,0,0.0,0.0,0.0,0.0,0.0,0.0,0,0.0,0.0
3055,0,8,0,0,0,0,0.0,0.0,0.0,0.0,0.0,0.0,0,0.0,0.0
3056,0,1,0,0,0,0,0.0,0.0,0.0,0.0,0.0,0.0,0,0.0,0.0
3057,0,1,0,0,0,0,0.0,0.0,0.0,0.0,0.0,0.0,0,0.0,0.0
3058,0,34,0,0,0,0,0.0,0.0,0.0,0.0,0.0,0.0,0,0.0,0.0
3059,0,23,0,0,0,0,0.0,0.0,0.0,0.0,0.0,0.0,0,0.0,0.0
3060,6,39,1,6,1,5,0.16666666666666666,0.8333333333333334,0.3333333333333333,0.014492753623188406,1.0,0.022727272727272728,0,0.0,0.5275071124607182
3061,0,36,0,0,0,0,0.0,0.0,0.0,0.0,0.0,0.0,0,0.0,0.0
3062,4,1,1,4,0,4,0.0,1.0,0.0,0.0,0.0,0.0,1,1.0,2.321928094887362
3063,0,3,0,0,0,0,0.0,0.0,0.0,0.0,0.0,0.0,0,0.0,0.0
3064,0,1,0,0,0,0,0.0,0.0,0.0,0.0,0.0,0.0,0,0.0,0.0
3065,18,38,5,18,12,6,0.6666666666666666,0.33333333333333337,1.3333333333333333,0.017187179830758143,1.6,0.02425137903861308,2,0.4,0.8037094127451301
3066,2,28,1,2,1,1,0.5,0.5,0.5,0.004464285714285714,2.0,0.013333333333333334,0,0.0,0.32625951034201905
3067,0,5,0,0,0,0,0.0,0.0,0.0,0.0,0.0,0.0,0,0.0,0.0
3068,0,1,0,0,0,0,0.0,0.0,0.0,0.0,0.0,0.0,0,0.0,0.0
3069,0,39,0,0,0,0,0.0,0.0,0.0,0.0,0.0,0.0,0,0.0,0.0
3070,0,10,0,0,0,0,0.0,0.0,0.0,0.0,0.0,0.0,0,0.0,0.0
3071,0,1,0,0,0,0,0.0,0.0,0.0,0.0,0.0,0.0,0,0.0,0.0
3072,16,33,4,16,13,3,0.8125,0.1875,3.0625,0.03799968923121847,0.75,0.028620689655172414,2,0.5,0.8034383677671774
3073,0,37,0,0,0,0,0.0,0.0,0.0,0.0,0.0,0.0,0,0.0,0.0
3074,0,35,0,0,0,0,0.0,0.0,0.0,0.0,0.0,0.0,0,0.0,0.0
3075,2,8,1,2,1,1,0.5,0.5,0.5,0.006493506493506494,0.0,0.0,1,1.0,0.5
3076,14,28,4,14,5,9,0.35714285714285715,0.6428571428571428,0.42857142857142855,0.010043289785951717,1.25,0.011167656205824144,2,0.5,0.8042210538754737
3077,16,6,4,16,2,14,0.125,0.875,0.125,0.0025255102040816326,0.25,0.006756756756756757,3,0.75,1.4559836410903477
3078,0,1,0,0,0,0,0.0,0.0,0.0,0.0,0.0,0.0,0,0.0,0.0
3079,0,2,0,0,0,0,0.0,0.0,0.0,0.0,0.0,0.0,0,0.0,0.0
3080,0,1,0,0,0,0,0.0,0.0,0.0,0.0,0.0,0.0,0,0.0,0.0
3081,7,37,2,7,6,1,0.8571428571428571,0.1428571428571429,2.142857142857143,0.033288456694825795,0.5,0.003355704697986577,1,0.5,0.5716542372803202
3082,0,9,0,0,0,0,0.0,0.0,0.0,0.0,0.0,0.0,0,0.0,0.0
3083,0,4,0,0,0,0,0.0,0.0,0.0,0.0,0.0,0.0,0,0.0,0.0
3084,1,23,1,1,1,0,1.0,0.0,2.0,0.024096385542168676,1.0,0.023255813953488372,0,0.0,0.21810429198553155
3085,0,2,0,0,0,0,0.0,0.0,0.0,0.0,0.0,0.0,0,0.0,0.0
3086,26,7,7,26,4,22,0.15384615384615385,0.8461538461538461,0.15384615384615385,0.0017385878565814212,0.0,0.0,7,1.0,1.5849625007211563
3087,0,14,0,0,0,0,0.0,0.0,0.0,0.0,0.0,0.0,0,0.0,0.0
3088,3,17,1,3,2,1,0.6666666666666666,0.33333333333333337,2.0,0.015555555555555557,0.0,0.0,1,1.0,0.4796249331362629
3089,0,28,0,0,0,0,0.0,0.0,0.0,0.0,0.0,0.0,0,0.0,0.0
3090,15,38,4,15,8,7,0.5333333333333333,0.4666666666666667,1.7333333333333334,0.034255687457257246,0.75,0.014335585585585585,1,0.25,0.7568014380674801
3091,0,1,0,0,0,0,0.0,0.0,0.0,0.0,0.0,0.0,0,0.0,0.0
3092,6,25,1,6,3,3,0.5,0.5,1.1666666666666667,0.026845522898154478,4.0,0.05128205128205128,0,0.0,0.5972536805913646
3093,0,7,0,0,0,0,0.0,0.0,0.0,0.0,0.0,0.0,0,0.0,0.0
3094,0,4,0,0,0,0,0.0,0.0,0.0,0.0,0.0,0.0,0,0.0,0.0
3095,0,1,0,0,0,0,0.0,0.0,0.0,0.0,0.0,0.0,0,0.0,0.0
3096,6,39,1,6,4,2,0.6666666666666666,0.33333333333333337,1.5,0.0397320140177283,0.0,0.0,1,1.0,0.5275071124607182
3097,7,16,2,7,4,3,0.5714285714285714,0.4285714285714286,1.0,0.026916790303517988,3.0,0.02,1,0.5,0.733951626354678
3098,0,34,0,0,0,0,0.0,0.0,0.0,0.0,0.0,0.0,0,0.0,0.0
3099,0,3,0,0,0,0,0.0,0.0,0.0,0.0,0.0,0.0,0,0.0,0.0
3100,2,34,1,2,2,0,1.0,0.0,3.0,0.04662077596996245,3.0,0.02142857142857143,0,0.0,0.3090027388789262
3101,3,3,1,3,0,3,0.0,1.0,0.0,0.0,0.0,0.0,1,1.0,1.0
3102,0,29,0,0,0,0,0.0,0.0,0.0,0.0,0.0,0.0,0,0.0,0.0
3103,2,9,1,2,1,1,0.5,0.5,0.5,0.01,1.0,0.013888888888888888,0,0.0,0.47712125471966244
3104,0,4,0,0,0,0,0.0,0.0,0.0,0.0,0.0,0.0,0,0.0,0.0
3105,16,2,4,16,1,15,0.0625,0.9375,0.0625,0.0008333333333333334,0.0,0.0,4,1.0,2.5789019231625656
3106,0,8,0,0,0,0,0.0,0.0,0.0,0.0,0.0,0.0,0,0.0,0.0
3107,0,1,0,0,0,0,0.0,0.0,0.0,0.0,0.0,0.0,0,0.0,0.0
3108,0,12,0,0,0,0,0.0,0.0,0.0,0.0,0.0,0.0,0,0.0,0.0
3109,6,1,1,6,1,5,0.16666666666666666,0.8333333333333334,0.16666666666666666,0.003787878787878788,0.0,0.0,1,1.0,2.807354922057604
3110,0,29,0,0,0,0,0.0,0.0,0.0,0.0,0.0,0.0,0,0.0,0.0
3111,0,2,0,0,0,0,0.0,0.0,0.0,0.0,0.0,0.0,0,0.0,0.0
3112,0,1,0,0,0,0,0.0,0.0,0.0,0.0,0.0,0.0,0,0.0,0.0
3113,0,34,0,0,0,0,0.0,0.0,0.0,0.0,0.0,0.0,0,0.0,0.0
3114,18,29,5,18,13,5,0.7222222222222222,0.2777777777777778,2.8333333333333335,0.041130611768101455,5.8,0.07318529775976584,0,0.0,0.8657065876392923
3115,7,12,1,7,6,1,0.8571428571428571,0.1428571428571429,1.2857142857142858,0.02555739631966509,4.0,0.04878048780487805,0,0.0,0.8107144632819592
3116,2,29,1,2,1,1,0.5,0.5,1.0,0.00909090909090909,4.0,0.026845637583892617,0,0.0,0.3230075074711545
3117,0,39,0,0,0,0,0.0,0.0,0.0,0.0,0.0,0.0,0,0.0,0.0
3118,2,36,1,2,2,0,1.0,0.0,1.5,0.03716002530044275,1.0,0.02631578947368421,0,0.0,0.30424737289682985
3119,0,4,0,0,0,0,0.0,0.0,0.0,0.0,0.0,0.0,0,0.0,0.0
3120,0,5,0,0,0,0,0.0,0.0,0.0,0.0,0.0,0.0,0,0.0,0.0
3121,0,1,0,0,0,0,0.0,0.0,0.0,0.0,0.0,0.0,0,0.0,0.0
3122,14,36,4,14,12,2,0.8571428571428571,0.1428571428571429,2.642857142857143,0.058727691384664986,2.5,0.05821494204127792,1,0.25,0.7499617179386786
3123,0,37,0,0,0,0,0.0,0.0,0.0,0.0,0.0,0.0,0,0.0,0.0
3124,0,2,0,0,0,0,0.0,0.0,0.0,0.0,0.0,0.0,0,0.0,0.0
3125,0,20,0,0,0,0,0.0,0.0,0.0,0.0,0.0,0.0,0,0.0,0.0
3126,4,8,1,4,3,1,0.75,0.25,0.75,0.021768484970477724,1.0,0.023809523809523808,0,0.0,0.7324867603589634
3127,10,17,3,10,7,3,0.7,0.30000000000000004,1.4,0.02394697055471268,3.0,0.04205603510469449,0,0.0,0.8296148293891938
3128,0,1,0,0,0,0,0.0,0.0,0.0,0.0,0.0,0.0,0,0.0,0.0
3129,17,7,4,17,13,4,0.7647058823529411,0.23529411764705888,1.4705882352941178,0.03144239715127505,1.25,0.026685110663983904,1,0.25,1.3899750004807707
3130,0,1,0,0,0,0,0.0,0.0,0.0,0.0,0.0,0.0,0,0.0,0.0
3131,0,3,0,0,0,0,0.0,0.0,0.0,0.0,0.0,0.0,0,0.0,0.0
3132,2,35,1,2,0,2,0.0,1.0,0.0,0.0,0.0,0.0,1,1.0,0.30657359638272924
3133,0,1,0,0,0,0,0.0,0.0,0.0,0.0,0.0,0.0,0,0.0,0.0
3134,0,20,0,0,0,0,0.0,0.0,0.0,0.0,0.0,0.0,0,0.0,0.0
3135,0,2,0,0,0,0,0.0,0.0,0.0,0.0,0.0,0.0,0,0.0,0.0
3136,0,1,0,0,0,0,0.0,0.0,0.0,0.0,0.0,0.0,0,0.0,0.0
3137,0,6,0,0,0,0,0.0,0.0,0.0,0.0,0.0,0.0,0,0.0,0.0
3138,0,15,0,0,0,0,0.0,0.0,0.0,0.0,0.0,0.0,0,0.0,0.0
3139,3,38,1,3,2,1,0.6666666666666666,0.33333333333333337,0.6666666666666666,0.011224160206718346,0.0,0.0,1,1.0,0.37840071903374006
3140,0,33,0,0,0,0,0.0,0.0,0.0,0.0,0.0,0.0,0,0.0,0.0
3141,0,1,0,0,0,0,0.0,0.0,0.0,0.0,0.0,0.0,0,0.0,0.0
3142,0,3,0,0,0,0,0.0,0.0,0.0,0.0,0.0,0.0,0,0.0,0.0
3143,0,26,0,0,0,0,0.0,0.0,0.0,0.0,0.0,0.0,0,0.0,0.0
3144,0,1,0,0,0,0,0.0,0.0,0.0,0.0,0.0,0.0,0,0.0,0.0
3145,0,27,0,0,0,0,0.0,0.0,0.0,0.0,0.0,0.0,0,0.0,0.0
3146,1,27,1,1,1,0,1.0,0.0,1.0,0.014925373134328358,1.0,0.01282051282051282,0,0.0,0.20801459767650946
3147,0,7,0,0,0,0,0.0,0.0,0.0,0.0,0.0,0.0,0,0.0,0.0
3148,24,34,6,24,19,5,0.7916666666666666,0.20833333333333337,2.4583333333333335,0.04620917530630451,2.8333333333333335,0.0559543670089461,1,0.16666666666666666,0.9053616605738856
3149,0,38,0,0,0,0,0.0,0.0,0.0,0.0,0.0,0.0,0,0.0,0.0
3150,0,32,0,0,0,0,0.0,0.0,0.0,0.0,0.0,0.0,0,0.0,0.0
3151,0,1,0,0,0,0,0.0,0.0,0.0,0.0,0.0,0.0,0,0.0,0.0
3152,12,36,3,12,4,8,0.3333333333333333,0.6666666666666667,0.75,0.0122008547008547,1.3333333333333333,0.019293004729897933,1,0.3333333333333333,0.7103316717558003
3153,7,27,1,7,5,2,0.7142857142857143,0.2857142857142857,1.5714285714285714,0.041654452478665886,1.0,0.02127659574468085,0,0.0,0.6240437930295284
3154,0,9,0,0,0,0,0.0,0.0,0.0,0.0,0.0,0.0,0,0.0,0.0
3155,0,1,0,0,0,0,0.0,0.0,0.0,0.0,0.0,0.0,0,0.0,0.0
3156,0,32,0,0,0,0,0.0,0.0,0.0,0.0,0.0,0.0,0,0.0,0.0
3157,0,17,0,0,0,0,0.0,0.0,0.0,0.0,0.0,0.0,0,0.0,0.0
3158,10,32,2,10,5,5,0.5,0.5,1.4,0.02523914823914824,3.5,0.03355437665782493,0,0.0,0.6857972507265686
3159,0,4,0,0,0,0,0.0,0.0,0.0,0.0,0.0,0.0,0,0.0,0.0
3160,7,33,2,7,7,0,1.0,0.0,1.7142857142857142,0.07670000757830205,1.0,0.013888888888888888,1,0.5,0.5896848966984678
3161,0,2,0,0,0,0,0.0,0.0,0.0,0.0,0.0,0.0,0,0.0,0.0
3162,0,33,0,0,0,0,0.0,0.0,0.0,0.0,0.0,0.0,0,0.0,0.0
3163,0,39,0,0,0,0,0.0,0.0,0.0,0.0,0.0,0.0,0,0.0,0.0
3164,0,35,0,0,0,0,0.0,0.0,0.0,0.0,0.0,0.0,0,0.0,0.0
3165,0,1,0,0,0,0,0.0,0.0,0.0,0.0,0.0,0.0,0,0.0,0.0
3166,0,39,0,0,0,0,0.0,0.0,0.0,0.0,0.0,0.0,0,0.0,0.0
3167,0,11,0,0,0,0,0.0,0.0,0.0,0.0,0.0,0.0,0,0.0,0.0
3168,0,3,0,0,0,0,0.0,0.0,0.0,0.0,0.0,0.0,0,0.0,0.0
3169,0,2,0,0,0,0,0.0,0.0,0.0,0.0,0.0,0.0,0,0.0,0.0
3170,0,32,0,0,0,0,0.0,0.0,0.0,0.0,0.0,0.0,0,0.0,0.0
3171,5,37,1,5,4,1,0.8,0.19999999999999996,1.6,0.051375039948865456,0.0,0.0,1,1.0,0.49256825558266054
3172,0,34,0,0,0,0,0.0,0.0,0.0,0.0,0.0,0.0,0,0.0,0.0
3173,19,39,5,19,10,9,0.5263157894736842,0.4736842105263158,2.1052631578947367,0.027902920662737158,3.0,0.02374184529356943,2,0.4,0.8120981752908923
3174,10,7,3,10,1,9,0.1,0.9,0.1,0.0014492753623188406,0.0,0.0,3,1.0,1.1531438728790993
3175,0,38,0,0,0,0,0.0,0.0,0.0,0.0,0.0,0.0,0,0.0,0.0
3176,0,1,0,0,0,0,0.0,0.0,0.0,0.0,0.0,0.0,0,0.0,0.0
3177,0,3,0,0,0,0,0.0,0.0,0.0,0.0,0.0,0.0,0,0.0,0.0
3178,0,8,0,0,0,0,0.0,0.0,0.0,0.0,0.0,0.0,0,0.0,0.0
3179,58,28,16,58,31,27,0.5344827586206896,0.4655172413793104,0.8620689655172413,0.01420222049948482,0.625,0.017330074806986194,9,0.5625,1.2109234382065261
3180,0,7,0,0,0,0,0.0,0.0,0.0,0.0,0.0,0.0,0,0.0,0.0
3181,1,6,1,1,0,1,0.0,1.0,0.0,0.0,1.0,0.01818181818181818,0,0.0,0.3562071871080222
3182,0,4,0,0,0,0,0.0,0.0,0.0,0.0,0.0,0.0,0,0.0,0.0
3183,3,5,1,3,0,3,0.0,1.0,0.0,0.0,0.0,0.0,1,1.0,0.7737056144690831
3184,0,6,0,0,0,0,0.0,0.0,0.0,0.0,0.0,0.0,0,0.0,0.0
3185,11,15,3,11,7,4,0.6363636363636364,0.36363636363636365,2.1818181818181817,0.024716144818699402,0.0,0.0,3,1.0,0.8962406251802891
3186,0,10,0,0,0,0,0.0,0.0,0.0,0.0,0.0,0.0,0,0.0,0.0
3187,0,36,0,0,0,0,0.0,0.0,0.0,0.0,0.0,0.0,0,0.0,0.0
3188,0,16,0,0,0,0,0.0,0.0,0.0,0.0,0.0,0.0,0,0.0,0.0
3189,3,7,1,3,2,1,0.6666666666666666,0.33333333333333337,0.6666666666666666,0.006510640738828659,1.0,0.06666666666666667,0,0.0,0.6666666666666667
3190,0,1,0,0,0,0,0.0,0.0,0.0,0.0,0.0,0.0,0,0.0,0.0
3191,0,3,0,0,0,0,0.0,0.0,0.0,0.0,0.0,0.0,0,0.0,0.0
3192,1,1,1,1,0,1,0.0,1.0,0.0,0.0,0.0,0.0,1,1.0,1.0
3193,0,1,0,0,0,0,0.0,0.0,0.0,0.0,0.0,0.0,0,0.0,0.0
3194,0,1,0,0,0,0,0.0,0.0,0.0,0.0,0.0,0.0,0,0.0,0.0
3195,2,10,1,2,0,2,0.0,1.0,0.0,0.0,1.0,0.018867924528301886,0,0.0,0.45815690999132624
3196,0,4,0,0,0,0,0.0,0.0,0.0,0.0,0.0,0.0,0,0.0,0.0
3197,1,39,1,1,1,0,1.0,0.0,3.0,0.07142857142857142,4.0,0.05128205128205128,0,0.0,0.18790182470910757
3198,0,27,0,0,0,0,0.0,0.0,0.0,0.0,0.0,0.0,0,0.0,0.0
3199,0,14,0,0,0,0,0.0,0.0,0.0,0.0,0.0,0.0,0,0.0,0.0
3200,0,3,0,0,0,0,0.0,0.0,0.0,0.0,0.0,0.0,0,0.0,0.0
3201,0,34,0,0,0,0,0.0,0.0,0.0,0.0,0.0,0.0,0,0.0,0.0
3202,0,1,0,0,0,0,0.0,0.0,0.0,0.0,0.0,0.0,0,0.0,0.0
3203,0,37,0,0,0,0,0.0,0.0,0.0,0.0,0.0,0.0,0,0.0,0.0
3204,5,2,1,5,0,5,0.0,1.0,0.0,0.0,0.0,0.0,1,1.0,1.6309297535714573
3205,6,37,1,6,3,3,0.5,0.5,1.8333333333333333,0.022895343772054527,0.0,0.0,1,1.0,0.5349454455813307
3206,0,1,0,0,0,0,0.0,0.0,0.0,0.0,0.0,0.0,0,0.0,0.0
3207,0,3,0,0,0,0,0.0,0.0,0.0,0.0,0.0,0.0,0,0.0,0.0
3208,2,30,1,2,1,1,0.5,0.5,0.5,0.0625,3.0,0.08823529411764706,0,0.0,0.3199232330374462
3209,14,34,4,14,11,3,0.7857142857142857,0.2142857142857143,2.0,0.04770949927374317,1.5,0.03812718378756114,1,0.25,0.761683569165869
3210,0,1,0,0,0,0,0.0,0.0,0.0,0.0,0.0,0.0,0,0.0,0.0
3211,2,4,1,2,0,2,0.0,1.0,0.0,0.0,0.0,0.0,1,1.0,0.6826061944859854
3212,2,23,1,2,0,2,0.0,1.0,0.0,0.0,0.0,0.0,1,1.0,0.34568712404340535
3213,0,31,0,0,0,0,0.0,0.0,0.0,0.0,0.0,0.0,0,0.0,0.0
3214,0,31,0,0,0,0,0.0,0.0,0.0,0.0,0.0,0.0,0,0.0,0.0
3215,0,35,0,0,0,0,0.0,0.0,0.0,0.0,0.0,0.0,0,0.0,0.0
3216,6,12,1,6,2,4,0.3333333333333333,0.6666666666666667,0.5,0.011965811965811965,3.0,0.031914893617021274,0,0.0,0.7586544129592989
3217,15,11,4,15,3,12,0.2,0.8,0.2,0.002497625830959164,0.0,0.0,4,1.0,1.1157717826045193
3218,0,1,0,0,0,0,0.0,0.0,0.0,0.0,0.0,0.0,0,0.0,0.0
3219,0,14,0,0,0,0,0.0,0.0,0.0,0.0,0.0,0.0,0,0.0,0.0
3220,0,1,0,0,0,0,0.0,0.0,0.0,0.0,0.0,0.0,0,0.0,0.0
3221,0,17,0,0,0,0,0.0,0.0,0.0,0.0,0.0,0.0,0,0.0,0.0
3222,0,35,0,0,0,0,0.0,0.0,0.0,0.0,0.0,0.0,0,0.0,0.0
3223,0,35,0,0,0,0,0.0,0.0,0.0,0.0,0.0,0.0,0,0.0,0.0
3224,0,21,0,0,0,0,0.0,0.0,0.0,0.0,0.0,0.0,0,0.0,0.0
3225,0,1,0,0,0,0,0.0,0.0,0.0,0.0,0.0,0.0,0,0.0,0.0
3226,0,28,0,0,0,0,0.0,0.0,0.0,0.0,0.0,0.0,0,0.0,0.0
3227,0,11,0,0,0,0,0.0,0.0,0.0,0.0,0.0,0.0,0,0.0,0.0
3228,0,29,0,0,0,0,0.0,0.0,0.0,0.0,0.0,0.0,0,0.0,0.0
3229,0,38,0,0,0,0,0.0,0.0,0.0,0.0,0.0,0.0,0,0.0,0.0
3230,19,4,5,19,4,15,0.21052631578947367,0.7894736842105263,0.21052631578947367,0.0028787586682323526,0.0,0.0,5,1.0,1.8613531161467862
3231,0,39,0,0,0,0,0.0,0.0,0.0,0.0,0.0,0.0,0,0.0,0.0
3232,8,1,2,8,0,8,0.0,1.0,0.0,0.0,0.5,0.00980392156862745,1,0.5,3.1699250014423126
3233,1,2,1,1,0,1,0.0,1.0,0.0,0.0,0.0,0.0,1,1.0,0.6309297535714574
3234,0,1,0,0,0,0,0.0,0.0,0.0,0.0,0.0,0.0,0,0.0,0.0
3235,3,36,1,3,1,2,0.3333333333333333,0.6666666666666667,0.3333333333333333,0.006172839506172839,1.0,0.008333333333333333,0,0.0,0.3839174400131203
3236,0,12,0,0,0,0,0.0,0.0,0.0,0.0,0.0,0.0,0,0.0,0.0
3237,13,38,4,13,5,8,0.38461538461538464,0.6153846153846154,0.38461538461538464,0.007823800131492437,0.0,0.0,4,1.0,0.7203529200616233
3238,3,34,1,3,2,1,0.6666666666666666,0.33333333333333337,1.6666666666666667,0.061279461279461274,1.0,0.007142857142857143,0,0.0,0.3899180437875726
3239,0,39,0,0,0,0,0.0,0.0,0.0,0.0,0.0,0.0,0,0.0,0.0
3240,0,27,0,0,0,0,0.0,0.0,0.0,0.0,0.0,0.0,0,0.0,0.0
3241,7,6,2,7,2,5,0.2857142857142857,0.7142857142857143,0.2857142857142857,0.0030118762133150624,0.5,0.011627906976744186,1,0.5,1.0686215613240664
3242,7,34,2,7,7,0,1.0,0.0,3.5714285714285716,0.04409004614048833,6.0,0.06588019823313941,0,0.0,0.5848770656813589
3243,0,32,0,0,0,0,0.0,0.0,0.0,0.0,0.0,0.0,0,0.0,0.0
3244,15,37,4,15,10,5,0.6666666666666666,0.33333333333333337,2.0,0.034272754266832836,2.25,0.13247474747474747,1,0.25,0.7622056497070936
3245,0,28,0,0,0,0,0.0,0.0,0.0,0.0,0.0,0.0,0,0.0,0.0
3246,5,39,1,5,1,4,0.2,0.8,1.2,0.016216216216216217,0.0,0.0,1,1.0,0.48571917069012305
3247,0,6,0,0,0,0,0.0,0.0,0.0,0.0,0.0,0.0,0,0.0,0.0
3248,2,8,1,2,2,0,1.0,0.0,1.0,0.020362828582006665,2.0,0.013333333333333334,0,0.0,0.5
3249,0,39,0,0,0,0,0.0,0.0,0.0,0.0,0.0,0.0,0,0.0,0.0
3250,0,2,0,0,0,0,0.0,0.0,0.0,0.0,0.0,0.0,0,0.0,0.0
3251,0,39,0,0,0,0,0.0,0.0,0.0,0.0,0.0,0.0,0,0.0,0.0
3252,2,38,1,2,1,1,0.5,0.5,1.5,0.012711864406779662,1.0,0.0078125,0,0.0,0.2998754749572002
3253,0,1,0,0,0,0,0.0,0.0,0.0,0.0,0.0,0.0,0,0.0,0.0
3254,0,1,0,0,0,0,0.0,0.0,0.0,0.0,0.0,0.0,0,0.0,0.0
3255,24,39,7,24,11,13,0.4583333333333333,0.5416666666666667,0.625,0.007788717236944635,0.7142857142857143,0.012901897561454576,4,0.5714285714285714,0.8725890517453545
3256,0,24,0,0,0,0,0.0,0.0,0.0,0.0,0.0,0.0,0,0.0,0.0
3257,14,38,4,14,8,6,0.5714285714285714,0.4285714285714286,0.7857142857142857,0.013270237080575167,0.75,0.009329710144927537,2,0.5,0.7391851052822103
3258,1,6,1,1,1,0,1.0,0.0,3.0,0.02586206896551724,1.0,0.017241379310344827,0,0.0,0.3562071871080222
3259,0,5,0,0,0,0,0.0,0.0,0.0,0.0,0.0,0.0,0,0.0,0.0
3260,37,5,10,37,0,37,0.0,1.0,0.0,0.0,0.1,0.0038461538461538464,9,0.9,2.0301754907390386
3261,6,32,1,6,3,3,0.5,0.5,2.3333333333333335,0.03418688565385094,1.0,0.01694915254237288,0,0.0,0.5565296556198991
3262,2,7,1,2,0,2,0.0,1.0,0.0,0.0,2.0,0.022727272727272728,0,0.0,0.5283208335737188
3263,0,3,0,0,0,0,0.0,0.0,0.0,0.0,0.0,0.0,0,0.0,0.0
3264,7,37,2,7,2,5,0.2857142857142857,0.7142857142857143,1.1428571428571428,0.014240145819093188,0.5,0.011363636363636364,1,0.5,0.5716542372803202
3265,0,2,0,0,0,0,0.0,0.0,0.0,0.0,0.0,0.0,0,0.0,0.0
3266,2,35,1,2,1,1,0.5,0.5,0.5,0.005681818181818182,0.0,0.0,1,1.0,0.30657359638272924
3267,0,16,0,0,0,0,0.0,0.0,0.0,0.0,0.0,0.0,0,0.0,0.0
3268,4,38,1,4,2,2,0.5,0.5,0.75,0.010277777777777778,5.0,0.0684931506849315,0,0.0,0.4393096303250101
3269,6,4,1,6,2,4,0.3333333333333333,0.6666666666666667,0.3333333333333333,0.013015873015873015,0.0,0.0,1,1.0,1.2090619551221675
3270,0,26,0,0,0,0,0.0,0.0,0.0,0.0,0.0,0.0,0,0.0,0.0
3271,8,2,2,8,1,7,0.125,0.875,0.125,0.0016233766233766235,0.0,0.0,2,1.0,2.0
3272,1,16,1,1,0,1,0.0,1.0,0.0,0.0,0.0,0.0,1,1.0,0.244650542118226
3273,28,33,8,28,6,22,0.21428571428571427,0.7857142857142857,0.5357142857142857,0.011214149550015812,0.5,0.004166666666666667,7,0.875,0.9548926737583074
3274,0,1,0,0,0,0,0.0,0.0,0.0,0.0,0.0,0.0,0,0.0,0.0
3275,0,35,0,0,0,0,0.0,0.0,0.0,0.0,0.0,0.0,0,0.0,0.0
3276,0,2,0,0,0,0,0.0,0.0,0.0,0.0,0.0,0.0,0,0.0,0.0
3277,0,37,0,0,0,0,0.0,0.0,0.0,0.0,0.0,0.0,0,0.0,0.0
3278,1,5,1,1,0,1,0.0,1.0,0.0,0.0,0.0,0.0,1,1.0,0.3868528072345416
3279,3,8,1,3,2,1,0.6666666666666666,0.33333333333333337,0.6666666666666666,0.04778972520908004,1.0,0.02,0,0.0,0.6309297535714574
3280,0,2,0,0,0,0,0.0,0.0,0.0,0.0,0.0,0.0,0,0.0,0.0
3281,1,35,1,1,0,1,0.0,1.0,0.0,0.0,2.0,0.045454545454545456,0,0.0,0.1934264036172708
3282,0,29,0,0,0,0,0.0,0.0,0.0,0.0,0.0,0.0,0,0.0,0.0
3283,0,38,0,0,0,0,0.0,0.0,0.0,0.0,0.0,0.0,0,0.0,0.0
3284,6,36,1,6,5,1,0.8333333333333334,0.16666666666666663,1.6666666666666667,0.02281352722739167,0.0,0.0,1,1.0,0.5388962574422941
3285,0,2,0,0,0,0,0.0,0.0,0.0,0.0,0.0,0.0,0,0.0,0.0
3286,3,39,1,3,0,3,0.0,1.0,0.0,0.0,1.0,0.011235955056179775,0,0.0,0.37580364941821515
3287,0,28,0,0,0,0,0.0,0.0,0.0,0.0,0.0,0.0,0,0.0,0.0
3288,0,35,0,0,0,0,0.0,0.0,0.0,0.0,0.0,0.0,0,0.0,0.0
3289,2,1,1,2,0,2,0.0,1.0,0.0,0.0,0.0,0.0,1,1.0,1.5849625007211563
3290,0,1,0,0,0,0,0.0,0.0,0.0,0.0,0.0,0.0,0,0.0,0.0
3291,0,4,0,0,0,0,0.0,0.0,0.0,0.0,0.0,0.0,0,0.0,0.0
3292,0,1,0,0,0,0,0.0,0.0,0.0,0.0,0.0,0.0,0,0.0,0.0
3293,0,1,0,0,0,0,0.0,0.0,0.0,0.0,0.0,0.0,0,0.0,0.0
3294,17,36,5,17,8,9,0.47058823529411764,0.5294117647058824,1.411764705882353,0.016847055849344122,1.0,0.00846381335743038,2,0.4,0.8004534658002197
3295,0,17,0,0,0,0,0.0,0.0,0.0,0.0,0.0,0.0,0,0.0,0.0
3296,0,4,0,0,0,0,0.0,0.0,0.0,0.0,0.0,0.0,0,0.0,0.0
3297,0,2,0,0,0,0,0.0,0.0,0.0,0.0,0.0,0.0,0,0.0,0.0
3298,0,1,0,0,0,0,0.0,0.0,0.0,0.0,0.0,0.0,0,0.0,0.0
3299,0,28,0,0,0,0,0.0,0.0,0.0,0.0,0.0,0.0,0,0.0,0.0
3300,0,38,0,0,0,0,0.0,0.0,0.0,0.0,0.0,0.0,0,0.0,0.0
3301,7,2,1,7,1,6,0.14285714285714285,0.8571428571428572,0.14285714285714285,0.0009587727708533077,0.0,0.0,1,1.0,1.892789260714372
3302,0,1,0,0,0,0,0.0,0.0,0.0,0.0,0.0,0.0,0,0.0,0.0
3303,0,39,0,0,0,0,0.0,0.0,0.0,0.0,0.0,0.0,0,0.0,0.0
3304,0,25,0,0,0,0,0.0,0.0,0.0,0.0,0.0,0.0,0,0.0,0.0
3305,0,39,0,0,0,0,0.0,0.0,0.0,0.0,0.0,0.0,0,0.0,0.0
3306,0,37,0,0,0,0,0.0,0.0,0.0,0.0,0.0,0.0,0,0.0,0.0
3307,0,34,0,0,0,0,0.0,0.0,0.0,0.0,0.0,0.0,0,0.0,0.0
3308,23,38,6,23,14,9,0.6086956521739131,0.3913043478260869,2.347826086956522,0.02292125826241911,2.0,0.04110811216074374,1,0.16666666666666666,0.8674765535078103
3309,0,1,0,0,0,0,0.0,0.0,0.0,0.0,0.0,0.0,0,0.0,0.0
3310,0,12,0,0,0,0,0.0,0.0,0.0,0.0,0.0,0.0,0,0.0,0.0
3311,0,5,0,0,0,0,0.0,0.0,0.0,0.0,0.0,0.0,0,0.0,0.0
3312,2,1,1,2,0,2,0.0,1.0,0.0,0.0,0.0,0.0,1,1.0,1.5849625007211563
3313,0,25,0,0,0,0,0.0,0.0,0.0,0.0,0.0,0.0,0,0.0,0.0
3314,3,36,1,3,3,0,1.0,0.0,3.0,0.04345391903531438,0.0,0.0,1,1.0,0.3839174400131203
3315,0,33,0,0,0,0,0.0,0.0,0.0,0.0,0.0,0.0,0,0.0,0.0
3316,0,5,0,0,0,0,0.0,0.0,0.0,0.0,0.0,0.0,0,0.0,0.0
3317,0,3,0,0,0,0,0.0,0.0,0.0,0.0,0.0,0.0,0,0.0,0.0
3318,0,38,0,0,0,0,0.0,0.0,0.0,0.0,0.0,0.0,0,0.0,0.0
3319,0,13,0,0,0,0,0.0,0.0,0.0,0.0,0.0,0.0,0,0.0,0.0
3320,0,2,0,0,0,0,0.0,0.0,0.0,0.0,0.0,0.0,0,0.0,0.0
3321,0,4,0,0,0,0,0.0,0.0,0.0,0.0,0.0,0.0,0,0.0,0.0
3322,0,3,0,0,0,0,0.0,0.0,0.0,0.0,0.0,0.0,0,0.0,0.0
3323,0,32,0,0,0,0,0.0,0.0,0.0,0.0,0.0,0.0,0,0.0,0.0
3324,0,12,0,0,0,0,0.0,0.0,0.0,0.0,0.0,0.0,0,0.0,0.0
3325,4,33,1,4,0,4,0.0,1.0,0.0,0.0,0.0,0.0,1,1.0,0.4564019762583081
3326,0,1,0,0,0,0,0.0,0.0,0.0,0.0,0.0,0.0,0,0.0,0.0
3327,9,39,2,9,7,2,0.7777777777777778,0.2222222222222222,3.6666666666666665,0.049395020222881,2.0,0.11020408163265306,0,0.0,0.6241963505817849
3328,0,17,0,0,0,0,0.0,0.0,0.0,0.0,0.0,0.0,0,0.0,0.0
3329,0,5,0,0,0,0,0.0,0.0,0.0,0.0,0.0,0.0,0,0.0,0.0
3330,0,3,0,0,0,0,0.0,0.0,0.0,0.0,0.0,0.0,0,0.0,0.0
3331,0,3,0,0,0,0,0.0,0.0,0.0,0.0,0.0,0.0,0,0.0,0.0
3332,0,30,0,0,0,0,0.0,0.0,0.0,0.0,0.0,0.0,0,0.0,0.0
3333,0,1,0,0,0,0,0.0,0.0,0.0,0.0,0.0,0.0,0,0.0,0.0
3334,0,1,0,0,0,0,0.0,0.0,0.0,0.0,0.0,0.0,0,0.0,0.0
3335,7,36,1,7,7,0,1.0,0.0,6.571428571428571,0.10151707114501193,3.0,0.02040816326530612,0,0.0,0.5758761600196804
3336,9,16,2,9,5,4,0.5555555555555556,0.4444444444444444,0.7777777777777778,0.009796958989915703,0.5,0.015625,1,0.5,0.812711509291959
3337,4,12,1,4,3,1,0.75,0.25,0.75,0.01510656720843104,0.0,0.0,1,1.0,0.6274735630753033
3338,0,7,0,0,0,0,0.0,0.0,0.0,0.0,0.0,0.0,0,0.0,0.0
3339,0,7,0,0,0,0,0.0,0.0,0.0,0.0,0.0,0.0,0,0.0,0.0
3340,16,28,4,16,9,7,0.5625,0.4375,2.4375,0.036940784707424894,0.5,0.023200757575757576,2,0.5,0.84139127867111
3341,12,7,3,12,6,6,0.5,0.5,0.6666666666666666,0.017826975908208403,1.0,0.043478260869565216,1,0.3333333333333333,1.2334799060470307
3342,0,19,0,0,0,0,0.0,0.0,0.0,0.0,0.0,0.0,0,0.0,0.0
3343,20,30,6,20,13,7,0.65,0.35,1.15,0.021633544728309993,0.3333333333333333,0.008777704630239191,4,0.6666666666666666,0.8865852597665357
3344,0,4,0,0,0,0,0.0,0.0,0.0,0.0,0.0,0.0,0,0.0,0.0
3345,0,2,0,0,0,0,0.0,0.0,0.0,0.0,0.0,0.0,0,0.0,0.0
3346,0,35,0,0,0,0,0.0,0.0,0.0,0.0,0.0,0.0,0,0.0,0.0
3347,4,13,1,4,3,1,0.75,0.25,1.0,0.016887183305649426,0.0,0.0,1,1.0,0.6098533345119623
3348,0,5,0,0,0,0,0.0,0.0,0.0,0.0,0.0,0.0,0,0.0,0.0
3349,0,5,0,0,0,0,0.0,0.0,0.0,0.0,0.0,0.0,0,0.0,0.0
3350,0,28,0,0,0,0,0.0,0.0,0.0,0.0,0.0,0.0,0,0.0,0.0
3351,0,21,0,0,0,0,0.0,0.0,0.0,0.0,0.0,0.0,0,0.0,0.0
3352,3,23,1,3,2,1,0.6666666666666666,0.33333333333333337,0.6666666666666666,0.013997113997113996,6.0,0.08108108108108109,0,0.0,0.4362085839710631
3353,0,6,0,0,0,0,0.0,0.0,0.0,0.0,0.0,0.0,0,0.0,0.0
3354,0,37,0,0,0,0,0.0,0.0,0.0,0.0,0.0,0.0,0,0.0,0.0
3355,3,31,1,3,3,0,1.0,0.0,2.0,0.04128086419753086,0.0,0.0,1,1.0,0.39999999999999997
3356,0,39,0,0,0,0,0.0,0.0,0.0,0.0,0.0,0.0,0,0.0,0.0
3357,0,0,0,0,0,0,0.0,0.0,0.0,0.0,0.0,0.0,0,0.0,0.0
3358,0,2,0,0,0,0,0.0,0.0,0.0,0.0,0.0,0.0,0,0.0,0.0
3359,1,39,1,1,0,1,0.0,1.0,0.0,0.0,0.0,0.0,1,1.0,0.18790182470910757
3360,0,2,0,0,0,0,0.0,0.0,0.0,0.0,0.0,0.0,0,0.0,0.0
3361,0,13,0,0,0,0,0.0,0.0,0.0,0.0,0.0,0.0,0,0.0,0.0
3362,8,11,2,8,6,2,0.75,0.25,1.125,0.029165821369220378,0.5,0.0033333333333333335,1,0.5,0.8842282173954806
3363,0,36,0,0,0,0,0.0,0.0,0.0,0.0,0.0,0.0,0,0.0,0.0
3364,8,35,2,8,6,2,0.75,0.25,1.25,0.01631141591970767,0.5,0.027777777777777776,1,0.5,0.6131471927654585
3365,0,3,0,0,0,0,0.0,0.0,0.0,0.0,0.0,0.0,0,0.0,0.0
3366,0,3,0,0,0,0,0.0,0.0,0.0,0.0,0.0,0.0,0,0.0,0.0
3367,0,6,0,0,0,0,0.0,0.0,0.0,0.0,0.0,0.0,0,0.0,0.0
3368,3,1,1,3,0,3,0.0,1.0,0.0,0.0,0.0,0.0,1,1.0,2.0
3369,0,34,0,0,0,0,0.0,0.0,0.0,0.0,0.0,0.0,0,0.0,0.0
3370,0,23,0,0,0,0,0.0,0.0,0.0,0.0,0.0,0.0,0,0.0,0.0
3371,0,33,0,0,0,0,0.0,0.0,0.0,0.0,0.0,0.0,0,0.0,0.0
3372,0,2,0,0,0,0,0.0,0.0,0.0,0.0,0.0,0.0,0,0.0,0.0
3373,0,10,0,0,0,0,0.0,0.0,0.0,0.0,0.0,0.0,0,0.0,0.0
3374,4,18,1,4,3,1,0.75,0.25,1.75,0.01571583178726036,2.0,0.025974025974025976,0,0.0,0.5466025697329024
3375,0,3,0,0,0,0,0.0,0.0,0.0,0.0,0.0,0.0,0,0.0,0.0
3376,47,35,13,47,19,28,0.40425531914893614,0.5957446808510638,0.8723404255319149,0.02535404481126106,0.6923076923076923,0.02930729848538068,7,0.5384615384615384,1.0802792108518124
3377,1,38,1,1,1,0,1.0,0.0,3.0,0.0625,4.0,0.02666666666666667,0,0.0,0.18920035951687003
3378,0,39,0,0,0,0,0.0,0.0,0.0,0.0,0.0,0.0,0,0.0,0.0
3379,2,34,1,2,2,0,1.0,0.0,2.5,0.02858563261247825,2.0,0.023255813953488372,0,0.0,0.3090027388789262
3380,0,1,0,0,0,0,0.0,0.0,0.0,0.0,0.0,0.0,0,0.0,0.0
3381,0,3,0,0,0,0,0.0,0.0,0.0,0.0,0.0,0.0,0,0.0,0.0
3382,9,38,2,9,8,1,0.8888888888888888,0.11111111111111116,3.3333333333333335,0.05452834175725742,3.0,0.026953748006379584,0,0.0,0.6285099898418802
3383,1,23,1,1,1,0,1.0,0.0,1.0,0.014285714285714285,0.0,0.0,1,1.0,0.21810429198553155
3384,4,39,1,4,2,2,0.5,0.5,0.75,0.012797619047619047,0.0,0.0,1,1.0,0.43629452587267725
3385,0,1,0,0,0,0,0.0,0.0,0.0,0.0,0.0,0.0,0,0.0,0.0
3386,0,39,0,0,0,0,0.0,0.0,0.0,0.0,0.0,0.0,0,0.0,0.0
3387,27,37,8,27,10,17,0.37037037037037035,0.6296296296296297,0.5185185185185185,0.013330711398856407,0.25,0.0030120481927710845,7,0.875,0.9160482704348776
3388,0,4,0,0,0,0,0.0,0.0,0.0,0.0,0.0,0.0,0,0.0,0.0
3389,6,7,1,6,2,4,0.3333333333333333,0.6666666666666667,0.3333333333333333,0.005788655788655788,0.0,0.0,1,1.0,0.9357849740192015
3390,70,38,20,70,23,47,0.32857142857142857,0.6714285714285715,0.4714285714285714,0.010464011387490198,1.1,0.01735381666279832,10,0.5,1.1635343659481219
3391,13,37,4,13,8,5,0.6153846153846154,0.3846153846153846,1.7692307692307692,0.02845051946577287,1.25,0.01919104991394148,2,0.5,0.7254968580081042
3392,0,23,0,0,0,0,0.0,0.0,0.0,0.0,0.0,0.0,0,0.0,0.0
3393,0,1,0,0,0,0,0.0,0.0,0.0,0.0,0.0,0.0,0,0.0,0.0
3394,0,16,0,0,0,0,0.0,0.0,0.0,0.0,0.0,0.0,0,0.0,0.0
3395,0,35,0,0,0,0,0.0,0.0,0.0,0.0,0.0,0.0,0,0.0,0.0
3396,0,3,0,0,0,0,0.0,0.0,0.0,0.0,0.0,0.0,0,0.0,0.0
3397,0,20,0,0,0,0,0.0,0.0,0.0,0.0,0.0,0.0,0,0.0,0.0
3398,0,2,0,0,0,0,0.0,0.0,0.0,0.0,0.0,0.0,0,0.0,0.0
3399,0,8,0,0,0,0,0.0,0.0,0.0,0.0,0.0,0.0,0,0.0,0.0
3400,0,3,0,0,0,0,0.0,0.0,0.0,0.0,0.0,0.0,0,0.0,0.0
3401,0,2,0,0,0,0,0.0,0.0,0.0,0.0,0.0,0.0,0,0.0,0.0
3402,0,37,0,0,0,0,0.0,0.0,0.0,0.0,0.0,0.0,0,0.0,0.0
3403,0,33,0,0,0,0,0.0,0.0,0.0,0.0,0.0,0.0,0,0.0,0.0
3404,0,29,0,0,0,0,0.0,0.0,0.0,0.0,0.0,0.0,0,0.0,0.0
3405,27,38,8,27,13,14,0.48148148148148145,0.5185185185185186,0.8518518518518519,0.01231739565883233,0.5,0.005964140975539152,4,0.5,0.9095532795784934
3406,2,2,1,2,0,2,0.0,1.0,0.0,0.0,0.0,0.0,1,1.0,1.0
3407,0,8,0,0,0,0,0.0,0.0,0.0,0.0,0.0,0.0,0,0.0,0.0
3408,0,4,0,0,0,0,0.0,0.0,0.0,0.0,0.0,0.0,0,0.0,0.0
3409,0,39,0,0,0,0,0.0,0.0,0.0,0.0,0.0,0.0,0,0.0,0.0
3410,0,1,0,0,0,0,0.0,0.0,0.0,0.0,0.0,0.0,0,0.0,0.0
3411,0,4,0,0,0,0,0.0,0.0,0.0,0.0,0.0,0.0,0,0.0,0.0
3412,5,21,1,5,3,2,0.6,0.4,1.0,0.020789973079129703,1.0,0.14285714285714285,0,0.0,0.5796618766207391
3413,0,5,0,0,0,0,0.0,0.0,0.0,0.0,0.0,0.0,0,0.0,0.0
3414,1,3,1,1,0,1,0.0,1.0,0.0,0.0,0.0,0.0,1,1.0,0.5
3415,7,38,1,7,6,1,0.8571428571428571,0.1428571428571429,1.8571428571428572,0.020561414249255585,1.0,0.010309278350515464,0,0.0,0.56760107855061
3416,0,3,0,0,0,0,0.0,0.0,0.0,0.0,0.0,0.0,0,0.0,0.0
3417,25,39,7,25,16,9,0.64,0.36,1.2,0.025785837504200285,1.0,0.02010545845132311,4,0.5714285714285714,0.8832211999738746
3418,0,5,0,0,0,0,0.0,0.0,0.0,0.0,0.0,0.0,0,0.0,0.0
3419,4,1,1,4,1,3,0.25,0.75,0.25,0.00390625,0.0,0.0,1,1.0,2.321928094887362
3420,0,36,0,0,0,0,0.0,0.0,0.0,0.0,0.0,0.0,0,0.0,0.0
3421,14,18,4,14,5,9,0.35714285714285715,0.6428571428571428,0.5714285714285714,0.00708985413202872,1.25,0.026307764485104385,1,0.25,0.9197168697545395
3422,5,27,1,5,4,1,0.8,0.19999999999999996,2.8,0.06783092724269195,1.0,0.2,0,0.0,0.5377099345963751
3423,0,2,0,0,0,0,0.0,0.0,0.0,0.0,0.0,0.0,0,0.0,0.0
3424,0,1,0,0,0,0,0.0,0.0,0.0,0.0,0.0,0.0,0,0.0,0.0
3425,0,31,0,0,0,0,0.0,0.0,0.0,0.0,0.0,0.0,0,0.0,0.0
3426,7,25,2,7,5,2,0.7142857142857143,0.2857142857142857,1.0,0.01949165822677713,1.5,0.04897567221510884,0,0.0,0.6382381606600894
3427,3,37,1,3,0,3,0.0,1.0,0.0,0.0,1.0,0.006666666666666667,0,0.0,0.3811028248535468
3428,0,22,0,0,0,0,0.0,0.0,0.0,0.0,0.0,0.0,0,0.0,0.0
3429,0,11,0,0,0,0,0.0,0.0,0.0,0.0,0.0,0.0,0,0.0,0.0
3430,0,4,0,0,0,0,0.0,0.0,0.0,0.0,0.0,0.0,0,0.0,0.0
3431,0,13,0,0,0,0,0.0,0.0,0.0,0.0,0.0,0.0,0,0.0,0.0
3432,0,39,0,0,0,0,0.0,0.0,0.0,0.0,0.0,0.0,0,0.0,0.0
3433,4,27,1,4,0,4,0.0,1.0,0.0,0.0,0.0,0.0,1,1.0,0.48299493849177877
3434,0,39,0,0,0,0,0.0,0.0,0.0,0.0,0.0,0.0,0,0.0,0.0
3435,0,30,0,0,0,0,0.0,0.0,0.0,0.0,0.0,0.0,0,0.0,0.0
3436,0,8,0,0,0,0,0.0,0.0,0.0,0.0,0.0,0.0,0,0.0,0.0
3437,1,6,1,1,0,1,0.0,1.0,0.0,0.0,0.0,0.0,1,1.0,0.3562071871080222
3438,0,1,0,0,0,0,0.0,0.0,0.0,0.0,0.0,0.0,0,0.0,0.0
3439,17,38,4,17,11,6,0.6470588235294118,0.3529411764705882,2.6470588235294117,0.030510502822579152,1.5,0.04131274131274131,2,0.5,0.7889513094312703
3440,7,39,1,7,4,3,0.5714285714285714,0.4285714285714286,0.7142857142857143,0.037146437522377375,0.0,0.0,1,1.0,0.5637054741273227
3441,0,3,0,0,0,0,0.0,0.0,0.0,0.0,0.0,0.0,0,0.0,0.0
3442,7,34,1,7,4,3,0.5714285714285714,0.4285714285714286,1.2857142857142858,0.012644913411931627,0.0,0.0,1,1.0,0.5848770656813589
3443,2,6,1,2,0,2,0.0,1.0,0.0,0.0,0.0,0.0,1,1.0,0.5645750340535797
3444,0,5,0,0,0,0,0.0,0.0,0.0,0.0,0.0,0.0,0,0.0,0.0
3445,17,5,4,17,1,16,0.058823529411764705,0.9411764705882353,0.058823529411764705,0.000794912559618442,0.25,0.005434782608695652,3,0.75,1.6131471927654584
3446,0,1,0,0,0,0,0.0,0.0,0.0,0.0,0.0,0.0,0,0.0,0.0
3447,2,37,1,2,2,0,1.0,0.0,4.5,0.046153846153846156,4.0,0.057971014492753624,0,0.0,0.30201684315588717
3448,0,33,0,0,0,0,0.0,0.0,0.0,0.0,0.0,0.0,0,0.0,0.0
3449,0,1,0,0,0,0,0.0,0.0,0.0,0.0,0.0,0.0,0,0.0,0.0
3450,7,4,1,7,0,7,0.0,1.0,0.0,0.0,1.0,0.012048192771084338,0,0.0,1.2920296742201791
3451,0,1,0,0,0,0,0.0,0.0,0.0,0.0,0.0,0.0,0,0.0,0.0
3452,0,6,0,0,0,0,0.0,0.0,0.0,0.0,0.0,0.0,0,0.0,0.0
3453,4,37,1,4,2,2,0.5,0.5,1.75,0.01219858156028369,3.0,0.02608695652173913,0,0.0,0.44244667803419396
3454,0,37,0,0,0,0,0.0,0.0,0.0,0.0,0.0,0.0,0,0.0,0.0
3455,0,12,0,0,0,0,0.0,0.0,0.0,0.0,0.0,0.0,0,0.0,0.0
3456,0,13,0,0,0,0,0.0,0.0,0.0,0.0,0.0,0.0,0,0.0,0.0
3457,8,27,2,8,6,2,0.75,0.25,1.0,0.026444792287815544,0.0,0.0,2,1.0,0.6593906738397314
3458,12,30,3,12,11,1,0.9166666666666666,0.08333333333333337,1.6666666666666667,0.02870961485957504,1.0,0.02943969610636277,1,0.3333333333333333,0.7469303770589025
3459,0,2,0,0,0,0,0.0,0.0,0.0,0.0,0.0,0.0,0,0.0,0.0
3460,0,14,0,0,0,0,0.0,0.0,0.0,0.0,0.0,0.0,0,0.0,0.0
3461,0,1,0,0,0,0,0.0,0.0,0.0,0.0,0.0,0.0,0,0.0,0.0
3462,12,36,4,12,10,2,0.8333333333333334,0.16666666666666663,1.5,0.027049284033983337,0.75,0.05402432712215321,1,0.25,0.7103316717558003
3463,0,1,0,0,0,0,0.0,0.0,0.0,0.0,0.0,0.0,0,0.0,0.0
3464,0,1,0,0,0,0,0.0,0.0,0.0,0.0,0.0,0.0,0,0.0,0.0
3465,0,1,0,0,0,0,0.0,0.0,0.0,0.0,0.0,0.0,0,0.0,0.0
3466,0,37,0,0,0,0,0.0,0.0,0.0,0.0,0.0,0.0,0,0.0,0.0
3467,0,1,0,0,0,0,0.0,0.0,0.0,0.0,0.0,0.0,0,0.0,0.0
3468,4,28,1,4,1,3,0.25,0.75,1.25,0.09615384615384616,11.0,0.16417910447761194,0,0.0,0.4779615435334546
3469,24,5,6,24,0,24,0.0,1.0,0.0,0.0,0.0,0.0,6,1.0,1.7964888034078543
3470,0,1,0,0,0,0,0.0,0.0,0.0,0.0,0.0,0.0,0,0.0,0.0
3471,4,37,1,4,3,1,0.75,0.25,2.0,0.07526205450733753,1.0,0.006802721088435374,0,0.0,0.44244667803419396
3472,0,5,0,0,0,0,0.0,0.0,0.0,0.0,0.0,0.0,0,0.0,0.0
3473,0,1,0,0,0,0,0.0,0.0,0.0,0.0,0.0,0.0,0,0.0,0.0
3474,2,37,1,2,1,1,0.5,0.5,1.0,0.006666666666666667,1.0,0.006666666666666667,0,0.0,0.30201684315588717
3475,0,1,0,0,0,0,0.0,0.0,0.0,0.0,0.0,0.0,0,0.0,0.0
3476,0,3,0,0,0,0,0.0,0.0,0.0,0.0,0.0,0.0,0,0.0,0.0
3477,0,6,0,0,0,0,0.0,0.0,0.0,0.0,0.0,0.0,0,0.0,0.0
3478,0,5,0,0,0,0,0.0,0.0,0.0,0.0,0.0,0.0,0,0.0,0.0
3479,5,10,1,5,0,5,0.0,1.0,0.0,0.0,1.0,0.009433962264150943,0,0.0,0.7472217363092141
3480,0,13,0,0,0,0,0.0,0.0,0.0,0.0,0.0,0.0,0,0.0,0.0
3481,3,8,1,3,0,3,0.0,1.0,0.0,0.0,0.0,0.0,1,1.0,0.6309297535714574
3482,0,16,0,0,0,0,0.0,0.0,0.0,0.0,0.0,0.0,0,0.0,0.0
3483,0,1,0,0,0,0,0.0,0.0,0.0,0.0,0.0,0.0,0,0.0,0.0
3484,0,39,0,0,0,0,0.0,0.0,0.0,0.0,0.0,0.0,0,0.0,0.0
3485,14,2,4,14,0,14,0.0,1.0,0.0,0.0,0.0,0.0,4,1.0,2.464973520717927
3486,17,3,4,17,0,17,0.0,1.0,0.0,0.0,0.25,0.003205128205128205,3,0.75,2.084962500721156
3487,0,3,0,0,0,0,0.0,0.0,0.0,0.0,0.0,0.0,0,0.0,0.0
3488,0,5,0,0,0,0,0.0,0.0,0.0,0.0,0.0,0.0,0,0.0,0.0
3489,0,35,0,0,0,0,0.0,0.0,0.0,0.0,0.0,0.0,0,0.0,0.0
3490,70,24,20,70,18,52,0.2571428571428571,0.7428571428571429,0.8428571428571429,0.011863083183561263,1.2,0.01802759790317607,15,0.75,1.3242759612250201
3491,0,10,0,0,0,0,0.0,0.0,0.0,0.0,0.0,0.0,0,0.0,0.0
3492,0,18,0,0,0,0,0.0,0.0,0.0,0.0,0.0,0.0,0,0.0,0.0
3493,0,5,0,0,0,0,0.0,0.0,0.0,0.0,0.0,0.0,0,0.0,0.0
3494,2,35,1,2,1,1,0.5,0.5,2.0,0.02564102564102564,0.0,0.0,1,1.0,0.30657359638272924
3495,0,3,0,0,0,0,0.0,0.0,0.0,0.0,0.0,0.0,0,0.0,0.0
3496,2,28,1,2,0,2,0.0,1.0,0.0,0.0,0.0,0.0,1,1.0,0.32625951034201905
3497,0,2,0,0,0,0,0.0,0.0,0.0,0.0,0.0,0.0,0,0.0,0.0
3498,7,39,2,7,3,4,0.42857142857142855,0.5714285714285714,0.42857142857142855,0.016097018246550958,1.0,0.011494252873563218,1,0.5,0.5637054741273227
3499,0,33,0,0,0,0,0.0,0.0,0.0,0.0,0.0,0.0,0,0.0,0.0
3500,10,39,3,10,6,4,0.6,0.4,1.9,0.030675925925925922,0.3333333333333333,0.007936507936507936,2,0.6666666666666666,0.6500335135983297
3501,0,12,0,0,0,0,0.0,0.0,0.0,0.0,0.0,0.0,0,0.0,0.0
3502,0,5,0,0,0,0,0.0,0.0,0.0,0.0,0.0,0.0,0,0.0,0.0
3503,10,7,3,10,0,10,0.0,1.0,0.0,0.0,0.0,0.0,3,1.0,1.1531438728790993
3504,0,26,0,0,0,0,0.0,0.0,0.0,0.0,0.0,0.0,0,0.0,0.0
3505,1,39,1,1,0,1,0.0,1.0,0.0,0.0,3.0,0.02,0,0.0,0.18790182470910757
3506,0,6,0,0,0,0,0.0,0.0,0.0,0.0,0.0,0.0,0,0.0,0.0
3507,34,8,10,34,8,26,0.23529411764705882,0.7647058823529411,0.2647058823529412,0.0032773622031934055,0.0,0.0,10,1.0,1.6181086349396745
3508,0,36,0,0,0,0,0.0,0.0,0.0,0.0,0.0,0.0,0,0.0,0.0
3509,0,1,0,0,0,0,0.0,0.0,0.0,0.0,0.0,0.0,0,0.0,0.0
3510,2,12,1,2,1,1,0.5,0.5,0.5,0.007936507936507936,0.0,0.0,1,1.0,0.42831734103139474
3511,0,10,0,0,0,0,0.0,0.0,0.0,0.0,0.0,0.0,0,0.0,0.0
3512,41,39,12,41,12,29,0.2926829268292683,0.7073170731707317,0.5609756097560976,0.010443735296145208,0.3333333333333333,0.005471751348293454,8,0.6666666666666666,1.0132262831508414
3513,2,39,1,2,2,0,1.0,0.0,2.0,0.06388888888888888,0.0,0.0,1,1.0,0.2978173459810155
3514,0,10,0,0,0,0,0.0,0.0,0.0,0.0,0.0,0.0,0,0.0,0.0
3515,0,4,0,0,0,0,0.0,0.0,0.0,0.0,0.0,0.0,0,0.0,0.0
3516,9,37,2,9,5,4,0.5555555555555556,0.4444444444444444,1.2222222222222223,0.02280074885905524,0.5,0.016129032258064516,1,0.5,0.6329980904609674
3517,0,39,0,0,0,0,0.0,0.0,0.0,0.0,0.0,0.0,0,0.0,0.0
3518,1,7,1,1,1,0,1.0,0.0,2.0,0.013605442176870748,0.0,0.0,1,1.0,0.33333333333333337
3519,0,7,0,0,0,0,0.0,0.0,0.0,0.0,0.0,0.0,0,0.0,0.0
3520,0,38,0,0,0,0,0.0,0.0,0.0,0.0,0.0,0.0,0,0.0,0.0
3521,45,39,13,45,34,11,0.7555555555555555,0.24444444444444446,2.466666666666667,0.05648313793652103,3.1538461538461537,0.06997057388317121,4,0.3076923076923077,1.0378873704369203
3522,0,28,0,0,0,0,0.0,0.0,0.0,0.0,0.0,0.0,0,0.0,0.0
3523,2,25,1,2,1,1,0.5,0.5,0.5,0.005208333333333333,0.0,0.0,1,1.0,0.3371945170584955
3524,1,39,1,1,0,1,0.0,1.0,0.0,0.0,2.0,0.018518518518518517,0,0.0,0.18790182470910757
3525,0,1,0,0,0,0,0.0,0.0,0.0,0.0,0.0,0.0,0,0.0,0.0
3526,11,18,3,11,7,4,0.6363636363636364,0.36363636363636365,1.0,0.01919338635845813,1.0,0.012136054421768705,1,0.3333333333333333,0.8439321267549135
3527,7,18,1,7,1,6,0.14285714285714285,0.8571428571428572,0.14285714285714285,0.0047619047619047615,0.0,0.0,1,1.0,0.7062267400999147
3528,0,11,0,0,0,0,0.0,0.0,0.0,0.0,0.0,0.0,0,0.0,0.0
3529,13,38,4,13,8,5,0.6153846153846154,0.3846153846153846,1.0,0.01560337327212491,1.25,0.010854341736694677,2,0.5,0.7203529200616233
3530,13,32,4,13,6,7,0.46153846153846156,0.5384615384615384,1.2307692307692308,0.022062502700326076,0.5,0.003787878787878788,3,0.75,0.7547695187904595
3531,0,1,0,0,0,0,0.0,0.0,0.0,0.0,0.0,0.0,0,0.0,0.0
3532,0,11,0,0,0,0,0.0,0.0,0.0,0.0,0.0,0.0,0,0.0,0.0
3533,1,34,1,1,0,1,0.0,1.0,0.0,0.0,0.0,0.0,1,1.0,0.1949590218937863
3534,10,38,3,10,5,5,0.5,0.5,1.1,0.014887649762959015,1.0,0.008333333333333333,2,0.6666666666666666,0.6545257059702043
3535,0,2,0,0,0,0,0.0,0.0,0.0,0.0,0.0,0.0,0,0.0,0.0
3536,0,5,0,0,0,0,0.0,0.0,0.0,0.0,0.0,0.0,0,0.0,0.0
3537,1,36,1,1,1,0,1.0,0.0,1.0,0.00847457627118644,3.0,0.05357142857142857,0,0.0,0.19195872000656014
3538,0,39,0,0,0,0,0.0,0.0,0.0,0.0,0.0,0.0,0,0.0,0.0
3539,0,35,0,0,0,0,0.0,0.0,0.0,0.0,0.0,0.0,0,0.0,0.0
3540,0,2,0,0,0,0,0.0,0.0,0.0,0.0,0.0,0.0,0,0.0,0.0
3541,0,1,0,0,0,0,0.0,0.0,0.0,0.0,0.0,0.0,0,0.0,0.0
3542,0,1,0,0,0,0,0.0,0.0,0.0,0.0,0.0,0.0,0,0.0,0.0
3543,0,8,0,0,0,0,0.0,0.0,0.0,0.0,0.0,0.0,0,0.0,0.0
3544,1,39,1,1,0,1,0.0,1.0,0.0,0.0,0.0,0.0,1,1.0,0.18790182470910757
3545,0,8,0,0,0,0,0.0,0.0,0.0,0.0,0.0,0.0,0,0.0,0.0
3546,0,1,0,0,0,0,0.0,0.0,0.0,0.0,0.0,0.0,0,0.0,0.0
3547,1,2,1,1,0,1,0.0,1.0,0.0,0.0,0.0,0.0,1,1.0,0.6309297535714574
3548,0,39,0,0,0,0,0.0,0.0,0.0,0.0,0.0,0.0,0,0.0,0.0
3549,0,26,0,0,0,0,0.0,0.0,0.0,0.0,0.0,0.0,0,0.0,0.0
3550,0,6,0,0,0,0,0.0,0.0,0.0,0.0,0.0,0.0,0,0.0,0.0
3551,0,9,0,0,0,0,0.0,0.0,0.0,0.0,0.0,0.0,0,0.0,0.0
3552,0,7,0,0,0,0,0.0,0.0,0.0,0.0,0.0,0.0,0,0.0,0.0
3553,0,2,0,0,0,0,0.0,0.0,0.0,0.0,0.0,0.0,0,0.0,0.0
3554,0,33,0,0,0,0,0.0,0.0,0.0,0.0,0.0,0.0,0,0.0,0.0
3555,0,24,0,0,0,0,0.0,0.0,0.0,0.0,0.0,0.0,0,0.0,0.0
3556,2,39,1,2,2,0,1.0,0.0,1.0,0.021831988609397245,0.0,0.0,1,1.0,0.2978173459810155
3557,0,34,0,0,0,0,0.0,0.0,0.0,0.0,0.0,0.0,0,0.0,0.0
3558,44,36,12,44,8,36,0.18181818181818182,0.8181818181818181,0.29545454545454547,0.005708426430011818,0.4166666666666667,0.006778114321217769,8,0.6666666666666666,1.0542090908355084
3559,9,29,2,9,7,2,0.7777777777777778,0.2222222222222222,2.5555555555555554,0.09416799574694311,3.5,0.13614457831325302,0,0.0,0.6769924925288455
3560,0,4,0,0,0,0,0.0,0.0,0.0,0.0,0.0,0.0,0,0.0,0.0
3561,0,2,0,0,0,0,0.0,0.0,0.0,0.0,0.0,0.0,0,0.0,0.0
3562,0,5,0,0,0,0,0.0,0.0,0.0,0.0,0.0,0.0,0,0.0,0.0
3563,0,7,0,0,0,0,0.0,0.0,0.0,0.0,0.0,0.0,0,0.0,0.0
3564,19,17,5,19,7,12,0.3684210526315789,0.631578947368421,0.5263157894736842,0.018975143129873313,0.2,0.0016666666666666666,4,0.8,1.0364522367650437
3565,0,1,0,0,0,0,0.0,0.0,0.0,0.0,0.0,0.0,0,0.0,0.0
3566,0,1,0,0,0,0,0.0,0.0,0.0,0.0,0.0,0.0,0,0.0,0.0
3567,0,33,0,0,0,0,0.0,0.0,0.0,0.0,0.0,0.0,0,0.0,0.0
3568,10,37,2,10,7,3,0.7,0.30000000000000004,1.7,0.04335801305612626,3.5,0.05354537496352495,0,0.0,0.659199581125176
3569,14,38,4,14,4,10,0.2857142857142857,0.7142857142857143,0.5,0.007333711262282691,0.0,0.0,4,1.0,0.7391851052822103
3570,0,1,0,0,0,0,0.0,0.0,0.0,0.0,0.0,0.0,0,0.0,0.0
3571,0,1,0,0,0,0,0.0,0.0,0.0,0.0,0.0,0.0,0,0.0,0.0
3572,5,23,1,5,2,3,0.4,0.6,0.6,0.007849293563579277,0.0,0.0,1,1.0,0.5637914160289369
3573,0,31,0,0,0,0,0.0,0.0,0.0,0.0,0.0,0.0,0,0.0,0.0
3574,0,3,0,0,0,0,0.0,0.0,0.0,0.0,0.0,0.0,0,0.0,0.0
3575,2,33,1,2,2,0,1.0,0.0,2.5,0.03333333333333333,1.0,0.012987012987012988,0,0.0,0.31154281616956675
3576,6,19,1,6,2,4,0.3333333333333333,0.6666666666666667,1.3333333333333333,0.016111111111111114,4.0,0.02857142857142857,0,0.0,0.6495607655709434
3577,23,38,6,23,12,11,0.5217391304347826,0.4782608695652174,1.1304347826086956,0.012683735879913251,0.6666666666666666,0.006060606060606061,5,0.8333333333333334,0.8674765535078103
3578,0,23,0,0,0,0,0.0,0.0,0.0,0.0,0.0,0.0,0,0.0,0.0
3579,0,2,0,0,0,0,0.0,0.0,0.0,0.0,0.0,0.0,0,0.0,0.0
3580,2,12,1,2,1,1,0.5,0.5,0.5,0.012195121951219513,0.0,0.0,1,1.0,0.42831734103139474
3581,0,1,0,0,0,0,0.0,0.0,0.0,0.0,0.0,0.0,0,0.0,0.0
3582,0,37,0,0,0,0,0.0,0.0,0.0,0.0,0.0,0.0,0,0.0,0.0
3583,0,3,0,0,0,0,0.0,0.0,0.0,0.0,0.0,0.0,0,0.0,0.0
3584,2,39,1,2,2,0,1.0,0.0,6.5,0.06060606060606061,2.0,0.027777777777777776,0,0.0,0.2978173459810155
3585,0,31,0,0,0,0,0.0,0.0,0.0,0.0,0.0,0.0,0,0.0,0.0
3586,4,9,1,4,0,4,0.0,1.0,0.0,0.0,0.0,0.0,1,1.0,0.6989700043360187
3587,7,35,1,7,6,1,0.8571428571428571,0.1428571428571429,2.857142857142857,0.03797290215525373,2.0,0.02666666666666667,0,0.0,0.5802792108518123
3588,0,1,0,0,0,0,0.0,0.0,0.0,0.0,0.0,0.0,0,0.0,0.0
3589,70,33,20,70,34,36,0.4857142857142857,0.5142857142857142,0.8285714285714286,0.021250693511827536,1.05,0.021512469178258276,7,0.35,1.2088043316289394
3590,5,1,1,5,0,5,0.0,1.0,0.0,0.0,0.0,0.0,1,1.0,2.584962500721156
3591,11,15,3,11,5,6,0.45454545454545453,0.5454545454545454,0.9090909090909091,0.012185121597132215,0.0,0.0,3,1.0,0.8962406251802891
3592,3,1,1,3,0,3,0.0,1.0,0.0,0.0,1.0,0.038461538461538464,0,0.0,2.0
3593,0,16,0,0,0,0,0.0,0.0,0.0,0.0,0.0,0.0,0,0.0,0.0
3594,0,1,0,0,0,0,0.0,0.0,0.0,0.0,0.0,0.0,0,0.0,0.0
3595,0,12,0,0,0,0,0.0,0.0,0.0,0.0,0.0,0.0,0,0.0,0.0
3596,5,35,1,5,3,2,0.6,0.4,0.6,0.01486423454939197,0.0,0.0,1,1.0,0.5
3597,5,39,1,5,3,2,0.6,0.4,1.4,0.011537037037037037,1.0,0.045454545454545456,0,0.0,0.48571917069012305
3598,2,14,1,2,1,1,0.5,0.5,0.5,0.009259259259259259,6.0,0.15789473684210525,0,0.0,0.40568387108221293
3599,0,25,0,0,0,0,0.0,0.0,0.0,0.0,0.0,0.0,0,0.0,0.0
3600,7,37,1,7,2,5,0.2857142857142857,0.7142857142857143,0.42857142857142855,0.0059053949789305005,1.0,0.013513513513513514,0,0.0,0.5716542372803202
3601,0,14,0,0,0,0,0.0,0.0,0.0,0.0,0.0,0.0,0,0.0,0.0
3602,1,14,1,1,1,0,1.0,0.0,1.0,0.02564102564102564,0.0,0.0,1,1.0,0.2559580248098155
3603,0,1,0,0,0,0,0.0,0.0,0.0,0.0,0.0,0.0,0,0.0,0.0
3604,0,1,0,0,0,0,0.0,0.0,0.0,0.0,0.0,0.0,0,0.0,0.0
3605,0,3,0,0,0,0,0.0,0.0,0.0,0.0,0.0,0.0,0,0.0,0.0
3606,9,7,2,9,3,6,0.3333333333333333,0.6666666666666667,0.7777777777777778,0.011127305870035176,0.0,0.0,2,1.0,1.1073093649624544
3607,4,1,1,4,2,2,0.5,0.5,0.5,0.00811531007751938,0.0,0.0,1,1.0,2.321928094887362
3608,0,1,0,0,0,0,0.0,0.0,0.0,0.0,0.0,0.0,0,0.0,0.0
3609,0,26,0,0,0,0,0.0,0.0,0.0,0.0,0.0,0.0,0,0.0,0.0
3610,10,7,2,10,1,9,0.1,0.9,0.1,0.0006711409395973154,0.5,0.01,1,0.5,1.1531438728790993
3611,0,12,0,0,0,0,0.0,0.0,0.0,0.0,0.0,0.0,0,0.0,0.0
3612,24,8,6,24,5,19,0.20833333333333334,0.7916666666666666,0.20833333333333334,0.003478517087028893,0.16666666666666666,0.001937984496124031,5,0.8333333333333334,1.4649735207179269
3613,21,37,6,21,13,8,0.6190476190476191,0.38095238095238093,1.2380952380952381,0.012465631876254163,2.0,0.019233909103605062,2,0.3333333333333333,0.8497509935519494
3614,0,25,0,0,0,0,0.0,0.0,0.0,0.0,0.0,0.0,0,0.0,0.0
3615,0,5,0,0,0,0,0.0,0.0,0.0,0.0,0.0,0.0,0,0.0,0.0
3616,0,26,0,0,0,0,0.0,0.0,0.0,0.0,0.0,0.0,0,0.0,0.0
3617,0,14,0,0,0,0,0.0,0.0,0.0,0.0,0.0,0.0,0,0.0,0.0
3618,0,4,0,0,0,0,0.0,0.0,0.0,0.0,0.0,0.0,0,0.0,0.0
3619,2,39,1,2,1,1,0.5,0.5,0.5,0.003816793893129771,1.0,0.0196078431372549,0,0.0,0.2978173459810155
3620,0,11,0,0,0,0,0.0,0.0,0.0,0.0,0.0,0.0,0,0.0,0.0
3621,0,8,0,0,0,0,0.0,0.0,0.0,0.0,0.0,0.0,0,0.0,0.0
3622,0,35,0,0,0,0,0.0,0.0,0.0,0.0,0.0,0.0,0,0.0,0.0
3623,0,16,0,0,0,0,0.0,0.0,0.0,0.0,0.0,0.0,0,0.0,0.0
3624,2,37,1,2,2,0,1.0,0.0,3.0,0.15773809523809523,1.0,0.006666666666666667,0,0.0,0.30201684315588717
3625,0,3,0,0,0,0,0.0,0.0,0.0,0.0,0.0,0.0,0,0.0,0.0
3626,0,9,0,0,0,0,0.0,0.0,0.0,0.0,0.0,0.0,0,0.0,0.0
3627,0,14,0,0,0,0,0.0,0.0,0.0,0.0,0.0,0.0,0,0.0,0.0
3628,0,28,0,0,0,0,0.0,0.0,0.0,0.0,0.0,0.0,0,0.0,0.0
3629,0,4,0,0,0,0,0.0,0.0,0.0,0.0,0.0,0.0,0,0.0,0.0
3630,0,3,0,0,0,0,0.0,0.0,0.0,0.0,0.0,0.0,0,0.0,0.0
3631,0,15,0,0,0,0,0.0,0.0,0.0,0.0,0.0,0.0,0,0.0,0.0
3632,0,6,0,0,0,0,0.0,0.0,0.0,0.0,0.0,0.0,0,0.0,0.0
3633,3,39,1,3,2,1,0.6666666666666666,0.33333333333333337,2.3333333333333335,0.04476190476190476,4.0,0.05970149253731343,0,0.0,0.37580364941821515
3634,2,2,1,2,0,2,0.0,1.0,0.0,0.0,0.0,0.0,1,1.0,1.0
3635,19,20,5,19,10,9,0.5263157894736842,0.4736842105263158,1.0,0.020586209012819535,2.0,0.01844330035281485,0,0.0,0.983974444213354
3636,0,36,0,0,0,0,0.0,0.0,0.0,0.0,0.0,0.0,0,0.0,0.0
3637,0,31,0,0,0,0,0.0,0.0,0.0,0.0,0.0,0.0,0,0.0,0.0
3638,0,3,0,0,0,0,0.0,0.0,0.0,0.0,0.0,0.0,0,0.0,0.0
3639,0,4,0,0,0,0,0.0,0.0,0.0,0.0,0.0,0.0,0,0.0,0.0
3640,0,1,0,0,0,0,0.0,0.0,0.0,0.0,0.0,0.0,0,0.0,0.0
3641,0,4,0,0,0,0,0.0,0.0,0.0,0.0,0.0,0.0,0,0.0,0.0
3642,2,9,1,2,1,1,0.5,0.5,0.5,0.007462686567164179,0.0,0.0,1,1.0,0.47712125471966244
3643,12,39,4,12,4,8,0.3333333333333333,0.6666666666666667,1.0833333333333333,0.026149123128275265,1.75,0.013597595078299777,2,0.5,0.695319375264767
3644,0,37,0,0,0,0,0.0,0.0,0.0,0.0,0.0,0.0,0,0.0,0.0
3645,0,32,0,0,0,0,0.0,0.0,0.0,0.0,0.0,0.0,0,0.0,0.0
3646,0,1,0,0,0,0,0.0,0.0,0.0,0.0,0.0,0.0,0,0.0,0.0
3647,23,39,6,23,4,19,0.17391304347826086,0.8260869565217391,0.17391304347826086,0.0014679101127402399,0.3333333333333333,0.0025458644278606966,4,0.6666666666666666,0.8615228201083382
3648,3,4,1,3,0,3,0.0,1.0,0.0,0.0,0.0,0.0,1,1.0,0.8613531161467861
3649,0,5,0,0,0,0,0.0,0.0,0.0,0.0,0.0,0.0,0,0.0,0.0
3650,0,6,0,0,0,0,0.0,0.0,0.0,0.0,0.0,0.0,0,0.0,0.0
3651,0,2,0,0,0,0,0.0,0.0,0.0,0.0,0.0,0.0,0,0.0,0.0
3652,0,5,0,0,0,0,0.0,0.0,0.0,0.0,0.0,0.0,0,0.0,0.0
3653,0,6,0,0,0,0,0.0,0.0,0.0,0.0,0.0,0.0,0,0.0,0.0
3654,1,6,1,1,0,1,0.0,1.0,0.0,0.0,0.0,0.0,1,1.0,0.3562071871080222
3655,0,36,0,0,0,0,0.0,0.0,0.0,0.0,0.0,0.0,0,0.0,0.0
3656,0,4,0,0,0,0,0.0,0.0,0.0,0.0,0.0,0.0,0,0.0,0.0
3657,0,39,0,0,0,0,0.0,0.0,0.0,0.0,0.0,0.0,0,0.0,0.0
3658,0,15,0,0,0,0,0.0,0.0,0.0,0.0,0.0,0.0,0,0.0,0.0
3659,0,39,0,0,0,0,0.0,0.0,0.0,0.0,0.0,0.0,0,0.0,0.0
3660,0,24,0,0,0,0,0.0,0.0,0.0,0.0,0.0,0.0,0,0.0,0.0
3661,7,38,1,7,5,2,0.7142857142857143,0.2857142857142857,1.7142857142857142,0.04142331402605375,1.0,0.02631578947368421,0,0.0,0.56760107855061
3662,9,4,2,9,3,6,0.3333333333333333,0.6666666666666667,0.4444444444444444,0.004860968679421349,0.0,0.0,2,1.0,1.4306765580733933
3663,0,4,0,0,0,0,0.0,0.0,0.0,0.0,0.0,0.0,0,0.0,0.0
3664,7,30,2,7,6,1,0.8571428571428571,0.1428571428571429,1.2857142857142858,0.1094203137823033,3.0,0.08459595959595959,0,0.0,0.6055472597462995
3665,1,39,1,1,1,0,1.0,0.0,4.0,0.04040404040404041,2.0,0.027777777777777776,0,0.0,0.18790182470910757
3666,4,39,1,4,3,1,0.75,0.25,1.0,0.031147722246793453,0.0,0.0,1,1.0,0.43629452587267725
3667,5,2,1,5,2,3,0.4,0.6,0.4,0.004444444444444444,0.0,0.0,1,1.0,1.6309297535714573
3668,3,38,1,3,2,1,0.6666666666666666,0.33333333333333337,1.0,0.019656699889258028,5.0,0.049019607843137254,0,0.0,0.37840071903374006
3669,0,35,0,0,0,0,0.0,0.0,0.0,0.0,0.0,0.0,0,0.0,0.0
3670,1,8,1,1,0,1,0.0,1.0,0.0,0.0,0.0,0.0,1,1.0,0.3154648767857287
3671,0,30,0,0,0,0,0.0,0.0,0.0,0.0,0.0,0.0,0,0.0,0.0
3672,0,6,0,0,0,0,0.0,0.0,0.0,0.0,0.0,0.0,0,0.0,0.0
3673,0,39,0,0,0,0,0.0,0.0,0.0,0.0,0.0,0.0,0,0.0,0.0
3674,0,22,0,0,0,0,0.0,0.0,0.0,0.0,0.0,0.0,0,0.0,0.0
3675,0,7,0,0,0,0,0.0,0.0,0.0,0.0,0.0,0.0,0,0.0,0.0
3676,1,8,1,1,0,1,0.0,1.0,0.0,0.0,1.0,0.058823529411764705,0,0.0,0.3154648767857287
3677,3,38,1,3,0,3,0.0,1.0,0.0,0.0,1.0,0.0196078431372549,0,0.0,0.37840071903374006
3678,0,31,0,0,0,0,0.0,0.0,0.0,0.0,0.0,0.0,0,0.0,0.0
3679,0,2,0,0,0,0,0.0,0.0,0.0,0.0,0.0,0.0,0,0.0,0.0
3680,8,30,2,8,7,1,0.875,0.125,1.25,0.01951063636945971,0.5,0.004761904761904762,1,0.5,0.6398464660748924
3681,0,1,0,0,0,0,0.0,0.0,0.0,0.0,0.0,0.0,0,0.0,0.0
3682,0,6,0,0,0,0,0.0,0.0,0.0,0.0,0.0,0.0,0,0.0,0.0
3683,0,39,0,0,0,0,0.0,0.0,0.0,0.0,0.0,0.0,0,0.0,0.0
3684,0,37,0,0,0,0,0.0,0.0,0.0,0.0,0.0,0.0,0,0.0,0.0
3685,0,5,0,0,0,0,0.0,0.0,0.0,0.0,0.0,0.0,0,0.0,0.0
3686,0,13,0,0,0,0,0.0,0.0,0.0,0.0,0.0,0.0,0,0.0,0.0
3687,0,15,0,0,0,0,0.0,0.0,0.0,0.0,0.0,0.0,0,0.0,0.0
3688,0,36,0,0,0,0,0.0,0.0,0.0,0.0,0.0,0.0,0,0.0,0.0
3689,15,3,4,15,4,11,0.26666666666666666,0.7333333333333334,0.26666666666666666,0.003747599895709047,0.25,0.0021551724137931034,3,0.75,2.0
3690,0,1,0,0,0,0,0.0,0.0,0.0,0.0,0.0,0.0,0,0.0,0.0
3691,17,32,5,17,3,14,0.17647058823529413,0.8235294117647058,0.4117647058823529,0.013478332509474377,0.4,0.002666666666666667,4,0.8,0.8266453617174234
3692,0,36,0,0,0,0,0.0,0.0,0.0,0.0,0.0,0.0,0,0.0,0.0
3693,1,3,1,1,0,1,0.0,1.0,0.0,0.0,1.0,0.017241379310344827,0,0.0,0.5
3694,4,35,1,4,3,1,0.75,0.25,1.0,0.024010086793338024,1.0,0.010752688172043012,0,0.0,0.4491222008519636
3695,0,6,0,0,0,0,0.0,0.0,0.0,0.0,0.0,0.0,0,0.0,0.0
3696,4,39,1,4,2,2,0.5,0.5,0.5,0.018333333333333333,0.0,0.0,1,1.0,0.43629452587267725
3697,0,5,0,0,0,0,0.0,0.0,0.0,0.0,0.0,0.0,0,0.0,0.0
3698,0,20,0,0,0,0,0.0,0.0,0.0,0.0,0.0,0.0,0,0.0,0.0
3699,6,38,1,6,6,0,1.0,0.0,3.5,0.041250763125763125,1.0,0.014925373134328358,0,0.0,0.5311525605447533
3700,0,39,0,0,0,0,0.0,0.0,0.0,0.0,0.0,0.0,0,0.0,0.0
3701,0,18,0,0,0,0,0.0,0.0,0.0,0.0,0.0,0.0,0,0.0,0.0
3702,2,1,1,2,1,1,0.5,0.5,0.5,0.016129032258064516,0.0,0.0,1,1.0,1.5849625007211563
3703,12,26,3,12,4,8,0.3333333333333333,0.6666666666666667,0.6666666666666666,0.010517461817375505,0.0,0.0,3,1.0,0.7782391731575976
3704,7,39,2,7,4,3,0.5714285714285714,0.4285714285714286,1.7142857142857142,0.04490127758420442,0.5,0.01020408163265306,1,0.5,0.5637054741273227
3705,0,39,0,0,0,0,0.0,0.0,0.0,0.0,0.0,0.0,0,0.0,0.0
3706,0,23,0,0,0,0,0.0,0.0,0.0,0.0,0.0,0.0,0,0.0,0.0
3707,6,8,1,6,3,3,0.5,0.5,0.5,0.00984353057075185,0.0,0.0,1,1.0,0.8856218745807111
3708,0,35,0,0,0,0,0.0,0.0,0.0,0.0,0.0,0.0,0,0.0,0.0
3709,0,3,0,0,0,0,0.0,0.0,0.0,0.0,0.0,0.0,0,0.0,0.0
3710,6,36,1,6,5,1,0.8333333333333334,0.16666666666666663,1.8333333333333333,0.036167495511962494,2.0,0.013422818791946308,0,0.0,0.5388962574422941
3711,0,36,0,0,0,0,0.0,0.0,0.0,0.0,0.0,0.0,0,0.0,0.0
3712,0,8,0,0,0,0,0.0,0.0,0.0,0.0,0.0,0.0,0,0.0,0.0
3713,0,1,0,0,0,0,0.0,0.0,0.0,0.0,0.0,0.0,0,0.0,0.0
3714,0,17,0,0,0,0,0.0,0.0,0.0,0.0,0.0,0.0,0,0.0,0.0
3715,0,15,0,0,0,0,0.0,0.0,0.0,0.0,0.0,0.0,0,0.0,0.0
3716,0,3,0,0,0,0,0.0,0.0,0.0,0.0,0.0,0.0,0,0.0,0.0
3717,0,9,0,0,0,0,0.0,0.0,0.0,0.0,0.0,0.0,0,0.0,0.0
3718,0,7,0,0,0,0,0.0,0.0,0.0,0.0,0.0,0.0,0,0.0,0.0
3719,2,16,1,2,1,1,0.5,0.5,0.5,0.004310344827586207,0.0,0.0,1,1.0,0.3877619350384901
3720,0,12,0,0,0,0,0.0,0.0,0.0,0.0,0.0,0.0,0,0.0,0.0
3721,21,38,6,21,12,9,0.5714285714285714,0.4285714285714286,1.380952380952381,0.016235450243265975,0.8333333333333334,0.030320164548352468,3,0.5,0.8437260654870744
3722,0,1,0,0,0,0,0.0,0.0,0.0,0.0,0.0,0.0,0,0.0,0.0
3723,10,29,3,10,2,8,0.2,0.8,0.2,0.005128205128205128,0.0,0.0,3,1.0,0.705015029626574
3724,7,35,2,7,5,2,0.7142857142857143,0.2857142857142857,1.1428571428571428,0.016065773525478718,2.0,0.018043344919239417,0,0.0,0.5802792108518123
3725,10,36,2,10,8,2,0.8,0.19999999999999996,1.7,0.0383672268299134,0.5,0.017241379310344827,1,0.5,0.6640680654638381
3726,0,1,0,0,0,0,0.0,0.0,0.0,0.0,0.0,0.0,0,0.0,0.0
3727,0,9,0,0,0,0,0.0,0.0,0.0,0.0,0.0,0.0,0,0.0,0.0
3728,0,13,0,0,0,0,0.0,0.0,0.0,0.0,0.0,0.0,0,0.0,0.0
3729,0,3,0,0,0,0,0.0,0.0,0.0,0.0,0.0,0.0,0,0.0,0.0
3730,3,9,1,3,0,3,0.0,1.0,0.0,0.0,0.0,0.0,1,1.0,0.6020599913279623
3731,0,1,0,0,0,0,0.0,0.0,0.0,0.0,0.0,0.0,0,0.0,0.0
3732,0,1,0,0,0,0,0.0,0.0,0.0,0.0,0.0,0.0,0,0.0,0.0
3733,28,10,8,28,6,22,0.21428571428571427,0.7857142857142857,0.32142857142857145,0.002598155171579985,0.375,0.0067859834857984715,5,0.625,1.4042714326121517
3734,0,39,0,0,0,0,0.0,0.0,0.0,0.0,0.0,0.0,0,0.0,0.0
3735,30,6,8,30,5,25,0.16666666666666666,0.8333333333333334,0.3,0.005614790110948504,0.375,0.007223687101735882,6,0.75,1.764720332103851
3736,0,37,0,0,0,0,0.0,0.0,0.0,0.0,0.0,0.0,0,0.0,0.0
3737,0,5,0,0,0,0,0.0,0.0,0.0,0.0,0.0,0.0,0,0.0,0.0
3738,0,2,0,0,0,0,0.0,0.0,0.0,0.0,0.0,0.0,0,0.0,0.0
3739,0,13,0,0,0,0,0.0,0.0,0.0,0.0,0.0,0.0,0,0.0,0.0
3740,0,4,0,0,0,0,0.0,0.0,0.0,0.0,0.0,0.0,0,0.0,0.0
3741,0,39,0,0,0,0,0.0,0.0,0.0,0.0,0.0,0.0,0,0.0,0.0
3742,14,2,4,14,2,12,0.14285714285714285,0.8571428571428572,0.14285714285714285,0.0018657614714237567,0.0,0.0,4,1.0,2.464973520717927
3743,15,32,4,15,8,7,0.5333333333333333,0.4666666666666667,0.9333333333333333,0.013918488778423962,0.0,0.0,4,1.0,0.7929594526822421
3744,11,37,3,11,6,5,0.5454545454545454,0.4545454545454546,1.4545454545454546,0.0430806257429634,2.6666666666666665,0.03238095238095238,0,0.0,0.6831196680094339
3745,27,14,8,27,4,23,0.14814814814814814,0.8518518518518519,0.2222222222222222,0.003553200758292472,1.0,0.009315014294466,5,0.625,1.2304810704096087
3746,0,3,0,0,0,0,0.0,0.0,0.0,0.0,0.0,0.0,0,0.0,0.0
3747,2,19,1,2,2,0,1.0,0.0,4.0,0.0335374149659864,0.0,0.0,1,1.0,0.36672579134208466
3748,0,4,0,0,0,0,0.0,0.0,0.0,0.0,0.0,0.0,0,0.0,0.0
3749,0,39,0,0,0,0,0.0,0.0,0.0,0.0,0.0,0.0,0,0.0,0.0
3750,0,39,0,0,0,0,0.0,0.0,0.0,0.0,0.0,0.0,0,0.0,0.0
3751,0,1,0,0,0,0,0.0,0.0,0.0,0.0,0.0,0.0,0,0.0,0.0
3752,43,8,12,43,10,33,0.23255813953488372,0.7674418604651163,0.27906976744186046,0.0062580444107533245,0.08333333333333333,0.001893939393939394,11,0.9166666666666666,1.7222589228935263
3753,7,39,1,7,4,3,0.5714285714285714,0.4285714285714286,1.0,0.00864505750326767,0.0,0.0,1,1.0,0.5637054741273227
3754,0,6,0,0,0,0,0.0,0.0,0.0,0.0,0.0,0.0,0,0.0,0.0
3755,0,39,0,0,0,0,0.0,0.0,0.0,0.0,0.0,0.0,0,0.0,0.0
3756,0,5,0,0,0,0,0.0,0.0,0.0,0.0,0.0,0.0,0,0.0,0.0
3757,0,36,0,0,0,0,0.0,0.0,0.0,0.0,0.0,0.0,0,0.0,0.0
3758,0,28,0,0,0,0,0.0,0.0,0.0,0.0,0.0,0.0,0,0.0,0.0
3759,2,36,1,2,1,1,0.5,0.5,0.5,0.015625,7.0,0.04929577464788732,0,0.0,0.30424737289682985
3760,0,28,0,0,0,0,0.0,0.0,0.0,0.0,0.0,0.0,0,0.0,0.0
3761,0,3,0,0,0,0,0.0,0.0,0.0,0.0,0.0,0.0,0,0.0,0.0
3762,0,36,0,0,0,0,0.0,0.0,0.0,0.0,0.0,0.0,0,0.0,0.0
3763,0,9,0,0,0,0,0.0,0.0,0.0,0.0,0.0,0.0,0,0.0,0.0
3764,0,26,0,0,0,0,0.0,0.0,0.0,0.0,0.0,0.0,0,0.0,0.0
3765,2,38,1,2,1,1,0.5,0.5,3.5,0.023333333333333334,0.0,0.0,1,1.0,0.2998754749572002
3766,0,13,0,0,0,0,0.0,0.0,0.0,0.0,0.0,0.0,0,0.0,0.0
3767,14,39,4,14,5,9,0.35714285714285715,0.6428571428571428,0.5,0.007912730309515111,1.0,0.014540949400104329,2,0.5,0.7341118718536928
3768,0,21,0,0,0,0,0.0,0.0,0.0,0.0,0.0,0.0,0,0.0,0.0
3769,5,32,1,5,4,1,0.8,0.19999999999999996,1.4,0.025529232672089813,0.0,0.0,1,1.0,0.5124426124439919
3770,0,37,0,0,0,0,0.0,0.0,0.0,0.0,0.0,0.0,0,0.0,0.0
3771,10,39,3,10,2,8,0.2,0.8,0.3,0.02142857142857143,0.0,0.0,3,1.0,0.6500335135983297
3772,62,34,18,62,62,0,1.0,0.0,5.548387096774194,0.13329573536824937,4.555555555555555,0.1368968657060275,1,0.05555555555555555,1.1653246474709096
3773,0,23,0,0,0,0,0.0,0.0,0.0,0.0,0.0,0.0,0,0.0,0.0
3774,0,17,0,0,0,0,0.0,0.0,0.0,0.0,0.0,0.0,0,0.0,0.0
3775,6,32,1,6,3,3,0.5,0.5,0.6666666666666666,0.007579365079365079,0.0,0.0,1,1.0,0.5565296556198991
3776,0,1,0,0,0,0,0.0,0.0,0.0,0.0,0.0,0.0,0,0.0,0.0
3777,0,35,0,0,0,0,0.0,0.0,0.0,0.0,0.0,0.0,0,0.0,0.0
3778,0,9,0,0,0,0,0.0,0.0,0.0,0.0,0.0,0.0,0,0.0,0.0
3779,0,2,0,0,0,0,0.0,0.0,0.0,0.0,0.0,0.0,0,0.0,0.0
3780,2,39,1,2,2,0,1.0,0.0,1.0,0.022417153996101363,4.0,0.057971014492753624,0,0.0,0.2978173459810155
3781,8,39,2,8,7,1,0.875,0.125,2.0,0.04191744935428271,0.0,0.0,2,1.0,0.595634691962031
3782,2,7,1,2,0,2,0.0,1.0,0.0,0.0,1.0,0.03333333333333333,0,0.0,0.5283208335737188
3783,0,3,0,0,0,0,0.0,0.0,0.0,0.0,0.0,0.0,0,0.0,0.0
3784,0,26,0,0,0,0,0.0,0.0,0.0,0.0,0.0,0.0,0,0.0,0.0
3785,11,37,3,11,8,3,0.7272727272727273,0.2727272727272727,1.1818181818181819,0.016215199185360837,0.3333333333333333,0.0022371364653243847,2,0.6666666666666666,0.6831196680094339
3786,0,3,0,0,0,0,0.0,0.0,0.0,0.0,0.0,0.0,0,0.0,0.0
3787,8,37,2,8,3,5,0.375,0.625,0.375,0.0056752458068247535,0.0,0.0,2,1.0,0.6040336863117743
3788,0,16,0,0,0,0,0.0,0.0,0.0,0.0,0.0,0.0,0,0.0,0.0
3789,0,36,0,0,0,0,0.0,0.0,0.0,0.0,0.0,0.0,0,0.0,0.0
3790,0,2,0,0,0,0,0.0,0.0,0.0,0.0,0.0,0.0,0,0.0,0.0
3791,0,1,0,0,0,0,0.0,0.0,0.0,0.0,0.0,0.0,0,0.0,0.0
3792,0,1,0,0,0,0,0.0,0.0,0.0,0.0,0.0,0.0,0,0.0,0.0
3793,1,1,1,1,0,1,0.0,1.0,0.0,0.0,0.0,0.0,1,1.0,1.0
3794,0,33,0,0,0,0,0.0,0.0,0.0,0.0,0.0,0.0,0,0.0,0.0
3795,0,24,0,0,0,0,0.0,0.0,0.0,0.0,0.0,0.0,0,0.0,0.0
3796,0,31,0,0,0,0,0.0,0.0,0.0,0.0,0.0,0.0,0,0.0,0.0
3797,2,9,1,2,0,2,0.0,1.0,0.0,0.0,0.0,0.0,1,1.0,0.47712125471966244
3798,4,1,1,4,0,4,0.0,1.0,0.0,0.0,0.0,0.0,1,1.0,2.321928094887362
3799,0,12,0,0,0,0,0.0,0.0,0.0,0.0,0.0,0.0,0,0.0,0.0
3800,0,1,0,0,0,0,0.0,0.0,0.0,0.0,0.0,0.0,0,0.0,0.0
3801,0,17,0,0,0,0,0.0,0.0,0.0,0.0,0.0,0.0,0,0.0,0.0
3802,0,1,0,0,0,0,0.0,0.0,0.0,0.0,0.0,0.0,0,0.0,0.0
3803,1,18,1,1,0,1,0.0,1.0,0.0,0.0,0.0,0.0,1,1.0,0.23540891336663824
3804,0,39,0,0,0,0,0.0,0.0,0.0,0.0,0.0,0.0,0,0.0,0.0
3805,8,37,2,8,8,0,1.0,0.0,2.375,0.048047179139875155,2.0,0.016666666666666666,1,0.5,0.6040336863117743
3806,3,12,1,3,1,2,0.3333333333333333,0.6666666666666667,0.3333333333333333,0.0040650406504065045,0.0,0.0,1,1.0,0.5404763088546395
3807,22,38,6,22,15,7,0.6818181818181818,0.31818181818181823,1.5,0.019282109247479765,1.1666666666666667,0.01459025209025209,2,0.3333333333333333,0.8558595483828227
3808,0,1,0,0,0,0,0.0,0.0,0.0,0.0,0.0,0.0,0,0.0,0.0
3809,0,29,0,0,0,0,0.0,0.0,0.0,0.0,0.0,0.0,0,0.0,0.0
3810,2,1,1,2,0,2,0.0,1.0,0.0,0.0,0.0,0.0,1,1.0,1.5849625007211563
3811,0,20,0,0,0,0,0.0,0.0,0.0,0.0,0.0,0.0,0,0.0,0.0
3812,0,36,0,0,0,0,0.0,0.0,0.0,0.0,0.0,0.0,0,0.0,0.0
3813,25,36,7,25,15,10,0.6,0.4,1.2,0.022078780765210002,1.5714285714285714,0.030409782960803367,3,0.42857142857142855,0.9022903917623605
3814,0,7,0,0,0,0,0.0,0.0,0.0,0.0,0.0,0.0,0,0.0,0.0
3815,0,2,0,0,0,0,0.0,0.0,0.0,0.0,0.0,0.0,0,0.0,0.0
3816,0,5,0,0,0,0,0.0,0.0,0.0,0.0,0.0,0.0,0,0.0,0.0
3817,0,3,0,0,0,0,0.0,0.0,0.0,0.0,0.0,0.0,0,0.0,0.0
3818,0,6,0,0,0,0,0.0,0.0,0.0,0.0,0.0,0.0,0,0.0,0.0
3819,0,39,0,0,0,0,0.0,0.0,0.0,0.0,0.0,0.0,0,0.0,0.0
3820,0,1,0,0,0,0,0.0,0.0,0.0,0.0,0.0,0.0,0,0.0,0.0
3821,17,15,4,17,9,8,0.5294117647058824,0.47058823529411764,0.7647058823529411,0.011580648864301343,0.5,0.03345959595959596,2,0.5,1.042481250360578
3822,0,26,0,0,0,0,0.0,0.0,0.0,0.0,0.0,0.0,0,0.0,0.0
3823,0,1,0,0,0,0,0.0,0.0,0.0,0.0,0.0,0.0,0,0.0,0.0
3824,0,6,0,0,0,0,0.0,0.0,0.0,0.0,0.0,0.0,0,0.0,0.0
3825,0,2,0,0,0,0,0.0,0.0,0.0,0.0,0.0,0.0,0,0.0,0.0
3826,0,8,0,0,0,0,0.0,0.0,0.0,0.0,0.0,0.0,0,0.0,0.0
3827,0,2,0,0,0,0,0.0,0.0,0.0,0.0,0.0,0.0,0,0.0,0.0
3828,3,16,1,3,1,2,0.3333333333333333,0.6666666666666667,2.6666666666666665,0.04597701149425287,1.0,0.020833333333333332,0,0.0,0.489301084236452
3829,0,20,0,0,0,0,0.0,0.0,0.0,0.0,0.0,0.0,0,0.0,0.0
3830,0,1,0,0,0,0,0.0,0.0,0.0,0.0,0.0,0.0,0,0.0,0.0
3831,0,35,0,0,0,0,0.0,0.0,0.0,0.0,0.0,0.0,0,0.0,0.0
3832,0,15,0,0,0,0,0.0,0.0,0.0,0.0,0.0,0.0,0,0.0,0.0
3833,1,30,1,1,1,0,1.0,0.0,5.0,0.041666666666666664,1.0,0.008333333333333333,0,0.0,0.20184908658209985
3834,0,23,0,0,0,0,0.0,0.0,0.0,0.0,0.0,0.0,0,0.0,0.0
3835,0,1,0,0,0,0,0.0,0.0,0.0,0.0,0.0,0.0,0,0.0,0.0
3836,0,6,0,0,0,0,0.0,0.0,0.0,0.0,0.0,0.0,0,0.0,0.0
3837,7,38,1,7,2,5,0.2857142857142857,0.7142857142857143,0.2857142857142857,0.014235764235764238,0.0,0.0,1,1.0,0.56760107855061
3838,8,34,2,8,6,2,0.75,0.25,2.625,0.04194725136585602,1.5,0.049129353233830844,0,0.0,0.6180054777578524
3839,0,7,0,0,0,0,0.0,0.0,0.0,0.0,0.0,0.0,0,0.0,0.0
3840,0,11,0,0,0,0,0.0,0.0,0.0,0.0,0.0,0.0,0,0.0,0.0
3841,0,37,0,0,0,0,0.0,0.0,0.0,0.0,0.0,0.0,0,0.0,0.0
3842,0,6,0,0,0,0,0.0,0.0,0.0,0.0,0.0,0.0,0,0.0,0.0
3843,0,5,0,0,0,0,0.0,0.0,0.0,0.0,0.0,0.0,0,0.0,0.0
3844,17,39,4,17,8,9,0.47058823529411764,0.5294117647058824,1.1176470588235294,0.025478799027753497,1.75,0.02293190416141236,1,0.25,0.7835365166711385
3845,0,3,0,0,0,0,0.0,0.0,0.0,0.0,0.0,0.0,0,0.0,0.0
3846,0,35,0,0,0,0,0.0,0.0,0.0,0.0,0.0,0.0,0,0.0,0.0
3847,0,13,0,0,0,0,0.0,0.0,0.0,0.0,0.0,0.0,0,0.0,0.0
3848,0,39,0,0,0,0,0.0,0.0,0.0,0.0,0.0,0.0,0,0.0,0.0
3849,0,20,0,0,0,0,0.0,0.0,0.0,0.0,0.0,0.0,0,0.0,0.0
3850,0,1,0,0,0,0,0.0,0.0,0.0,0.0,0.0,0.0,0,0.0,0.0
3851,0,0,0,0,0,0,0.0,0.0,0.0,0.0,0.0,0.0,0,0.0,0.0
3852,0,30,0,0,0,0,0.0,0.0,0.0,0.0,0.0,0.0,0,0.0,0.0
3853,8,25,2,8,2,6,0.25,0.75,0.625,0.004449404761904762,0.0,0.0,2,1.0,0.674389034116991
3854,6,10,1,6,5,1,0.8333333333333334,0.16666666666666663,1.3333333333333333,0.022585807911894868,1.0,0.007142857142857143,0,0.0,0.8115075629572489
3855,1,39,1,1,1,0,1.0,0.0,4.0,0.058823529411764705,0.0,0.0,1,1.0,0.18790182470910757
3856,9,8,2,9,3,6,0.3333333333333333,0.6666666666666667,0.3333333333333333,0.004237972491940746,0.0,0.0,2,1.0,1.0479516371446924
3857,0,37,0,0,0,0,0.0,0.0,0.0,0.0,0.0,0.0,0,0.0,0.0
3858,2,4,1,2,0,2,0.0,1.0,0.0,0.0,0.0,0.0,1,1.0,0.6826061944859854
3859,2,7,1,2,0,2,0.0,1.0,0.0,0.0,0.0,0.0,1,1.0,0.5283208335737188
3860,0,2,0,0,0,0,0.0,0.0,0.0,0.0,0.0,0.0,0,0.0,0.0
3861,0,1,0,0,0,0,0.0,0.0,0.0,0.0,0.0,0.0,0,0.0,0.0
3862,0,1,0,0,0,0,0.0,0.0,0.0,0.0,0.0,0.0,0,0.0,0.0
3863,0,1,0,0,0,0,0.0,0.0,0.0,0.0,0.0,0.0,0,0.0,0.0
3864,7,21,1,7,5,2,0.7142857142857143,0.2857142857142857,2.0,0.06335558303588994,0.0,0.0,1,1.0,0.6727314726527263
3865,0,36,0,0,0,0,0.0,0.0,0.0,0.0,0.0,0.0,0,0.0,0.0
3866,3,35,1,3,1,2,0.3333333333333333,0.6666666666666667,0.3333333333333333,0.004273504273504273,2.0,0.013605442176870748,0,0.0,0.3868528072345416
3867,0,13,0,0,0,0,0.0,0.0,0.0,0.0,0.0,0.0,0,0.0,0.0
3868,0,39,0,0,0,0,0.0,0.0,0.0,0.0,0.0,0.0,0,0.0,0.0
3869,0,2,0,0,0,0,0.0,0.0,0.0,0.0,0.0,0.0,0,0.0,0.0
3870,0,6,0,0,0,0,0.0,0.0,0.0,0.0,0.0,0.0,0,0.0,0.0
3871,0,38,0,0,0,0,0.0,0.0,0.0,0.0,0.0,0.0,0,0.0,0.0
3872,0,1,0,0,0,0,0.0,0.0,0.0,0.0,0.0,0.0,0,0.0,0.0
3873,1,33,1,1,0,1,0.0,1.0,0.0,0.0,0.0,0.0,1,1.0,0.19656163223282258
3874,38,15,10,38,3,35,0.07894736842105263,0.9210526315789473,0.07894736842105263,0.0006601080076136514,0.0,0.0,10,1.0,1.3213505547155622
3875,24,27,6,24,20,4,0.8333333333333334,0.16666666666666663,1.7083333333333333,0.024343470577767354,2.8333333333333335,0.03477622578397772,0,0.0,0.9659898769835575
3876,0,7,0,0,0,0,0.0,0.0,0.0,0.0,0.0,0.0,0,0.0,0.0
3877,6,34,1,6,4,2,0.6666666666666666,0.33333333333333337,1.1666666666666667,0.020071248196248195,0.0,0.0,1,1.0,0.5473191697130572
3878,8,19,2,8,7,1,0.875,0.125,2.0,0.018103297747983887,1.0,0.012048192771084338,1,0.5,0.7334515826841693
3879,14,24,4,14,9,5,0.6428571428571429,0.3571428571428571,1.0,0.015105358430550381,2.25,0.023998136067101584,2,0.5,0.8413030972429927
3880,0,1,0,0,0,0,0.0,0.0,0.0,0.0,0.0,0.0,0,0.0,0.0
3881,0,1,0,0,0,0,0.0,0.0,0.0,0.0,0.0,0.0,0,0.0,0.0
3882,1,5,1,1,0,1,0.0,1.0,0.0,0.0,0.0,0.0,1,1.0,0.3868528072345416
3883,5,28,1,5,2,3,0.4,0.6,0.8,0.03127272727272727,0.0,0.0,1,1.0,0.5321063428024535
3884,0,34,0,0,0,0,0.0,0.0,0.0,0.0,0.0,0.0,0,0.0,0.0
3885,0,6,0,0,0,0,0.0,0.0,0.0,0.0,0.0,0.0,0,0.0,0.0
3886,0,25,0,0,0,0,0.0,0.0,0.0,0.0,0.0,0.0,0,0.0,0.0
3887,2,30,1,2,0,2,0.0,1.0,0.0,0.0,4.0,0.0625,0,0.0,0.3199232330374462
3888,10,22,3,10,3,7,0.3,0.7,0.3,0.007595238095238095,0.3333333333333333,0.006060606060606061,2,0.6666666666666666,0.7647583148507885
3889,0,2,0,0,0,0,0.0,0.0,0.0,0.0,0.0,0.0,0,0.0,0.0
3890,0,15,0,0,0,0,0.0,0.0,0.0,0.0,0.0,0.0,0,0.0,0.0
3891,10,8,2,10,4,6,0.4,0.6,0.5,0.00783937656464508,0.0,0.0,2,1.0,1.091329169322069
3892,0,1,0,0,0,0,0.0,0.0,0.0,0.0,0.0,0.0,0,0.0,0.0
3893,21,38,6,21,15,6,0.7142857142857143,0.2857142857142857,2.0952380952380953,0.04543863726813974,1.0,0.016292527295249618,2,0.3333333333333333,0.8437260654870744
3894,19,35,5,19,5,14,0.2631578947368421,0.736842105263158,0.5789473684210527,0.007006553272292277,0.0,0.0,5,1.0,0.8359750080865052
3895,8,35,2,8,4,4,0.5,0.5,0.875,0.018419784580498866,1.0,0.030303030303030304,1,0.5,0.6131471927654585
3896,57,38,16,57,42,15,0.7368421052631579,0.26315789473684215,1.7017543859649122,0.03194182417212041,1.25,0.027427002988899555,6,0.375,1.1083321103211288
3897,0,16,0,0,0,0,0.0,0.0,0.0,0.0,0.0,0.0,0,0.0,0.0
3898,6,17,1,6,4,2,0.6666666666666666,0.33333333333333337,0.6666666666666666,0.012834271602088556,0.0,0.0,1,1.0,0.6732387083908185
3899,7,39,1,7,3,4,0.42857142857142855,0.5714285714285714,0.8571428571428571,0.010190312831822267,1.0,0.006756756756756757,0,0.0,0.5637054741273227
3900,0,27,0,0,0,0,0.0,0.0,0.0,0.0,0.0,0.0,0,0.0,0.0
3901,0,32,0,0,0,0,0.0,0.0,0.0,0.0,0.0,0.0,0,0.0,0.0
3902,0,4,0,0,0,0,0.0,0.0,0.0,0.0,0.0,0.0,0,0.0,0.0
3903,0,1,0,0,0,0,0.0,0.0,0.0,0.0,0.0,0.0,0,0.0,0.0
3904,0,10,0,0,0,0,0.0,0.0,0.0,0.0,0.0,0.0,0,0.0,0.0
3905,0,1,0,0,0,0,0.0,0.0,0.0,0.0,0.0,0.0,0,0.0,0.0
3906,0,1,0,0,0,0,0.0,0.0,0.0,0.0,0.0,0.0,0,0.0,0.0
3907,0,35,0,0,0,0,0.0,0.0,0.0,0.0,0.0,0.0,0,0.0,0.0
3908,8,16,2,8,3,5,0.375,0.625,0.5,0.007441139582850384,0.0,0.0,2,1.0,0.7755238700769802
3909,0,1,0,0,0,0,0.0,0.0,0.0,0.0,0.0,0.0,0,0.0,0.0
3910,0,1,0,0,0,0,0.0,0.0,0.0,0.0,0.0,0.0,0,0.0,0.0
3911,0,6,0,0,0,0,0.0,0.0,0.0,0.0,0.0,0.0,0,0.0,0.0
3912,0,38,0,0,0,0,0.0,0.0,0.0,0.0,0.0,0.0,0,0.0,0.0
3913,0,1,0,0,0,0,0.0,0.0,0.0,0.0,0.0,0.0,0,0.0,0.0
3914,1,35,1,1,0,1,0.0,1.0,0.0,0.0,0.0,0.0,1,1.0,0.1934264036172708
3915,0,38,0,0,0,0,0.0,0.0,0.0,0.0,0.0,0.0,0,0.0,0.0
3916,8,36,2,8,3,5,0.375,0.625,0.625,0.0051337535014005595,1.0,0.023809523809523808,1,0.5,0.6084947457936597
3917,11,21,3,11,5,6,0.45454545454545453,0.5454545454545454,0.6363636363636364,0.014304629304629305,1.0,0.025683692350359017,0,0.0,0.8039057008383146
3918,0,9,0,0,0,0,0.0,0.0,0.0,0.0,0.0,0.0,0,0.0,0.0
3919,0,6,0,0,0,0,0.0,0.0,0.0,0.0,0.0,0.0,0,0.0,0.0
3920,0,37,0,0,0,0,0.0,0.0,0.0,0.0,0.0,0.0,0,0.0,0.0
3921,0,4,0,0,0,0,0.0,0.0,0.0,0.0,0.0,0.0,0,0.0,0.0
3922,2,8,1,2,0,2,0.0,1.0,0.0,0.0,0.0,0.0,1,1.0,0.5
3923,0,39,0,0,0,0,0.0,0.0,0.0,0.0,0.0,0.0,0,0.0,0.0
3924,6,31,1,6,4,2,0.6666666666666666,0.33333333333333337,1.6666666666666667,0.03805227427297971,3.0,0.04285714285714286,0,0.0,0.5614709844115208
3925,0,1,0,0,0,0,0.0,0.0,0.0,0.0,0.0,0.0,0,0.0,0.0
3926,0,2,0,0,0,0,0.0,0.0,0.0,0.0,0.0,0.0,0,0.0,0.0
3927,0,14,0,0,0,0,0.0,0.0,0.0,0.0,0.0,0.0,0,0.0,0.0
3928,0,9,0,0,0,0,0.0,0.0,0.0,0.0,0.0,0.0,0,0.0,0.0
3929,3,11,1,3,3,0,1.0,0.0,1.0,0.024324088609802896,0.0,0.0,1,1.0,0.5578858913022596
3930,6,38,1,6,6,0,1.0,0.0,2.8333333333333335,0.034142784318238646,5.0,0.03333333333333333,0,0.0,0.5311525605447533
3931,0,2,0,0,0,0,0.0,0.0,0.0,0.0,0.0,0.0,0,0.0,0.0
3932,3,23,1,3,1,2,0.3333333333333333,0.6666666666666667,0.3333333333333333,0.0070921985815602835,0.0,0.0,1,1.0,0.4362085839710631
3933,0,1,0,0,0,0,0.0,0.0,0.0,0.0,0.0,0.0,0,0.0,0.0
3934,0,31,0,0,0,0,0.0,0.0,0.0,0.0,0.0,0.0,0,0.0,0.0
3935,70,32,20,70,17,53,0.24285714285714285,0.7571428571428571,0.6142857142857143,0.017618361469159047,0.35,0.005757441260506533,16,0.8,1.219125027504157
3936,0,1,0,0,0,0,0.0,0.0,0.0,0.0,0.0,0.0,0,0.0,0.0
3937,0,32,0,0,0,0,0.0,0.0,0.0,0.0,0.0,0.0,0,0.0,0.0
3938,12,25,4,12,11,1,0.9166666666666666,0.08333333333333337,2.4166666666666665,0.0323811192991262,1.25,0.025834986772486773,1,0.25,0.7872539464466368
3939,6,34,1,6,3,3,0.5,0.5,1.1666666666666667,0.015824175824175824,1.0,0.018867924528301886,0,0.0,0.5473191697130572
3940,10,11,3,10,6,4,0.6,0.4,0.7,0.009619612657587342,0.3333333333333333,0.0022222222222222222,2,0.6666666666666666,0.9649840459813438
3941,0,1,0,0,0,0,0.0,0.0,0.0,0.0,0.0,0.0,0,0.0,0.0
3942,1,16,1,1,0,1,0.0,1.0,0.0,0.0,2.0,0.13333333333333333,0,0.0,0.244650542118226
3943,0,2,0,0,0,0,0.0,0.0,0.0,0.0,0.0,0.0,0,0.0,0.0
3944,5,37,1,5,0,5,0.0,1.0,0.0,0.0,0.0,0.0,1,1.0,0.49256825558266054
3945,0,21,0,0,0,0,0.0,0.0,0.0,0.0,0.0,0.0,0,0.0,0.0
3946,0,15,0,0,0,0,0.0,0.0,0.0,0.0,0.0,0.0,0,0.0,0.0
3947,30,12,8,30,17,13,0.5666666666666667,0.43333333333333335,0.9,0.025324899336942455,1.0,0.030924787774576322,3,0.375,1.338812867589586
3948,0,11,0,0,0,0,0.0,0.0,0.0,0.0,0.0,0.0,0,0.0,0.0
3949,0,1,0,0,0,0,0.0,0.0,0.0,0.0,0.0,0.0,0,0.0,0.0
3950,0,1,0,0,0,0,0.0,0.0,0.0,0.0,0.0,0.0,0,0.0,0.0
3951,0,5,0,0,0,0,0.0,0.0,0.0,0.0,0.0,0.0,0,0.0,0.0
3952,0,1,0,0,0,0,0.0,0.0,0.0,0.0,0.0,0.0,0,0.0,0.0
3953,10,27,2,10,4,6,0.4,0.6,1.1,0.010758152597909191,0.0,0.0,2,1.0,0.7196122763402334
3954,0,5,0,0,0,0,0.0,0.0,0.0,0.0,0.0,0.0,0,0.0,0.0
3955,0,2,0,0,0,0,0.0,0.0,0.0,0.0,0.0,0.0,0,0.0,0.0
3956,0,0,0,0,0,0,0.0,0.0,0.0,0.0,0.0,0.0,0,0.0,0.0
3957,10,10,3,10,3,7,0.3,0.7,0.3,0.00971834376504574,1.0,0.03135464231354642,1,0.3333333333333333,1.0
3958,6,35,1,6,3,3,0.5,0.5,2.3333333333333335,0.015570469798657718,3.0,0.1875,0,0.0,0.5430165662508459
3959,9,38,2,9,5,4,0.5555555555555556,0.4444444444444444,1.0,0.03861017583239805,1.0,0.00980392156862745,1,0.5,0.6285099898418802
3960,4,23,1,4,3,1,0.75,0.25,0.75,0.012250108648413732,1.0,0.037037037037037035,0,0.0,0.5064224831767222
3961,0,18,0,0,0,0,0.0,0.0,0.0,0.0,0.0,0.0,0,0.0,0.0
3962,0,2,0,0,0,0,0.0,0.0,0.0,0.0,0.0,0.0,0,0.0,0.0
3963,0,11,0,0,0,0,0.0,0.0,0.0,0.0,0.0,0.0,0,0.0,0.0
3964,2,36,1,2,1,1,0.5,0.5,0.5,0.0033333333333333335,2.0,0.03125,0,0.0,0.30424737289682985
3965,25,37,7,25,19,6,0.76,0.24,2.32,0.02578783001445486,2.2857142857142856,0.029839127038375157,1,0.14285714285714285,0.8956754273186898
3966,0,39,0,0,0,0,0.0,0.0,0.0,0.0,0.0,0.0,0,0.0,0.0
3967,20,39,6,20,11,9,0.55,0.44999999999999996,2.15,0.04977058063606269,3.6666666666666665,0.11110237058292442,1,0.16666666666666666,0.8253244584417337
3968,0,15,0,0,0,0,0.0,0.0,0.0,0.0,0.0,0.0,0,0.0,0.0
3969,2,1,1,2,0,2,0.0,1.0,0.0,0.0,0.0,0.0,1,1.0,1.5849625007211563
3970,8,2,2,8,0,8,0.0,1.0,0.0,0.0,0.5,0.004807692307692308,1,0.5,2.0
3971,3,36,1,3,1,2,0.3333333333333333,0.6666666666666667,1.0,0.012048192771084336,0.0,0.0,1,1.0,0.3839174400131203
3972,3,1,1,3,0,3,0.0,1.0,0.0,0.0,0.0,0.0,1,1.0,2.0
3973,0,5,0,0,0,0,0.0,0.0,0.0,0.0,0.0,0.0,0,0.0,0.0
3974,0,2,0,0,0,0,0.0,0.0,0.0,0.0,0.0,0.0,0,0.0,0.0
3975,4,1,1,4,0,4,0.0,1.0,0.0,0.0,0.0,0.0,1,1.0,2.321928094887362
3976,21,38,6,21,9,12,0.42857142857142855,0.5714285714285714,1.380952380952381,0.045844541638052703,1.1666666666666667,0.035302445973177686,2,0.3333333333333333,0.8437260654870744
3977,2,36,1,2,2,0,1.0,0.0,2.5,0.03047527735926585,2.0,0.045454545454545456,0,0.0,0.30424737289682985
3978,0,1,0,0,0,0,0.0,0.0,0.0,0.0,0.0,0.0,0,0.0,0.0
3979,0,8,0,0,0,0,0.0,0.0,0.0,0.0,0.0,0.0,0,0.0,0.0
3980,9,2,2,9,0,9,0.0,1.0,0.0,0.0,0.0,0.0,2,1.0,2.095903274289385
3981,1,11,1,1,0,1,0.0,1.0,0.0,0.0,0.0,0.0,1,1.0,0.2789429456511298
3982,0,37,0,0,0,0,0.0,0.0,0.0,0.0,0.0,0.0,0,0.0,0.0
3983,6,6,1,6,0,6,0.0,1.0,0.0,0.0,0.0,0.0,1,1.0,1.0
3984,0,1,0,0,0,0,0.0,0.0,0.0,0.0,0.0,0.0,0,0.0,0.0
3985,0,15,0,0,0,0,0.0,0.0,0.0,0.0,0.0,0.0,0,0.0,0.0
3986,0,5,0,0,0,0,0.0,0.0,0.0,0.0,0.0,0.0,0,0.0,0.0
3987,0,36,0,0,0,0,0.0,0.0,0.0,0.0,0.0,0.0,0,0.0,0.0
3988,0,38,0,0,0,0,0.0,0.0,0.0,0.0,0.0,0.0,0,0.0,0.0
3989,0,13,0,0,0,0,0.0,0.0,0.0,0.0,0.0,0.0,0,0.0,0.0
3990,0,2,0,0,0,0,0.0,0.0,0.0,0.0,0.0,0.0,0,0.0,0.0
3991,6,9,1,6,1,5,0.16666666666666666,0.8333333333333334,0.3333333333333333,0.006666666666666667,0.0,0.0,1,1.0,0.8450980400142567
3992,1,1,1,1,0,1,0.0,1.0,0.0,0.0,1.0,0.018867924528301886,0,0.0,1.0
3993,0,39,0,0,0,0,0.0,0.0,0.0,0.0,0.0,0.0,0,0.0,0.0
3994,0,1,0,0,0,0,0.0,0.0,0.0,0.0,0.0,0.0,0,0.0,0.0
3995,0,1,0,0,0,0,0.0,0.0,0.0,0.0,0.0,0.0,0,0.0,0.0
3996,0,16,0,0,0,0,0.0,0.0,0.0,0.0,0.0,0.0,0,0.0,0.0
3997,7,31,1,7,6,1,0.8571428571428571,0.1428571428571429,1.4285714285714286,0.02654222065513318,1.0,0.008333333333333333,0,0.0,0.6
3998,0,4,0,0,0,0,0.0,0.0,0.0,0.0,0.0,0.0,0,0.0,0.0
3999,0,10,0,0,0,0,0.0,0.0,0.0,0.0,0.0,0.0,0,0.0,0.0
4000,1,36,1,1,0,1,0.0,1.0,0.0,0.0,0.0,0.0,1,1.0,0.19195872000656014
4001,0,1,0,0,0,0,0.0,0.0,0.0,0.0,0.0,0.0,0,0.0,0.0
4002,0,2,0,0,0,0,0.0,0.0,0.0,0.0,0.0,0.0,0,0.0,0.0
4003,0,36,0,0,0,0,0.0,0.0,0.0,0.0,0.0,0.0,0,0.0,0.0
4004,8,33,2,8,8,0,1.0,0.0,3.125,0.032997275472077044,3.0,0.03488372093023256,1,0.5,0.6230856323391335
4005,0,1,0,0,0,0,0.0,0.0,0.0,0.0,0.0,0.0,0,0.0,0.0
4006,0,2,0,0,0,0,0.0,0.0,0.0,0.0,0.0,0.0,0,0.0,0.0
4007,1,5,1,1,0,1,0.0,1.0,0.0,0.0,0.0,0.0,1,1.0,0.3868528072345416
4008,0,5,0,0,0,0,0.0,0.0,0.0,0.0,0.0,0.0,0,0.0,0.0
4009,0,32,0,0,0,0,0.0,0.0,0.0,0.0,0.0,0.0,0,0.0,0.0
4010,0,34,0,0,0,0,0.0,0.0,0.0,0.0,0.0,0.0,0,0.0,0.0
4011,0,13,0,0,0,0,0.0,0.0,0.0,0.0,0.0,0.0,0,0.0,0.0
4012,6,25,1,6,3,3,0.5,0.5,0.6666666666666666,0.012146103536193326,1.0,0.03571428571428571,0,0.0,0.5972536805913646
4013,0,1,0,0,0,0,0.0,0.0,0.0,0.0,0.0,0.0,0,0.0,0.0
4014,0,4,0,0,0,0,0.0,0.0,0.0,0.0,0.0,0.0,0,0.0,0.0
4015,12,16,4,12,3,9,0.25,0.75,0.5,0.008314158996932107,0.0,0.0,4,1.0,0.9053145831190337
4016,0,7,0,0,0,0,0.0,0.0,0.0,0.0,0.0,0.0,0,0.0,0.0
4017,0,37,0,0,0,0,0.0,0.0,0.0,0.0,0.0,0.0,0,0.0,0.0
4018,0,1,0,0,0,0,0.0,0.0,0.0,0.0,0.0,0.0,0,0.0,0.0
4019,0,5,0,0,0,0,0.0,0.0,0.0,0.0,0.0,0.0,0,0.0,0.0
4020,70,36,20,70,43,27,0.6142857142857143,0.3857142857142857,1.7285714285714286,0.024267508386299128,1.6,0.022659736615553438,7,0.35,1.180497585424149
4021,0,3,0,0,0,0,0.0,0.0,0.0,0.0,0.0,0.0,0,0.0,0.0
4022,0,2,0,0,0,0,0.0,0.0,0.0,0.0,0.0,0.0,0,0.0,0.0
4023,7,8,2,7,6,1,0.8571428571428571,0.1428571428571429,1.4285714285714286,0.027699485948619148,0.5,0.010638297872340425,1,0.5,0.946394630357186
4024,0,2,0,0,0,0,0.0,0.0,0.0,0.0,0.0,0.0,0,0.0,0.0
4025,0,2,0,0,0,0,0.0,0.0,0.0,0.0,0.0,0.0,0,0.0,0.0
4026,0,1,0,0,0,0,0.0,0.0,0.0,0.0,0.0,0.0,0,0.0,0.0
4027,0,5,0,0,0,0,0.0,0.0,0.0,0.0,0.0,0.0,0,0.0,0.0
4028,0,8,0,0,0,0,0.0,0.0,0.0,0.0,0.0,0.0,0,0.0,0.0
4029,0,4,0,0,0,0,0.0,0.0,0.0,0.0,0.0,0.0,0,0.0,0.0
4030,0,35,0,0,0,0,0.0,0.0,0.0,0.0,0.0,0.0,0,0.0,0.0
4031,3,36,1,3,2,1,0.6666666666666666,0.33333333333333337,1.6666666666666667,0.03013653013653014,0.0,0.0,1,1.0,0.3839174400131203
4032,0,1,0,0,0,0,0.0,0.0,0.0,0.0,0.0,0.0,0,0.0,0.0
4033,0,5,0,0,0,0,0.0,0.0,0.0,0.0,0.0,0.0,0,0.0,0.0
4034,0,1,0,0,0,0,0.0,0.0,0.0,0.0,0.0,0.0,0,0.0,0.0
4035,0,8,0,0,0,0,0.0,0.0,0.0,0.0,0.0,0.0,0,0.0,0.0
4036,0,1,0,0,0,0,0.0,0.0,0.0,0.0,0.0,0.0,0,0.0,0.0
4037,10,37,3,10,1,9,0.1,0.9,0.1,0.003333333333333333,0.6666666666666666,0.012413793103448275,1,0.3333333333333333,0.659199581125176
4038,0,34,0,0,0,0,0.0,0.0,0.0,0.0,0.0,0.0,0,0.0,0.0
4039,0,13,0,0,0,0,0.0,0.0,0.0,0.0,0.0,0.0,0,0.0,0.0
4040,0,39,0,0,0,0,0.0,0.0,0.0,0.0,0.0,0.0,0,0.0,0.0
4041,0,4,0,0,0,0,0.0,0.0,0.0,0.0,0.0,0.0,0,0.0,0.0
4042,0,32,0,0,0,0,0.0,0.0,0.0,0.0,0.0,0.0,0,0.0,0.0
4043,0,5,0,0,0,0,0.0,0.0,0.0,0.0,0.0,0.0,0,0.0,0.0
4044,0,1,0,0,0,0,0.0,0.0,0.0,0.0,0.0,0.0,0,0.0,0.0
4045,0,5,0,0,0,0,0.0,0.0,0.0,0.0,0.0,0.0,0,0.0,0.0
4046,0,7,0,0,0,0,0.0,0.0,0.0,0.0,0.0,0.0,0,0.0,0.0
4047,35,3,10,35,3,32,0.08571428571428572,0.9142857142857143,0.11428571428571428,0.002103914029379868,0.2,0.0013333333333333335,9,0.9,2.584962500721156
4048,1,8,1,1,0,1,0.0,1.0,0.0,0.0,0.0,0.0,1,1.0,0.3154648767857287
4049,5,4,1,5,0,5,0.0,1.0,0.0,0.0,0.0,0.0,1,1.0,1.1132827525593785
4050,0,37,0,0,0,0,0.0,0.0,0.0,0.0,0.0,0.0,0,0.0,0.0
4051,0,1,0,0,0,0,0.0,0.0,0.0,0.0,0.0,0.0,0,0.0,0.0
4052,0,6,0,0,0,0,0.0,0.0,0.0,0.0,0.0,0.0,0,0.0,0.0
4053,0,8,0,0,0,0,0.0,0.0,0.0,0.0,0.0,0.0,0,0.0,0.0
4054,3,27,1,3,0,3,0.0,1.0,0.0,0.0,0.0,0.0,1,1.0,0.4160291953530189
4055,0,30,0,0,0,0,0.0,0.0,0.0,0.0,0.0,0.0,0,0.0,0.0
4056,7,1,2,7,0,7,0.0,1.0,0.0,0.0,0.0,0.0,2,1.0,3.0
4057,0,1,0,0,0,0,0.0,0.0,0.0,0.0,0.0,0.0,0,0.0,0.0
4058,0,18,0,0,0,0,0.0,0.0,0.0,0.0,0.0,0.0,0,0.0,0.0
4059,0,38,0,0,0,0,0.0,0.0,0.0,0.0,0.0,0.0,0,0.0,0.0
4060,0,2,0,0,0,0,0.0,0.0,0.0,0.0,0.0,0.0,0,0.0,0.0
4061,0,5,0,0,0,0,0.0,0.0,0.0,0.0,0.0,0.0,0,0.0,0.0
4062,0,24,0,0,0,0,0.0,0.0,0.0,0.0,0.0,0.0,0,0.0,0.0
4063,0,8,0,0,0,0,0.0,0.0,0.0,0.0,0.0,0.0,0,0.0,0.0
4064,0,7,0,0,0,0,0.0,0.0,0.0,0.0,0.0,0.0,0,0.0,0.0
4065,5,18,1,5,4,1,0.8,0.19999999999999996,1.0,0.02362105529074676,1.0,0.006711409395973154,0,0.0,0.6085232133882752
4066,0,18,0,0,0,0,0.0,0.0,0.0,0.0,0.0,0.0,0,0.0,0.0
4067,0,2,0,0,0,0,0.0,0.0,0.0,0.0,0.0,0.0,0,0.0,0.0
4068,0,36,0,0,0,0,0.0,0.0,0.0,0.0,0.0,0.0,0,0.0,0.0
4069,0,1,0,0,0,0,0.0,0.0,0.0,0.0,0.0,0.0,0,0.0,0.0
4070,0,16,0,0,0,0,0.0,0.0,0.0,0.0,0.0,0.0,0,0.0,0.0
4071,0,2,0,0,0,0,0.0,0.0,0.0,0.0,0.0,0.0,0,0.0,0.0
4072,1,1,1,1,0,1,0.0,1.0,0.0,0.0,0.0,0.0,1,1.0,1.0
4073,0,18,0,0,0,0,0.0,0.0,0.0,0.0,0.0,0.0,0,0.0,0.0
4074,30,37,8,30,14,16,0.4666666666666667,0.5333333333333333,0.8333333333333334,0.018200605621762487,0.125,0.0024509803921568627,7,0.875,0.9440291043837286
4075,0,34,0,0,0,0,0.0,0.0,0.0,0.0,0.0,0.0,0,0.0,0.0
4076,0,4,0,0,0,0,0.0,0.0,0.0,0.0,0.0,0.0,0,0.0,0.0
4077,3,1,1,3,0,3,0.0,1.0,0.0,0.0,0.0,0.0,1,1.0,2.0
4078,20,39,6,20,17,3,0.85,0.15000000000000002,2.4,0.037006592112034074,1.5,0.01776485788113695,3,0.5,0.8253244584417337
4079,0,1,0,0,0,0,0.0,0.0,0.0,0.0,0.0,0.0,0,0.0,0.0
4080,0,8,0,0,0,0,0.0,0.0,0.0,0.0,0.0,0.0,0,0.0,0.0
4081,1,38,1,1,0,1,0.0,1.0,0.0,0.0,0.0,0.0,1,1.0,0.18920035951687003
4082,0,1,0,0,0,0,0.0,0.0,0.0,0.0,0.0,0.0,0,0.0,0.0
4083,0,1,0,0,0,0,0.0,0.0,0.0,0.0,0.0,0.0,0,0.0,0.0
4084,0,4,0,0,0,0,0.0,0.0,0.0,0.0,0.0,0.0,0,0.0,0.0
4085,0,2,0,0,0,0,0.0,0.0,0.0,0.0,0.0,0.0,0,0.0,0.0
4086,0,9,0,0,0,0,0.0,0.0,0.0,0.0,0.0,0.0,0,0.0,0.0
4087,12,7,3,12,8,4,0.6666666666666666,0.33333333333333337,1.0833333333333333,0.015063392726436203,0.3333333333333333,0.004273504273504273,2,0.6666666666666666,1.2334799060470307
4088,0,7,0,0,0,0,0.0,0.0,0.0,0.0,0.0,0.0,0,0.0,0.0
4089,0,20,0,0,0,0,0.0,0.0,0.0,0.0,0.0,0.0,0,0.0,0.0
4090,0,1,0,0,0,0,0.0,0.0,0.0,0.0,0.0,0.0,0,0.0,0.0
4091,0,1,0,0,0,0,0.0,0.0,0.0,0.0,0.0,0.0,0,0.0,0.0
4092,11,33,3,11,7,4,0.6363636363636364,0.36363636363636365,1.1818181818181819,0.019686926225777498,0.6666666666666666,0.012691570881226055,1,0.3333333333333333,0.704666080635212
4093,5,36,1,5,4,1,0.8,0.19999999999999996,2.8,0.06874592448224988,4.0,0.07407407407407407,0,0.0,0.49620609290338996
4094,0,18,0,0,0,0,0.0,0.0,0.0,0.0,0.0,0.0,0,0.0,0.0
4095,31,38,9,31,22,9,0.7096774193548387,0.29032258064516125,2.032258064516129,0.040721040764527476,1.0,0.022825193284978545,5,0.5555555555555556,0.9460017975843502
4096,40,38,12,40,26,14,0.65,0.35,1.275,0.031172896581010957,2.0,0.03287578499734054,2,0.16666666666666666,1.0136507654040692
4097,8,37,2,8,6,2,0.75,0.25,2.5,0.03228186973714217,1.0,0.023255813953488372,1,0.5,0.6040336863117743
4098,0,25,0,0,0,0,0.0,0.0,0.0,0.0,0.0,0.0,0,0.0,0.0
4099,0,7,0,0,0,0,0.0,0.0,0.0,0.0,0.0,0.0,0,0.0,0.0
4100,0,1,0,0,0,0,0.0,0.0,0.0,0.0,0.0,0.0,0,0.0,0.0
4101,0,19,0,0,0,0,0.0,0.0,0.0,0.0,0.0,0.0,0,0.0,0.0
4102,2,32,1,2,1,1,0.5,0.5,0.5,0.018518518518518517,2.0,0.09090909090909091,0,0.0,0.3142027492734315
4103,0,5,0,0,0,0,0.0,0.0,0.0,0.0,0.0,0.0,0,0.0,0.0
4104,0,2,0,0,0,0,0.0,0.0,0.0,0.0,0.0,0.0,0,0.0,0.0
4105,4,33,1,4,3,1,0.75,0.25,2.0,0.019487179487179488,4.0,0.027210884353741496,0,0.0,0.4564019762583081
4106,1,18,1,1,1,0,1.0,0.0,3.0,0.038461538461538464,2.0,0.045454545454545456,0,0.0,0.23540891336663824
4107,0,1,0,0,0,0,0.0,0.0,0.0,0.0,0.0,0.0,0,0.0,0.0
4108,15,39,4,15,11,4,0.7333333333333333,0.2666666666666667,1.5333333333333334,0.014836863311166903,0.25,0.0020833333333333333,3,0.75,0.7516072988364303
4109,0,5,0,0,0,0,0.0,0.0,0.0,0.0,0.0,0.0,0,0.0,0.0
4110,4,21,1,4,3,1,0.75,0.25,1.0,0.016239554939899013,0.0,0.0,1,1.0,0.5206780355557714
4111,0,16,0,0,0,0,0.0,0.0,0.0,0.0,0.0,0.0,0,0.0,0.0
4112,0,29,0,0,0,0,0.0,0.0,0.0,0.0,0.0,0.0,0,0.0,0.0
4113,0,2,0,0,0,0,0.0,0.0,0.0,0.0,0.0,0.0,0,0.0,0.0
4114,1,28,1,1,0,1,0.0,1.0,0.0,0.0,4.0,0.06153846153846154,0,0.0,0.20584683246043445
4115,2,32,1,2,2,0,1.0,0.0,1.0,0.02266081871345029,0.0,0.0,1,1.0,0.3142027492734315
4116,5,22,1,5,1,4,0.2,0.8,0.2,0.0013333333333333335,0.0,0.0,1,1.0,0.5714440358797147
4117,0,8,0,0,0,0,0.0,0.0,0.0,0.0,0.0,0.0,0,0.0,0.0
4118,7,18,2,7,6,1,0.8571428571428571,0.1428571428571429,1.4285714285714286,0.016751140419777533,2.5,0.04128515369522563,0,0.0,0.7062267400999147
4119,0,38,0,0,0,0,0.0,0.0,0.0,0.0,0.0,0.0,0,0.0,0.0
4120,0,16,0,0,0,0,0.0,0.0,0.0,0.0,0.0,0.0,0,0.0,0.0
4121,0,2,0,0,0,0,0.0,0.0,0.0,0.0,0.0,0.0,0,0.0,0.0
4122,3,33,1,3,3,0,1.0,0.0,6.0,0.04969730527870062,3.0,0.06818181818181818,0,0.0,0.39312326446564516
4123,21,4,6,21,3,18,0.14285714285714285,0.8571428571428572,0.14285714285714285,0.009289815216866889,0.0,0.0,6,1.0,1.9205726604783713
4124,11,14,3,11,4,7,0.36363636363636365,0.6363636363636364,0.5454545454545454,0.006105889724310778,0.0,0.0,3,1.0,0.9175999207018439
4125,2,7,1,2,1,1,0.5,0.5,0.5,0.015625,0.0,0.0,1,1.0,0.5283208335737188
4126,0,7,0,0,0,0,0.0,0.0,0.0,0.0,0.0,0.0,0,0.0,0.0
4127,0,4,0,0,0,0,0.0,0.0,0.0,0.0,0.0,0.0,0,0.0,0.0
4128,16,37,4,16,5,11,0.3125,0.6875,0.5,0.008271710927960928,1.25,0.011981465136804943,2,0.5,0.7788718176422045
4129,4,26,1,4,2,2,0.5,0.5,0.5,0.008987575997885276,2.0,0.02564102564102564,0,0.0,0.4883245069059757
4130,0,4,0,0,0,0,0.0,0.0,0.0,0.0,0.0,0.0,0,0.0,0.0
4131,0,29,0,0,0,0,0.0,0.0,0.0,0.0,0.0,0.0,0,0.0,0.0
4132,8,2,2,8,0,8,0.0,1.0,0.0,0.0,0.0,0.0,2,1.0,2.0
4133,0,14,0,0,0,0,0.0,0.0,0.0,0.0,0.0,0.0,0,0.0,0.0
4134,0,32,0,0,0,0,0.0,0.0,0.0,0.0,0.0,0.0,0,0.0,0.0
4135,0,1,0,0,0,0,0.0,0.0,0.0,0.0,0.0,0.0,0,0.0,0.0
4136,1,37,1,1,1,0,1.0,0.0,1.0,0.0196078431372549,7.0,0.07446808510638298,0,0.0,0.1905514124267734
4137,0,2,0,0,0,0,0.0,0.0,0.0,0.0,0.0,0.0,0,0.0,0.0
4138,2,3,1,2,0,2,0.0,1.0,0.0,0.0,0.0,0.0,1,1.0,0.7924812503605781
4139,0,33,0,0,0,0,0.0,0.0,0.0,0.0,0.0,0.0,0,0.0,0.0
4140,0,37,0,0,0,0,0.0,0.0,0.0,0.0,0.0,0.0,0,0.0,0.0
4141,0,0,0,0,0,0,0.0,0.0,0.0,0.0,0.0,0.0,0,0.0,0.0
4142,7,19,2,7,5,2,0.7142857142857143,0.2857142857142857,0.8571428571428571,0.02567119871204296,0.5,0.0033333333333333335,1,0.5,0.6941346394792774
4143,7,37,1,7,6,1,0.8571428571428571,0.1428571428571429,2.4285714285714284,0.043839440134358525,0.0,0.0,1,1.0,0.5716542372803202
4144,0,20,0,0,0,0,0.0,0.0,0.0,0.0,0.0,0.0,0,0.0,0.0
4145,0,1,0,0,0,0,0.0,0.0,0.0,0.0,0.0,0.0,0,0.0,0.0
4146,0,1,0,0,0,0,0.0,0.0,0.0,0.0,0.0,0.0,0,0.0,0.0
4147,3,35,1,3,0,3,0.0,1.0,0.0,0.0,0.0,0.0,1,1.0,0.3868528072345416
4148,10,9,2,10,4,6,0.4,0.6,0.5,0.006378211646668022,0.0,0.0,2,1.0,1.041392685158225
4149,1,19,1,1,1,0,1.0,0.0,1.0,0.008333333333333333,1.0,0.006666666666666667,0,0.0,0.23137821315975918
4150,8,35,2,8,4,4,0.5,0.5,1.125,0.013129960317460318,0.0,0.0,2,1.0,0.6131471927654585
4151,0,2,0,0,0,0,0.0,0.0,0.0,0.0,0.0,0.0,0,0.0,0.0
4152,17,27,4,17,10,7,0.5882352941176471,0.4117647058823529,0.9411764705882353,0.015492504694185364,1.5,0.028935464779205722,1,0.25,0.8674052715162407
4153,6,36,1,6,5,1,0.8333333333333334,0.16666666666666663,4.0,0.0906068200577514,2.0,0.08333333333333333,0,0.0,0.5388962574422941
4154,0,32,0,0,0,0,0.0,0.0,0.0,0.0,0.0,0.0,0,0.0,0.0
4155,8,36,2,8,1,7,0.125,0.875,0.125,0.004629629629629629,0.0,0.0,2,1.0,0.6084947457936597
4156,25,31,7,25,12,13,0.48,0.52,0.88,0.01724964536182637,0.2857142857142857,0.0026455026455026454,6,0.8571428571428571,0.9400879436282185
4157,1,26,1,1,0,1,0.0,1.0,0.0,0.0,6.0,0.13636363636363635,0,0.0,0.21030991785715247
4158,0,13,0,0,0,0,0.0,0.0,0.0,0.0,0.0,0.0,0,0.0,0.0
4159,1,13,1,1,1,0,1.0,0.0,1.0,0.024390243902439025,4.0,0.05128205128205128,0,0.0,0.26264953503719357
4160,0,37,0,0,0,0,0.0,0.0,0.0,0.0,0.0,0.0,0,0.0,0.0
4161,14,4,4,14,7,7,0.5,0.5,0.5714285714285714,0.010619989454132889,0.25,0.0020491803278688526,3,0.75,1.6826061944859854
4162,0,1,0,0,0,0,0.0,0.0,0.0,0.0,0.0,0.0,0,0.0,0.0
4163,8,39,2,8,2,6,0.25,0.75,0.25,0.008275691699604744,0.0,0.0,2,1.0,0.595634691962031
4164,67,39,19,67,22,45,0.3283582089552239,0.6716417910447761,1.0597014925373134,0.009999547283928543,2.4210526315789473,0.03185941093567461,9,0.47368421052631576,1.1438453757198273
4165,11,31,3,11,7,4,0.6363636363636364,0.36363636363636365,1.2727272727272727,0.02277624295892473,1.3333333333333333,0.018571428571428572,1,0.3333333333333333,0.7169925001442312
4166,0,12,0,0,0,0,0.0,0.0,0.0,0.0,0.0,0.0,0,0.0,0.0
4167,0,24,0,0,0,0,0.0,0.0,0.0,0.0,0.0,0.0,0,0.0,0.0
4168,0,33,0,0,0,0,0.0,0.0,0.0,0.0,0.0,0.0,0,0.0,0.0
4169,3,29,1,3,1,2,0.3333333333333333,0.6666666666666667,0.6666666666666666,0.0044444444444444444,4.0,0.0625,0,0.0,0.40759009418101233
4170,0,5,0,0,0,0,0.0,0.0,0.0,0.0,0.0,0.0,0,0.0,0.0
4171,0,13,0,0,0,0,0.0,0.0,0.0,0.0,0.0,0.0,0,0.0,0.0
4172,39,39,11,39,17,22,0.4358974358974359,0.5641025641025641,1.1794871794871795,0.014187375984380081,1.3636363636363635,0.015716339318287576,5,0.45454545454545453,1.0
4173,0,9,0,0,0,0,0.0,0.0,0.0,0.0,0.0,0.0,0,0.0,0.0
4174,0,29,0,0,0,0,0.0,0.0,0.0,0.0,0.0,0.0,0,0.0,0.0
4175,0,8,0,0,0,0,0.0,0.0,0.0,0.0,0.0,0.0,0,0.0,0.0
4176,0,26,0,0,0,0,0.0,0.0,0.0,0.0,0.0,0.0,0,0.0,0.0
4177,0,5,0,0,0,0,0.0,0.0,0.0,0.0,0.0,0.0,0,0.0,0.0
4178,33,32,9,33,19,14,0.5757575757575758,0.4242424242424242,1.5757575757575757,0.020961097891669514,3.4444444444444446,0.049940231696953975,0,0.0,1.0085379375347785
4179,0,39,0,0,0,0,0.0,0.0,0.0,0.0,0.0,0.0,0,0.0,0.0
4180,0,1,0,0,0,0,0.0,0.0,0.0,0.0,0.0,0.0,0,0.0,0.0
4181,0,6,0,0,0,0,0.0,0.0,0.0,0.0,0.0,0.0,0,0.0,0.0
4182,0,33,0,0,0,0,0.0,0.0,0.0,0.0,0.0,0.0,0,0.0,0.0
4183,12,13,3,12,0,12,0.0,1.0,0.0,0.0,0.0,0.0,3,1.0,0.9719187714029215
4184,9,23,2,9,4,5,0.4444444444444444,0.5555555555555556,0.5555555555555556,0.008805741315069674,2.5,0.020195121951219513,0,0.0,0.7245267751622539
4185,0,2,0,0,0,0,0.0,0.0,0.0,0.0,0.0,0.0,0,0.0,0.0
4186,0,14,0,0,0,0,0.0,0.0,0.0,0.0,0.0,0.0,0,0.0,0.0
4187,0,21,0,0,0,0,0.0,0.0,0.0,0.0,0.0,0.0,0,0.0,0.0
4188,4,25,1,4,2,2,0.5,0.5,0.75,0.006617647058823529,1.0,0.018518518518518517,0,0.0,0.49398103882196526
4189,0,6,0,0,0,0,0.0,0.0,0.0,0.0,0.0,0.0,0,0.0,0.0
4190,3,37,1,3,2,1,0.6666666666666666,0.33333333333333337,1.3333333333333333,0.02396135265700483,2.0,0.013605442176870748,0,0.0,0.3811028248535468
4191,0,1,0,0,0,0,0.0,0.0,0.0,0.0,0.0,0.0,0,0.0,0.0
4192,0,1,0,0,0,0,0.0,0.0,0.0,0.0,0.0,0.0,0,0.0,0.0
4193,0,2,0,0,0,0,0.0,0.0,0.0,0.0,0.0,0.0,0,0.0,0.0
4194,0,37,0,0,0,0,0.0,0.0,0.0,0.0,0.0,0.0,0,0.0,0.0
4195,1,26,1,1,0,1,0.0,1.0,0.0,0.0,4.0,0.02702702702702703,0,0.0,0.21030991785715247
4196,0,2,0,0,0,0,0.0,0.0,0.0,0.0,0.0,0.0,0,0.0,0.0
4197,12,16,3,12,5,7,0.4166666666666667,0.5833333333333333,0.5833333333333334,0.006282338451327998,0.0,0.0,3,1.0,0.9053145831190337
4198,9,29,2,9,6,3,0.6666666666666666,0.33333333333333337,3.111111111111111,0.061577635327635334,0.5,0.004201680672268907,1,0.5,0.6769924925288455
4199,0,5,0,0,0,0,0.0,0.0,0.0,0.0,0.0,0.0,0,0.0,0.0
4200,0,1,0,0,0,0,0.0,0.0,0.0,0.0,0.0,0.0,0,0.0,0.0
4201,3,38,1,3,2,1,0.6666666666666666,0.33333333333333337,2.6666666666666665,0.021541010770505385,7.0,0.0603448275862069,0,0.0,0.37840071903374006
4202,28,6,8,28,7,21,0.25,0.75,0.35714285714285715,0.004656570190976814,0.375,0.005368751846884732,5,0.625,1.7304477452986229
4203,10,37,2,10,8,2,0.8,0.19999999999999996,2.4,0.028559939378362365,0.5,0.016129032258064516,1,0.5,0.659199581125176
4204,0,2,0,0,0,0,0.0,0.0,0.0,0.0,0.0,0.0,0,0.0,0.0
4205,0,3,0,0,0,0,0.0,0.0,0.0,0.0,0.0,0.0,0,0.0,0.0
4206,0,34,0,0,0,0,0.0,0.0,0.0,0.0,0.0,0.0,0,0.0,0.0
4207,0,34,0,0,0,0,0.0,0.0,0.0,0.0,0.0,0.0,0,0.0,0.0
4208,0,38,0,0,0,0,0.0,0.0,0.0,0.0,0.0,0.0,0,0.0,0.0
4209,0,18,0,0,0,0,0.0,0.0,0.0,0.0,0.0,0.0,0,0.0,0.0
4210,0,3,0,0,0,0,0.0,0.0,0.0,0.0,0.0,0.0,0,0.0,0.0
4211,2,2,1,2,0,2,0.0,1.0,0.0,0.0,0.0,0.0,1,1.0,1.0
4212,0,38,0,0,0,0,0.0,0.0,0.0,0.0,0.0,0.0,0,0.0,0.0
4213,36,19,10,36,26,10,0.7222222222222222,0.2777777777777778,2.2222222222222223,0.08578937181755328,2.0,0.09527577143359627,1,0.1,1.20535401127832
4214,0,14,0,0,0,0,0.0,0.0,0.0,0.0,0.0,0.0,0,0.0,0.0
4215,3,1,1,3,0,3,0.0,1.0,0.0,0.0,0.0,0.0,1,1.0,2.0
4216,0,5,0,0,0,0,0.0,0.0,0.0,0.0,0.0,0.0,0,0.0,0.0
4217,1,24,1,1,0,1,0.0,1.0,0.0,0.0,1.0,0.006666666666666667,0,0.0,0.21533827903669653
4218,0,1,0,0,0,0,0.0,0.0,0.0,0.0,0.0,0.0,0,0.0,0.0
4219,0,6,0,0,0,0,0.0,0.0,0.0,0.0,0.0,0.0,0,0.0,0.0
4220,4,26,1,4,3,1,0.75,0.25,2.75,0.035032242063492064,0.0,0.0,1,1.0,0.4883245069059757
4221,5,10,1,5,2,3,0.4,0.6,0.4,0.016346153846153847,2.0,0.08695652173913043,0,0.0,0.7472217363092141
4222,0,26,0,0,0,0,0.0,0.0,0.0,0.0,0.0,0.0,0,0.0,0.0
4223,0,3,0,0,0,0,0.0,0.0,0.0,0.0,0.0,0.0,0,0.0,0.0
4224,0,1,0,0,0,0,0.0,0.0,0.0,0.0,0.0,0.0,0,0.0,0.0
4225,0,34,0,0,0,0,0.0,0.0,0.0,0.0,0.0,0.0,0,0.0,0.0
4226,0,1,0,0,0,0,0.0,0.0,0.0,0.0,0.0,0.0,0,0.0,0.0
4227,0,1,0,0,0,0,0.0,0.0,0.0,0.0,0.0,0.0,0,0.0,0.0
4228,0,20,0,0,0,0,0.0,0.0,0.0,0.0,0.0,0.0,0,0.0,0.0
4229,3,7,1,3,0,3,0.0,1.0,0.0,0.0,0.0,0.0,1,1.0,0.6666666666666667
4230,1,32,1,1,1,0,1.0,0.0,3.0,0.02127659574468085,0.0,0.0,1,1.0,0.19823986317056053
4231,0,5,0,0,0,0,0.0,0.0,0.0,0.0,0.0,0.0,0,0.0,0.0
4232,0,36,0,0,0,0,0.0,0.0,0.0,0.0,0.0,0.0,0,0.0,0.0
4233,0,36,0,0,0,0,0.0,0.0,0.0,0.0,0.0,0.0,0,0.0,0.0
4234,0,2,0,0,0,0,0.0,0.0,0.0,0.0,0.0,0.0,0,0.0,0.0
4235,0,34,0,0,0,0,0.0,0.0,0.0,0.0,0.0,0.0,0,0.0,0.0
4236,0,36,0,0,0,0,0.0,0.0,0.0,0.0,0.0,0.0,0,0.0,0.0
4237,0,3,0,0,0,0,0.0,0.0,0.0,0.0,0.0,0.0,0,0.0,0.0
4238,59,11,17,59,20,39,0.3389830508474576,0.6610169491525424,0.4576271186440678,0.005944092668386794,0.47058823529411764,0.008567329260227397,11,0.6470588235294118,1.6476854623779968
4239,1,4,1,1,0,1,0.0,1.0,0.0,0.0,0.0,0.0,1,1.0,0.43067655807339306
4240,0,26,0,0,0,0,0.0,0.0,0.0,0.0,0.0,0.0,0,0.0,0.0
4241,0,1,0,0,0,0,0.0,0.0,0.0,0.0,0.0,0.0,0,0.0,0.0
4242,0,31,0,0,0,0,0.0,0.0,0.0,0.0,0.0,0.0,0,0.0,0.0
4243,0,2,0,0,0,0,0.0,0.0,0.0,0.0,0.0,0.0,0,0.0,0.0
4244,0,10,0,0,0,0,0.0,0.0,0.0,0.0,0.0,0.0,0,0.0,0.0
4245,4,28,1,4,4,0,1.0,0.0,1.75,0.029982048374905517,5.0,0.11627906976744186,0,0.0,0.4779615435334546
4246,2,15,1,2,2,0,1.0,0.0,1.5,0.031339031339031334,2.0,0.045454545454545456,0,0.0,0.3962406251802891
4247,24,19,6,24,15,9,0.625,0.375,1.625,0.030457759218550453,1.3333333333333333,0.022527477141571103,1,0.16666666666666666,1.0744871473609634
4248,47,39,14,47,34,13,0.723404255319149,0.276595744680851,2.382978723404255,0.06185320738969025,1.1428571428571428,0.022091848559969367,8,0.5714285714285714,1.0494246448174458
4249,3,2,1,3,0,3,0.0,1.0,0.0,0.0,0.0,0.0,1,1.0,1.2618595071429148
4250,4,1,1,4,0,4,0.0,1.0,0.0,0.0,0.0,0.0,1,1.0,2.321928094887362
4251,17,39,4,17,12,5,0.7058823529411765,0.2941176470588235,3.411764705882353,0.04064143242926166,3.5,0.041390692640692645,0,0.0,0.7835365166711385
4252,0,4,0,0,0,0,0.0,0.0,0.0,0.0,0.0,0.0,0,0.0,0.0
4253,1,5,1,1,0,1,0.0,1.0,0.0,0.0,0.0,0.0,1,1.0,0.3868528072345416
4254,8,37,2,8,7,1,0.875,0.125,2.0,0.03461504751876561,1.5,0.03290450272142503,0,0.0,0.6040336863117743
4255,0,4,0,0,0,0,0.0,0.0,0.0,0.0,0.0,0.0,0,0.0,0.0
4256,32,28,9,32,16,16,0.5,0.5,1.0625,0.017424405578341056,1.7777777777777777,0.029493776198845318,3,0.3333333333333333,1.0383725511519803
4257,23,2,6,23,3,20,0.13043478260869565,0.8695652173913043,0.13043478260869565,0.0011449524807303749,0.0,0.0,6,1.0,2.8927892607143724
4258,1,38,1,1,1,0,1.0,0.0,1.0,0.03571428571428571,0.0,0.0,1,1.0,0.18920035951687003
4259,0,2,0,0,0,0,0.0,0.0,0.0,0.0,0.0,0.0,0,0.0,0.0
4260,0,23,0,0,0,0,0.0,0.0,0.0,0.0,0.0,0.0,0,0.0,0.0
4261,0,32,0,0,0,0,0.0,0.0,0.0,0.0,0.0,0.0,0,0.0,0.0
4262,14,19,4,14,8,6,0.5714285714285714,0.4285714285714286,2.0714285714285716,0.022179045008079743,0.75,0.007731958762886598,3,0.75,0.9039693650225663
4263,0,26,0,0,0,0,0.0,0.0,0.0,0.0,0.0,0.0,0,0.0,0.0
4264,0,37,0,0,0,0,0.0,0.0,0.0,0.0,0.0,0.0,0,0.0,0.0
4265,5,18,1,5,3,2,0.6,0.4,1.2,0.038686868686868686,3.0,0.04477611940298507,0,0.0,0.6085232133882752
4266,0,6,0,0,0,0,0.0,0.0,0.0,0.0,0.0,0.0,0,0.0,0.0
4267,0,22,0,0,0,0,0.0,0.0,0.0,0.0,0.0,0.0,0,0.0,0.0
4268,0,2,0,0,0,0,0.0,0.0,0.0,0.0,0.0,0.0,0,0.0,0.0
4269,0,33,0,0,0,0,0.0,0.0,0.0,0.0,0.0,0.0,0,0.0,0.0
4270,0,5,0,0,0,0,0.0,0.0,0.0,0.0,0.0,0.0,0,0.0,0.0
4271,0,39,0,0,0,0,0.0,0.0,0.0,0.0,0.0,0.0,0,0.0,0.0
4272,0,2,0,0,0,0,0.0,0.0,0.0,0.0,0.0,0.0,0,0.0,0.0
4273,0,8,0,0,0,0,0.0,0.0,0.0,0.0,0.0,0.0,0,0.0,0.0
4274,0,17,0,0,0,0,0.0,0.0,0.0,0.0,0.0,0.0,0,0.0,0.0
4275,0,37,0,0,0,0,0.0,0.0,0.0,0.0,0.0,0.0,0,0.0,0.0
4276,0,19,0,0,0,0,0.0,0.0,0.0,0.0,0.0,0.0,0,0.0,0.0
4277,0,2,0,0,0,0,0.0,0.0,0.0,0.0,0.0,0.0,0,0.0,0.0
4278,0,1,0,0,0,0,0.0,0.0,0.0,0.0,0.0,0.0,0,0.0,0.0
4279,0,1,0,0,0,0,0.0,0.0,0.0,0.0,0.0,0.0,0,0.0,0.0
4280,0,37,0,0,0,0,0.0,0.0,0.0,0.0,0.0,0.0,0,0.0,0.0
4281,0,2,0,0,0,0,0.0,0.0,0.0,0.0,0.0,0.0,0,0.0,0.0
4282,0,5,0,0,0,0,0.0,0.0,0.0,0.0,0.0,0.0,0,0.0,0.0
4283,0,1,0,0,0,0,0.0,0.0,0.0,0.0,0.0,0.0,0,0.0,0.0
4284,0,37,0,0,0,0,0.0,0.0,0.0,0.0,0.0,0.0,0,0.0,0.0
4285,5,14,1,5,2,3,0.4,0.6,0.4,0.0036589147286821707,0.0,0.0,1,1.0,0.6616418958920284
4286,0,3,0,0,0,0,0.0,0.0,0.0,0.0,0.0,0.0,0,0.0,0.0
4287,0,1,0,0,0,0,0.0,0.0,0.0,0.0,0.0,0.0,0,0.0,0.0
4288,0,2,0,0,0,0,0.0,0.0,0.0,0.0,0.0,0.0,0,0.0,0.0
4289,70,38,20,70,33,37,0.4714285714285714,0.5285714285714286,1.2142857142857142,0.021071494865972987,1.2,0.01834644866825966,11,0.55,1.1635343659481219
4290,2,39,1,2,2,0,1.0,0.0,1.5,0.03198653198653199,0.0,0.0,1,1.0,0.2978173459810155
4291,0,9,0,0,0,0,0.0,0.0,0.0,0.0,0.0,0.0,0,0.0,0.0
4292,1,27,1,1,0,1,0.0,1.0,0.0,0.0,1.0,0.02857142857142857,0,0.0,0.20801459767650946
4293,0,1,0,0,0,0,0.0,0.0,0.0,0.0,0.0,0.0,0,0.0,0.0
4294,0,39,0,0,0,0,0.0,0.0,0.0,0.0,0.0,0.0,0,0.0,0.0
4295,4,31,1,4,2,2,0.5,0.5,0.75,0.012857977790765633,1.0,0.05263157894736842,0,0.0,0.46438561897747244
4296,0,33,0,0,0,0,0.0,0.0,0.0,0.0,0.0,0.0,0,0.0,0.0
4297,0,28,0,0,0,0,0.0,0.0,0.0,0.0,0.0,0.0,0,0.0,0.0
4298,26,39,8,26,15,11,0.5769230769230769,0.42307692307692313,2.4615384615384617,0.036354167451904645,2.125,0.040116207546521135,3,0.375,0.8934520379430465
4299,11,39,3,11,6,5,0.5454545454545454,0.4545454545454546,1.0909090909090908,0.013459895735548549,1.3333333333333333,0.02071220930232558,1,0.3333333333333333,0.6736209953992307
4300,10,2,2,10,1,9,0.1,0.9,0.1,0.0015873015873015873,0.0,0.0,2,1.0,2.182658338644138
4301,1,5,1,1,0,1,0.0,1.0,0.0,0.0,0.0,0.0,1,1.0,0.3868528072345416
4302,0,38,0,0,0,0,0.0,0.0,0.0,0.0,0.0,0.0,0,0.0,0.0
4303,0,1,0,0,0,0,0.0,0.0,0.0,0.0,0.0,0.0,0,0.0,0.0
4304,0,2,0,0,0,0,0.0,0.0,0.0,0.0,0.0,0.0,0,0.0,0.0
4305,4,38,1,4,2,2,0.5,0.5,1.0,0.009357429718875503,2.0,0.031746031746031744,0,0.0,0.4393096303250101
4306,0,13,0,0,0,0,0.0,0.0,0.0,0.0,0.0,0.0,0,0.0,0.0
4307,1,39,1,1,1,0,1.0,0.0,10.0,0.06711409395973154,0.0,0.0,1,1.0,0.18790182470910757
4308,11,1,3,11,0,11,0.0,1.0,0.0,0.0,0.0,0.0,3,1.0,3.5849625007211565
4309,1,34,1,1,1,0,1.0,0.0,2.0,0.02564102564102564,2.0,0.08333333333333333,0,0.0,0.1949590218937863
4310,0,9,0,0,0,0,0.0,0.0,0.0,0.0,0.0,0.0,0,0.0,0.0
4311,0,8,0,0,0,0,0.0,0.0,0.0,0.0,0.0,0.0,0,0.0,0.0
4312,0,9,0,0,0,0,0.0,0.0,0.0,0.0,0.0,0.0,0,0.0,0.0
4313,1,5,1,1,0,1,0.0,1.0,0.0,0.0,1.0,0.011627906976744186,0,0.0,0.3868528072345416
4314,36,3,10,36,0,36,0.0,1.0,0.0,0.0,0.0,0.0,10,1.0,2.604726682814475
4315,0,2,0,0,0,0,0.0,0.0,0.0,0.0,0.0,0.0,0,0.0,0.0
4316,0,25,0,0,0,0,0.0,0.0,0.0,0.0,0.0,0.0,0,0.0,0.0
4317,0,3,0,0,0,0,0.0,0.0,0.0,0.0,0.0,0.0,0,0.0,0.0
4318,1,1,1,1,0,1,0.0,1.0,0.0,0.0,0.0,0.0,1,1.0,1.0
4319,0,33,0,0,0,0,0.0,0.0,0.0,0.0,0.0,0.0,0,0.0,0.0
4320,19,34,6,19,10,9,0.5263157894736842,0.4736842105263158,0.9473684210526315,0.010220120748606912,0.16666666666666666,0.006944444444444444,5,0.8333333333333334,0.8425988740745154
4321,0,7,0,0,0,0,0.0,0.0,0.0,0.0,0.0,0.0,0,0.0,0.0
4322,10,3,2,10,0,10,0.0,1.0,0.0,0.0,0.5,0.004761904761904762,1,0.5,1.7297158093186489
4323,0,1,0,0,0,0,0.0,0.0,0.0,0.0,0.0,0.0,0,0.0,0.0
4324,0,5,0,0,0,0,0.0,0.0,0.0,0.0,0.0,0.0,0,0.0,0.0
4325,14,7,4,14,0,14,0.0,1.0,0.0,0.0,0.0,0.0,4,1.0,1.3022968652028397
4326,0,7,0,0,0,0,0.0,0.0,0.0,0.0,0.0,0.0,0,0.0,0.0
4327,0,1,0,0,0,0,0.0,0.0,0.0,0.0,0.0,0.0,0,0.0,0.0
4328,0,39,0,0,0,0,0.0,0.0,0.0,0.0,0.0,0.0,0,0.0,0.0
4329,0,8,0,0,0,0,0.0,0.0,0.0,0.0,0.0,0.0,0,0.0,0.0
4330,34,37,10,34,16,18,0.47058823529411764,0.5294117647058824,0.9705882352941176,0.01710863195052673,2.1,0.02712933789002806,5,0.5,0.9773921236155247
4331,0,32,0,0,0,0,0.0,0.0,0.0,0.0,0.0,0.0,0,0.0,0.0
4332,0,1,0,0,0,0,0.0,0.0,0.0,0.0,0.0,0.0,0,0.0,0.0
4333,0,16,0,0,0,0,0.0,0.0,0.0,0.0,0.0,0.0,0,0.0,0.0
4334,0,4,0,0,0,0,0.0,0.0,0.0,0.0,0.0,0.0,0,0.0,0.0
4335,70,37,20,70,22,48,0.3142857142857143,0.6857142857142857,0.4857142857142857,0.008344764999305686,0.3,0.006692354514888027,15,0.75,1.1718429996890984
4336,0,2,0,0,0,0,0.0,0.0,0.0,0.0,0.0,0.0,0,0.0,0.0
4337,5,1,1,5,0,5,0.0,1.0,0.0,0.0,0.0,0.0,1,1.0,2.584962500721156
4338,10,14,3,10,6,4,0.6,0.4,0.7,0.025422240395661738,0.6666666666666666,0.013868962219033956,1,0.3333333333333333,0.8854692840710255
4339,13,32,4,13,5,8,0.38461538461538464,0.6153846153846154,0.7692307692307693,0.012975022825306768,1.5,0.022374956592311084,1,0.25,0.7547695187904595
4340,6,2,1,6,0,6,0.0,1.0,0.0,0.0,0.0,0.0,1,1.0,1.7712437491614221
4341,0,32,0,0,0,0,0.0,0.0,0.0,0.0,0.0,0.0,0,0.0,0.0
4342,0,37,0,0,0,0,0.0,0.0,0.0,0.0,0.0,0.0,0,0.0,0.0
4343,4,34,1,4,1,3,0.25,0.75,0.25,0.003205128205128205,3.0,0.02,0,0.0,0.4526808302869428
4344,0,1,0,0,0,0,0.0,0.0,0.0,0.0,0.0,0.0,0,0.0,0.0
4345,0,1,0,0,0,0,0.0,0.0,0.0,0.0,0.0,0.0,0,0.0,0.0
4346,11,35,3,11,6,5,0.5454545454545454,0.4545454545454546,1.4545454545454546,0.018586817151971347,1.0,0.015614216701173222,1,0.3333333333333333,0.6934264036172708
4347,0,1,0,0,0,0,0.0,0.0,0.0,0.0,0.0,0.0,0,0.0,0.0
4348,0,28,0,0,0,0,0.0,0.0,0.0,0.0,0.0,0.0,0,0.0,0.0
4349,0,3,0,0,0,0,0.0,0.0,0.0,0.0,0.0,0.0,0,0.0,0.0
4350,19,33,6,19,16,3,0.8421052631578947,0.1578947368421053,1.6842105263157894,0.043268500207432614,2.0,0.055071017644734425,1,0.16666666666666666,0.8495252407239533
4351,0,20,0,0,0,0,0.0,0.0,0.0,0.0,0.0,0.0,0,0.0,0.0
4352,0,5,0,0,0,0,0.0,0.0,0.0,0.0,0.0,0.0,0,0.0,0.0
4353,0,33,0,0,0,0,0.0,0.0,0.0,0.0,0.0,0.0,0,0.0,0.0
4354,7,4,2,7,0,7,0.0,1.0,0.0,0.0,0.0,0.0,2,1.0,1.2920296742201791
4355,7,39,1,7,4,3,0.5714285714285714,0.4285714285714286,1.2857142857142858,0.03860187431616003,1.0,0.047619047619047616,0,0.0,0.5637054741273227
4356,0,21,0,0,0,0,0.0,0.0,0.0,0.0,0.0,0.0,0,0.0,0.0
4357,0,1,0,0,0,0,0.0,0.0,0.0,0.0,0.0,0.0,0,0.0,0.0
4358,4,38,1,4,4,0,1.0,0.0,1.75,0.05587639311043566,4.0,0.031746031746031744,0,0.0,0.4393096303250101
4359,0,13,0,0,0,0,0.0,0.0,0.0,0.0,0.0,0.0,0,0.0,0.0
4360,0,32,0,0,0,0,0.0,0.0,0.0,0.0,0.0,0.0,0,0.0,0.0
4361,1,2,1,1,0,1,0.0,1.0,0.0,0.0,0.0,0.0,1,1.0,0.6309297535714574
4362,0,37,0,0,0,0,0.0,0.0,0.0,0.0,0.0,0.0,0,0.0,0.0
4363,6,35,1,6,3,3,0.5,0.5,1.1666666666666667,0.013884965843350175,4.0,0.05128205128205128,0,0.0,0.5430165662508459
4364,21,35,6,21,7,14,0.3333333333333333,0.6666666666666667,0.7619047619047619,0.010753163516220923,0.5,0.008337341670675005,4,0.6666666666666666,0.8625718201701571
4365,1,2,1,1,0,1,0.0,1.0,0.0,0.0,0.0,0.0,1,1.0,0.6309297535714574
4366,0,10,0,0,0,0,0.0,0.0,0.0,0.0,0.0,0.0,0,0.0,0.0
4367,1,36,1,1,0,1,0.0,1.0,0.0,0.0,0.0,0.0,1,1.0,0.19195872000656014
4368,0,3,0,0,0,0,0.0,0.0,0.0,0.0,0.0,0.0,0,0.0,0.0
4369,0,7,0,0,0,0,0.0,0.0,0.0,0.0,0.0,0.0,0,0.0,0.0
4370,1,25,1,1,1,0,1.0,0.0,1.0,0.022222222222222223,0.0,0.0,1,1.0,0.21274605355336315
4371,1,38,1,1,0,1,0.0,1.0,0.0,0.0,1.0,0.006666666666666667,0,0.0,0.18920035951687003
4372,0,6,0,0,0,0,0.0,0.0,0.0,0.0,0.0,0.0,0,0.0,0.0
4373,0,23,0,0,0,0,0.0,0.0,0.0,0.0,0.0,0.0,0,0.0,0.0
4374,4,11,1,4,3,1,0.75,0.25,1.75,0.013380104235808933,3.0,0.043478260869565216,0,0.0,0.647685462377997
4375,0,6,0,0,0,0,0.0,0.0,0.0,0.0,0.0,0.0,0,0.0,0.0
4376,0,17,0,0,0,0,0.0,0.0,0.0,0.0,0.0,0.0,0,0.0,0.0
4377,2,34,1,2,1,1,0.5,0.5,3.0,0.023809523809523808,6.0,0.048,0,0.0,0.3090027388789262
4378,0,25,0,0,0,0,0.0,0.0,0.0,0.0,0.0,0.0,0,0.0,0.0
4379,0,36,0,0,0,0,0.0,0.0,0.0,0.0,0.0,0.0,0,0.0,0.0
4380,0,3,0,0,0,0,0.0,0.0,0.0,0.0,0.0,0.0,0,0.0,0.0
4381,0,33,0,0,0,0,0.0,0.0,0.0,0.0,0.0,0.0,0,0.0,0.0
4382,7,1,2,7,0,7,0.0,1.0,0.0,0.0,0.0,0.0,2,1.0,3.0
4383,0,4,0,0,0,0,0.0,0.0,0.0,0.0,0.0,0.0,0,0.0,0.0
4384,9,38,2,9,7,2,0.7777777777777778,0.2222222222222222,1.4444444444444444,0.025947990102579477,1.5,0.01,1,0.5,0.6285099898418802
4385,0,11,0,0,0,0,0.0,0.0,0.0,0.0,0.0,0.0,0,0.0,0.0
4386,0,2,0,0,0,0,0.0,0.0,0.0,0.0,0.0,0.0,0,0.0,0.0
4387,2,4,1,2,0,2,0.0,1.0,0.0,0.0,0.0,0.0,1,1.0,0.6826061944859854
4388,0,5,0,0,0,0,0.0,0.0,0.0,0.0,0.0,0.0,0,0.0,0.0
4389,0,2,0,0,0,0,0.0,0.0,0.0,0.0,0.0,0.0,0,0.0,0.0
4390,3,5,1,3,1,2,0.3333333333333333,0.6666666666666667,1.6666666666666667,0.032051282051282055,2.0,0.025974025974025976,0,0.0,0.7737056144690831
4391,0,38,0,0,0,0,0.0,0.0,0.0,0.0,0.0,0.0,0,0.0,0.0
4392,0,5,0,0,0,0,0.0,0.0,0.0,0.0,0.0,0.0,0,0.0,0.0
4393,0,2,0,0,0,0,0.0,0.0,0.0,0.0,0.0,0.0,0,0.0,0.0
4394,0,3,0,0,0,0,0.0,0.0,0.0,0.0,0.0,0.0,0,0.0,0.0
4395,0,7,0,0,0,0,0.0,0.0,0.0,0.0,0.0,0.0,0,0.0,0.0
4396,0,34,0,0,0,0,0.0,0.0,0.0,0.0,0.0,0.0,0,0.0,0.0
4397,33,21,9,33,20,13,0.6060606060606061,0.3939393939393939,1.121212121212121,0.02611760218247651,0.8888888888888888,0.015235690235690234,6,0.6666666666666666,1.140832123086788
4398,0,1,0,0,0,0,0.0,0.0,0.0,0.0,0.0,0.0,0,0.0,0.0
4399,0,2,0,0,0,0,0.0,0.0,0.0,0.0,0.0,0.0,0,0.0,0.0
4400,0,1,0,0,0,0,0.0,0.0,0.0,0.0,0.0,0.0,0,0.0,0.0
4401,0,1,0,0,0,0,0.0,0.0,0.0,0.0,0.0,0.0,0,0.0,0.0
4402,0,35,0,0,0,0,0.0,0.0,0.0,0.0,0.0,0.0,0,0.0,0.0
4403,6,39,1,6,0,6,0.0,1.0,0.0,0.0,0.0,0.0,1,1.0,0.5275071124607182
4404,9,14,2,9,4,5,0.4444444444444444,0.5555555555555556,1.4444444444444444,0.018403831813227786,0.0,0.0,2,1.0,0.8502741537276026
4405,0,28,0,0,0,0,0.0,0.0,0.0,0.0,0.0,0.0,0,0.0,0.0
4406,1,4,1,1,0,1,0.0,1.0,0.0,0.0,2.0,0.015151515151515152,0,0.0,0.43067655807339306
4407,0,39,0,0,0,0,0.0,0.0,0.0,0.0,0.0,0.0,0,0.0,0.0
4408,0,13,0,0,0,0,0.0,0.0,0.0,0.0,0.0,0.0,0,0.0,0.0
4409,0,35,0,0,0,0,0.0,0.0,0.0,0.0,0.0,0.0,0,0.0,0.0
4410,0,1,0,0,0,0,0.0,0.0,0.0,0.0,0.0,0.0,0,0.0,0.0
4411,17,38,4,17,7,10,0.4117647058823529,0.5882352941176471,1.411764705882353,0.012948430627919864,1.5,0.02150448585231194,1,0.25,0.7889513094312703
4412,0,37,0,0,0,0,0.0,0.0,0.0,0.0,0.0,0.0,0,0.0,0.0
4413,0,2,0,0,0,0,0.0,0.0,0.0,0.0,0.0,0.0,0,0.0,0.0
4414,0,39,0,0,0,0,0.0,0.0,0.0,0.0,0.0,0.0,0,0.0,0.0
4415,10,33,3,10,3,7,0.3,0.7,0.3,0.006440511307767944,2.3333333333333335,0.03208049886621315,0,0.0,0.6799915255571827
4416,0,39,0,0,0,0,0.0,0.0,0.0,0.0,0.0,0.0,0,0.0,0.0
4417,0,3,0,0,0,0,0.0,0.0,0.0,0.0,0.0,0.0,0,0.0,0.0
4418,0,9,0,0,0,0,0.0,0.0,0.0,0.0,0.0,0.0,0,0.0,0.0
4419,1,37,1,1,0,1,0.0,1.0,0.0,0.0,1.0,0.02564102564102564,0,0.0,0.1905514124267734
4420,3,6,1,3,1,2,0.3333333333333333,0.6666666666666667,0.6666666666666666,0.015151515151515152,0.0,0.0,1,1.0,0.7124143742160444
4421,6,36,1,6,6,0,1.0,0.0,3.5,0.07578507662230355,2.0,0.03773584905660377,0,0.0,0.5388962574422941
4422,0,22,0,0,0,0,0.0,0.0,0.0,0.0,0.0,0.0,0,0.0,0.0
4423,3,34,1,3,3,0,1.0,0.0,3.6666666666666665,0.055231358679634544,2.0,0.029850746268656716,0,0.0,0.3899180437875726
4424,0,7,0,0,0,0,0.0,0.0,0.0,0.0,0.0,0.0,0,0.0,0.0
4425,0,4,0,0,0,0,0.0,0.0,0.0,0.0,0.0,0.0,0,0.0,0.0
4426,1,39,1,1,0,1,0.0,1.0,0.0,0.0,7.0,0.07216494845360824,0,0.0,0.18790182470910757
4427,3,30,1,3,2,1,0.6666666666666666,0.33333333333333337,4.666666666666667,0.04048265029273169,2.0,0.02564102564102564,0,0.0,0.4036981731641997
4428,0,3,0,0,0,0,0.0,0.0,0.0,0.0,0.0,0.0,0,0.0,0.0
4429,0,3,0,0,0,0,0.0,0.0,0.0,0.0,0.0,0.0,0,0.0,0.0
4430,0,1,0,0,0,0,0.0,0.0,0.0,0.0,0.0,0.0,0,0.0,0.0
4431,0,2,0,0,0,0,0.0,0.0,0.0,0.0,0.0,0.0,0,0.0,0.0
4432,0,22,0,0,0,0,0.0,0.0,0.0,0.0,0.0,0.0,0,0.0,0.0
4433,6,36,1,6,6,0,1.0,0.0,3.1666666666666665,0.03802817880973275,1.0,0.013513513513513514,0,0.0,0.5388962574422941
4434,0,2,0,0,0,0,0.0,0.0,0.0,0.0,0.0,0.0,0,0.0,0.0
4435,7,37,1,7,0,7,0.0,1.0,0.0,0.0,3.0,0.038461538461538464,0,0.0,0.5716542372803202
4436,0,36,0,0,0,0,0.0,0.0,0.0,0.0,0.0,0.0,0,0.0,0.0
4437,0,1,0,0,0,0,0.0,0.0,0.0,0.0,0.0,0.0,0,0.0,0.0
4438,10,39,2,10,10,0,1.0,0.0,3.2,0.07696880434612713,2.0,0.06785714285714287,0,0.0,0.6500335135983297
4439,0,38,0,0,0,0,0.0,0.0,0.0,0.0,0.0,0.0,0,0.0,0.0
4440,13,39,4,13,8,5,0.6153846153846154,0.3846153846153846,1.1538461538461537,0.03685963511828349,1.75,0.030463667068911578,1,0.25,0.7154089371698258
4441,0,6,0,0,0,0,0.0,0.0,0.0,0.0,0.0,0.0,0,0.0,0.0
4442,0,1,0,0,0,0,0.0,0.0,0.0,0.0,0.0,0.0,0,0.0,0.0
4443,0,39,0,0,0,0,0.0,0.0,0.0,0.0,0.0,0.0,0,0.0,0.0
4444,0,20,0,0,0,0,0.0,0.0,0.0,0.0,0.0,0.0,0,0.0,0.0
4445,3,37,1,3,1,2,0.3333333333333333,0.6666666666666667,0.6666666666666666,0.019047619047619046,3.0,0.08333333333333333,0,0.0,0.3811028248535468
4446,16,38,4,16,12,4,0.75,0.25,2.5625,0.03749354546544606,1.5,0.0395439063040746,0,0.0,0.7733494390764113
4447,0,28,0,0,0,0,0.0,0.0,0.0,0.0,0.0,0.0,0,0.0,0.0
4448,0,3,0,0,0,0,0.0,0.0,0.0,0.0,0.0,0.0,0,0.0,0.0
4449,0,38,0,0,0,0,0.0,0.0,0.0,0.0,0.0,0.0,0,0.0,0.0
4450,0,1,0,0,0,0,0.0,0.0,0.0,0.0,0.0,0.0,0,0.0,0.0
4451,7,27,1,7,5,2,0.7142857142857143,0.2857142857142857,1.4285714285714286,0.022619253387985563,2.0,0.016666666666666666,0,0.0,0.6240437930295284
4452,8,3,2,8,0,8,0.0,1.0,0.0,0.0,0.0,0.0,2,1.0,1.5849625007211563
4453,0,39,0,0,0,0,0.0,0.0,0.0,0.0,0.0,0.0,0,0.0,0.0
4454,0,24,0,0,0,0,0.0,0.0,0.0,0.0,0.0,0.0,0,0.0,0.0
4455,0,15,0,0,0,0,0.0,0.0,0.0,0.0,0.0,0.0,0,0.0,0.0
4456,0,19,0,0,0,0,0.0,0.0,0.0,0.0,0.0,0.0,0,0.0,0.0
4457,0,12,0,0,0,0,0.0,0.0,0.0,0.0,0.0,0.0,0,0.0,0.0
4458,0,7,0,0,0,0,0.0,0.0,0.0,0.0,0.0,0.0,0,0.0,0.0
4459,0,7,0,0,0,0,0.0,0.0,0.0,0.0,0.0,0.0,0,0.0,0.0
4460,0,1,0,0,0,0,0.0,0.0,0.0,0.0,0.0,0.0,0,0.0,0.0
4461,13,38,4,13,3,10,0.23076923076923078,0.7692307692307692,0.46153846153846156,0.006807897984368572,0.25,0.03125,3,0.75,0.7203529200616233
4462,0,15,0,0,0,0,0.0,0.0,0.0,0.0,0.0,0.0,0,0.0,0.0
4463,7,36,1,7,5,2,0.7142857142857143,0.2857142857142857,2.142857142857143,0.04053857558374119,6.0,0.1111111111111111,0,0.0,0.5758761600196804
4464,3,4,1,3,1,2,0.3333333333333333,0.6666666666666667,0.3333333333333333,0.005847953216374269,0.0,0.0,1,1.0,0.8613531161467861
4465,5,37,1,5,4,1,0.8,0.19999999999999996,0.8,0.011446460516227958,0.0,0.0,1,1.0,0.49256825558266054
4466,4,38,1,4,2,2,0.5,0.5,1.75,0.017009951400138855,0.0,0.0,1,1.0,0.4393096303250101
4467,0,18,0,0,0,0,0.0,0.0,0.0,0.0,0.0,0.0,0,0.0,0.0
4468,0,39,0,0,0,0,0.0,0.0,0.0,0.0,0.0,0.0,0,0.0,0.0
4469,0,5,0,0,0,0,0.0,0.0,0.0,0.0,0.0,0.0,0,0.0,0.0
4470,0,22,0,0,0,0,0.0,0.0,0.0,0.0,0.0,0.0,0,0.0,0.0
4471,12,3,3,12,4,8,0.3333333333333333,0.6666666666666667,0.3333333333333333,0.010567466159571423,0.0,0.0,3,1.0,1.850219859070546
4472,10,3,2,10,0,10,0.0,1.0,0.0,0.0,0.0,0.0,2,1.0,1.7297158093186489
4473,2,6,1,2,1,1,0.5,0.5,0.5,0.004901960784313725,1.0,0.008849557522123894,0,0.0,0.5645750340535797
4474,0,1,0,0,0,0,0.0,0.0,0.0,0.0,0.0,0.0,0,0.0,0.0
4475,0,35,0,0,0,0,0.0,0.0,0.0,0.0,0.0,0.0,0,0.0,0.0
4476,0,37,0,0,0,0,0.0,0.0,0.0,0.0,0.0,0.0,0,0.0,0.0
4477,0,2,0,0,0,0,0.0,0.0,0.0,0.0,0.0,0.0,0,0.0,0.0
4478,0,11,0,0,0,0,0.0,0.0,0.0,0.0,0.0,0.0,0,0.0,0.0
4479,0,4,0,0,0,0,0.0,0.0,0.0,0.0,0.0,0.0,0,0.0,0.0
4480,0,39,0,0,0,0,0.0,0.0,0.0,0.0,0.0,0.0,0,0.0,0.0
4481,6,3,1,6,0,6,0.0,1.0,0.0,0.0,0.0,0.0,1,1.0,1.403677461028802
4482,4,39,1,4,1,3,0.25,0.75,0.75,0.00872093023255814,0.0,0.0,1,1.0,0.43629452587267725
4483,4,5,1,4,2,2,0.5,0.5,1.0,0.010528600890046674,2.0,0.014084507042253521,0,0.0,0.8982444017039272
4484,48,38,14,48,26,22,0.5416666666666666,0.45833333333333337,0.7916666666666666,0.018125044806928867,0.7857142857142857,0.01083300009163703,7,0.5,1.0623051210895067
4485,0,2,0,0,0,0,0.0,0.0,0.0,0.0,0.0,0.0,0,0.0,0.0
4486,2,7,1,2,0,2,0.0,1.0,0.0,0.0,1.0,0.011627906976744186,0,0.0,0.5283208335737188
4487,4,14,1,4,4,0,1.0,0.0,3.5,0.03849213774122755,3.0,0.041666666666666664,0,0.0,0.5943161289177871
4488,0,23,0,0,0,0,0.0,0.0,0.0,0.0,0.0,0.0,0,0.0,0.0
4489,0,32,0,0,0,0,0.0,0.0,0.0,0.0,0.0,0.0,0,0.0,0.0
4490,1,36,1,1,0,1,0.0,1.0,0.0,0.0,0.0,0.0,1,1.0,0.19195872000656014
4491,1,7,1,1,0,1,0.0,1.0,0.0,0.0,1.0,0.011627906976744186,0,0.0,0.33333333333333337
4492,3,1,1,3,0,3,0.0,1.0,0.0,0.0,0.0,0.0,1,1.0,2.0
4493,21,2,6,21,2,19,0.09523809523809523,0.9047619047619048,0.09523809523809523,0.0010615357254012716,0.0,0.0,6,1.0,2.8135880922155954
4494,26,33,8,26,11,15,0.4230769230769231,0.5769230769230769,1.0769230769230769,0.020963481570259793,0.125,0.0012254901960784314,7,0.875,0.9346284485087002
4495,0,14,0,0,0,0,0.0,0.0,0.0,0.0,0.0,0.0,0,0.0,0.0
4496,0,13,0,0,0,0,0.0,0.0,0.0,0.0,0.0,0.0,0,0.0,0.0
4497,0,18,0,0,0,0,0.0,0.0,0.0,0.0,0.0,0.0,0,0.0,0.0
4498,2,36,1,2,0,2,0.0,1.0,0.0,0.0,1.0,0.014492753623188406,0,0.0,0.30424737289682985
4499,0,2,0,0,0,0,0.0,0.0,0.0,0.0,0.0,0.0,0,0.0,0.0
4500,0,20,0,0,0,0,0.0,0.0,0.0,0.0,0.0,0.0,0,0.0,0.0
4501,0,7,0,0,0,0,0.0,0.0,0.0,0.0,0.0,0.0,0,0.0,0.0
4502,0,1,0,0,0,0,0.0,0.0,0.0,0.0,0.0,0.0,0,0.0,0.0
4503,0,3,0,0,0,0,0.0,0.0,0.0,0.0,0.0,0.0,0,0.0,0.0
4504,0,1,0,0,0,0,0.0,0.0,0.0,0.0,0.0,0.0,0,0.0,0.0
4505,0,5,0,0,0,0,0.0,0.0,0.0,0.0,0.0,0.0,0,0.0,0.0
4506,0,2,0,0,0,0,0.0,0.0,0.0,0.0,0.0,0.0,0,0.0,0.0
4507,0,18,0,0,0,0,0.0,0.0,0.0,0.0,0.0,0.0,0,0.0,0.0
4508,1,32,1,1,1,0,1.0,0.0,3.0,0.0410958904109589,7.0,0.04666666666666667,0,0.0,0.19823986317056053
4509,0,1,0,0,0,0,0.0,0.0,0.0,0.0,0.0,0.0,0,0.0,0.0
4510,0,3,0,0,0,0,0.0,0.0,0.0,0.0,0.0,0.0,0,0.0,0.0
4511,19,35,6,19,11,8,0.5789473684210527,0.42105263157894735,1.0,0.02321360982000564,2.0,0.02514031164521895,2,0.3333333333333333,0.8359750080865052
4512,15,37,4,15,10,5,0.6666666666666666,0.33333333333333337,1.4666666666666666,0.02288077130275255,0.75,0.013104838709677418,2,0.5,0.7622056497070936
4513,0,37,0,0,0,0,0.0,0.0,0.0,0.0,0.0,0.0,0,0.0,0.0
4514,0,39,0,0,0,0,0.0,0.0,0.0,0.0,0.0,0.0,0,0.0,0.0
4515,0,5,0,0,0,0,0.0,0.0,0.0,0.0,0.0,0.0,0,0.0,0.0
4516,0,9,0,0,0,0,0.0,0.0,0.0,0.0,0.0,0.0,0,0.0,0.0
4517,0,33,0,0,0,0,0.0,0.0,0.0,0.0,0.0,0.0,0,0.0,0.0
4518,0,1,0,0,0,0,0.0,0.0,0.0,0.0,0.0,0.0,0,0.0,0.0
4519,0,10,0,0,0,0,0.0,0.0,0.0,0.0,0.0,0.0,0,0.0,0.0
4520,7,11,1,7,4,3,0.5714285714285714,0.4285714285714286,1.0,0.012583561509650605,0.0,0.0,1,1.0,0.8368288369533894
4521,0,1,0,0,0,0,0.0,0.0,0.0,0.0,0.0,0.0,0,0.0,0.0
4522,0,7,0,0,0,0,0.0,0.0,0.0,0.0,0.0,0.0,0,0.0,0.0
4523,12,8,4,12,5,7,0.4166666666666667,0.5833333333333333,0.5,0.009646943095218958,0.0,0.0,4,1.0,1.1673587597363964
4524,0,2,0,0,0,0,0.0,0.0,0.0,0.0,0.0,0.0,0,0.0,0.0
4525,0,37,0,0,0,0,0.0,0.0,0.0,0.0,0.0,0.0,0,0.0,0.0
4526,0,5,0,0,0,0,0.0,0.0,0.0,0.0,0.0,0.0,0,0.0,0.0
4527,0,1,0,0,0,0,0.0,0.0,0.0,0.0,0.0,0.0,0,0.0,0.0
4528,7,27,1,7,6,1,0.8571428571428571,0.1428571428571429,3.142857142857143,0.048445836695594435,1.0,0.015625,0,0.0,0.6240437930295284
4529,70,22,20,70,32,38,0.45714285714285713,0.5428571428571429,0.8714285714285714,0.016557217733801668,0.55,0.009809238244592936,13,0.65,1.3594921832053655
4530,12,3,3,12,2,10,0.16666666666666666,0.8333333333333334,0.16666666666666666,0.002405002405002405,0.0,0.0,3,1.0,1.850219859070546
4531,0,1,0,0,0,0,0.0,0.0,0.0,0.0,0.0,0.0,0,0.0,0.0
4532,0,11,0,0,0,0,0.0,0.0,0.0,0.0,0.0,0.0,0,0.0,0.0
4533,0,27,0,0,0,0,0.0,0.0,0.0,0.0,0.0,0.0,0,0.0,0.0
4534,0,9,0,0,0,0,0.0,0.0,0.0,0.0,0.0,0.0,0,0.0,0.0
4535,3,38,1,3,1,2,0.3333333333333333,0.6666666666666667,0.3333333333333333,0.003144654088050314,0.0,0.0,1,1.0,0.37840071903374006
4536,0,34,0,0,0,0,0.0,0.0,0.0,0.0,0.0,0.0,0,0.0,0.0
4537,6,39,1,6,2,4,0.3333333333333333,0.6666666666666667,1.1666666666666667,0.013772363329885453,0.0,0.0,1,1.0,0.5275071124607182
4538,0,1,0,0,0,0,0.0,0.0,0.0,0.0,0.0,0.0,0,0.0,0.0
4539,41,35,12,41,30,11,0.7317073170731707,0.2682926829268293,1.975609756097561,0.027600125006669623,2.0833333333333335,0.031018493135514632,2,0.16666666666666666,1.043016566250846
4540,0,21,0,0,0,0,0.0,0.0,0.0,0.0,0.0,0.0,0,0.0,0.0
4541,0,1,0,0,0,0,0.0,0.0,0.0,0.0,0.0,0.0,0,0.0,0.0
4542,0,2,0,0,0,0,0.0,0.0,0.0,0.0,0.0,0.0,0,0.0,0.0
4543,0,11,0,0,0,0,0.0,0.0,0.0,0.0,0.0,0.0,0,0.0,0.0
4544,0,6,0,0,0,0,0.0,0.0,0.0,0.0,0.0,0.0,0,0.0,0.0
4545,0,5,0,0,0,0,0.0,0.0,0.0,0.0,0.0,0.0,0,0.0,0.0
4546,0,6,0,0,0,0,0.0,0.0,0.0,0.0,0.0,0.0,0,0.0,0.0
4547,1,24,1,1,1,0,1.0,0.0,6.0,0.06382978723404255,14.0,0.09859154929577464,0,0.0,0.21533827903669653
4548,1,39,1,1,1,0,1.0,0.0,1.0,0.017543859649122806,0.0,0.0,1,1.0,0.18790182470910757
4549,8,38,2,8,2,6,0.25,0.75,0.375,0.01534237726098191,0.0,0.0,2,1.0,0.5997509499144004
4550,3,8,1,3,2,1,0.6666666666666666,0.33333333333333337,0.6666666666666666,0.011040452216922805,0.0,0.0,1,1.0,0.6309297535714574
4551,0,1,0,0,0,0,0.0,0.0,0.0,0.0,0.0,0.0,0,0.0,0.0
4552,7,5,2,7,1,6,0.14285714285714285,0.8571428571428572,0.14285714285714285,0.0012531328320802004,0.0,0.0,2,1.0,1.1605584217036247
4553,1,39,1,1,0,1,0.0,1.0,0.0,0.0,2.0,0.01639344262295082,0,0.0,0.18790182470910757
4554,0,14,0,0,0,0,0.0,0.0,0.0,0.0,0.0,0.0,0,0.0,0.0
4555,2,37,1,2,1,1,0.5,0.5,1.0,0.022727272727272728,0.0,0.0,1,1.0,0.30201684315588717
4556,0,1,0,0,0,0,0.0,0.0,0.0,0.0,0.0,0.0,0,0.0,0.0
4557,0,6,0,0,0,0,0.0,0.0,0.0,0.0,0.0,0.0,0,0.0,0.0
4558,0,34,0,0,0,0,0.0,0.0,0.0,0.0,0.0,0.0,0,0.0,0.0
4559,0,6,0,0,0,0,0.0,0.0,0.0,0.0,0.0,0.0,0,0.0,0.0
4560,0,9,0,0,0,0,0.0,0.0,0.0,0.0,0.0,0.0,0,0.0,0.0
4561,21,10,6,21,10,11,0.47619047619047616,0.5238095238095238,0.47619047619047616,0.026684346078311355,1.0,0.012201512463410646,2,0.3333333333333333,1.2890648263178879
4562,0,6,0,0,0,0,0.0,0.0,0.0,0.0,0.0,0.0,0,0.0,0.0
4563,1,7,1,1,0,1,0.0,1.0,0.0,0.0,1.0,0.008403361344537815,0,0.0,0.33333333333333337
4564,0,2,0,0,0,0,0.0,0.0,0.0,0.0,0.0,0.0,0,0.0,0.0
4565,0,10,0,0,0,0,0.0,0.0,0.0,0.0,0.0,0.0,0,0.0,0.0
4566,9,2,2,9,1,8,0.1111111111111111,0.8888888888888888,0.1111111111111111,0.0007407407407407408,0.0,0.0,2,1.0,2.095903274289385
4567,5,39,1,5,3,2,0.6,0.4,1.8,0.027925139994105515,1.0,0.03333333333333333,0,0.0,0.48571917069012305
4568,0,1,0,0,0,0,0.0,0.0,0.0,0.0,0.0,0.0,0,0.0,0.0
4569,7,4,2,7,3,4,0.42857142857142855,0.5714285714285714,0.5714285714285714,0.00976324595772375,0.5,0.02631578947368421,1,0.5,1.2920296742201791
4570,0,2,0,0,0,0,0.0,0.0,0.0,0.0,0.0,0.0,0,0.0,0.0
4571,2,32,1,2,2,0,1.0,0.0,3.0,0.06428571428571428,3.0,0.05263157894736842,0,0.0,0.3142027492734315
4572,2,35,1,2,0,2,0.0,1.0,0.0,0.0,2.0,0.017241379310344827,0,0.0,0.30657359638272924
4573,0,35,0,0,0,0,0.0,0.0,0.0,0.0,0.0,0.0,0,0.0,0.0
4574,0,38,0,0,0,0,0.0,0.0,0.0,0.0,0.0,0.0,0,0.0,0.0
4575,0,28,0,0,0,0,0.0,0.0,0.0,0.0,0.0,0.0,0,0.0,0.0
4576,0,37,0,0,0,0,0.0,0.0,0.0,0.0,0.0,0.0,0,0.0,0.0
4577,1,36,1,1,1,0,1.0,0.0,9.0,0.06040268456375839,4.0,0.05555555555555555,0,0.0,0.19195872000656014
4578,0,10,0,0,0,0,0.0,0.0,0.0,0.0,0.0,0.0,0,0.0,0.0
4579,0,31,0,0,0,0,0.0,0.0,0.0,0.0,0.0,0.0,0,0.0,0.0
4580,0,2,0,0,0,0,0.0,0.0,0.0,0.0,0.0,0.0,0,0.0,0.0
4581,0,1,0,0,0,0,0.0,0.0,0.0,0.0,0.0,0.0,0,0.0,0.0
4582,0,33,0,0,0,0,0.0,0.0,0.0,0.0,0.0,0.0,0,0.0,0.0
4583,5,35,1,5,5,0,1.0,0.0,5.0,0.0919969321001579,7.0,0.05303030303030303,0,0.0,0.5
4584,7,1,2,7,0,7,0.0,1.0,0.0,0.0,0.0,0.0,2,1.0,3.0
4585,0,2,0,0,0,0,0.0,0.0,0.0,0.0,0.0,0.0,0,0.0,0.0
4586,1,39,1,1,1,0,1.0,0.0,1.0,0.022727272727272728,5.0,0.03333333333333333,0,0.0,0.18790182470910757
4587,0,13,0,0,0,0,0.0,0.0,0.0,0.0,0.0,0.0,0,0.0,0.0
4588,0,30,0,0,0,0,0.0,0.0,0.0,0.0,0.0,0.0,0,0.0,0.0
4589,0,12,0,0,0,0,0.0,0.0,0.0,0.0,0.0,0.0,0,0.0,0.0
4590,1,17,1,1,0,1,0.0,1.0,0.0,0.0,0.0,0.0,1,1.0,0.23981246656813146
4591,0,1,0,0,0,0,0.0,0.0,0.0,0.0,0.0,0.0,0,0.0,0.0
4592,25,38,7,25,7,18,0.28,0.72,0.88,0.011000363044075513,0.8571428571428571,0.012422360248447204,6,0.8571428571428571,0.88932488455967
4593,0,39,0,0,0,0,0.0,0.0,0.0,0.0,0.0,0.0,0,0.0,0.0
4594,8,34,2,8,5,3,0.625,0.375,1.25,0.015772482915623595,2.0,0.10890151515151515,0,0.0,0.6180054777578524
4595,0,23,0,0,0,0,0.0,0.0,0.0,0.0,0.0,0.0,0,0.0,0.0
4596,0,1,0,0,0,0,0.0,0.0,0.0,0.0,0.0,0.0,0,0.0,0.0
4597,0,1,0,0,0,0,0.0,0.0,0.0,0.0,0.0,0.0,0,0.0,0.0
4598,0,1,0,0,0,0,0.0,0.0,0.0,0.0,0.0,0.0,0,0.0,0.0
4599,45,34,12,45,14,31,0.3111111111111111,0.6888888888888889,0.5333333333333333,0.006045069307163965,0.16666666666666666,0.0015421666384992396,10,0.8333333333333334,1.0768682363226043
4600,26,38,8,26,15,11,0.5769230769230769,0.42307692307692313,1.0384615384615385,0.009794306693946956,0.375,0.003924765773494138,5,0.625,0.8996264248716005
4601,1,26,1,1,1,0,1.0,0.0,3.0,0.07317073170731707,2.0,0.017241379310344827,0,0.0,0.21030991785715247
4602,3,6,1,3,2,1,0.6666666666666666,0.33333333333333337,0.6666666666666666,0.006798140131473465,3.0,0.04,0,0.0,0.7124143742160444
4603,0,1,0,0,0,0,0.0,0.0,0.0,0.0,0.0,0.0,0,0.0,0.0
4604,0,1,0,0,0,0,0.0,0.0,0.0,0.0,0.0,0.0,0,0.0,0.0
4605,0,1,0,0,0,0,0.0,0.0,0.0,0.0,0.0,0.0,0,0.0,0.0
4606,0,4,0,0,0,0,0.0,0.0,0.0,0.0,0.0,0.0,0,0.0,0.0
4607,1,4,1,1,0,1,0.0,1.0,0.0,0.0,1.0,0.018518518518518517,0,0.0,0.43067655807339306
4608,3,37,1,3,1,2,0.3333333333333333,0.6666666666666667,1.3333333333333333,0.010840108401084013,1.0,0.01818181818181818,0,0.0,0.3811028248535468
4609,0,29,0,0,0,0,0.0,0.0,0.0,0.0,0.0,0.0,0,0.0,0.0
4610,0,9,0,0,0,0,0.0,0.0,0.0,0.0,0.0,0.0,0,0.0,0.0
4611,0,3,0,0,0,0,0.0,0.0,0.0,0.0,0.0,0.0,0,0.0,0.0
4612,36,39,10,36,17,19,0.4722222222222222,0.5277777777777778,1.5277777777777777,0.026121188980339764,0.4,0.0196078431372549,8,0.8,0.9788657931386814
4613,0,1,0,0,0,0,0.0,0.0,0.0,0.0,0.0,0.0,0,0.0,0.0
4614,0,1,0,0,0,0,0.0,0.0,0.0,0.0,0.0,0.0,0,0.0,0.0
4615,0,36,0,0,0,0,0.0,0.0,0.0,0.0,0.0,0.0,0,0.0,0.0
4616,0,38,0,0,0,0,0.0,0.0,0.0,0.0,0.0,0.0,0,0.0,0.0
4617,0,11,0,0,0,0,0.0,0.0,0.0,0.0,0.0,0.0,0,0.0,0.0
4618,10,38,3,10,9,1,0.9,0.09999999999999998,3.0,0.04228725189363006,1.6666666666666667,0.0326984126984127,1,0.3333333333333333,0.6545257059702043
4619,5,4,1,5,1,4,0.2,0.8,0.2,0.0025974025974025974,0.0,0.0,1,1.0,1.1132827525593785
4620,0,1,0,0,0,0,0.0,0.0,0.0,0.0,0.0,0.0,0,0.0,0.0
4621,0,6,0,0,0,0,0.0,0.0,0.0,0.0,0.0,0.0,0,0.0,0.0
4622,0,1,0,0,0,0,0.0,0.0,0.0,0.0,0.0,0.0,0,0.0,0.0
4623,0,10,0,0,0,0,0.0,0.0,0.0,0.0,0.0,0.0,0,0.0,0.0
4624,0,15,0,0,0,0,0.0,0.0,0.0,0.0,0.0,0.0,0,0.0,0.0
4625,0,35,0,0,0,0,0.0,0.0,0.0,0.0,0.0,0.0,0,0.0,0.0
4626,0,33,0,0,0,0,0.0,0.0,0.0,0.0,0.0,0.0,0,0.0,0.0
4627,0,9,0,0,0,0,0.0,0.0,0.0,0.0,0.0,0.0,0,0.0,0.0
4628,0,25,0,0,0,0,0.0,0.0,0.0,0.0,0.0,0.0,0,0.0,0.0
4629,0,13,0,0,0,0,0.0,0.0,0.0,0.0,0.0,0.0,0,0.0,0.0
4630,0,1,0,0,0,0,0.0,0.0,0.0,0.0,0.0,0.0,0,0.0,0.0
4631,0,38,0,0,0,0,0.0,0.0,0.0,0.0,0.0,0.0,0,0.0,0.0
4632,7,25,2,7,3,4,0.42857142857142855,0.5714285714285714,0.5714285714285714,0.015310271124224614,0.0,0.0,2,1.0,0.6382381606600894
4633,0,39,0,0,0,0,0.0,0.0,0.0,0.0,0.0,0.0,0,0.0,0.0
4634,6,17,1,6,5,1,0.8333333333333334,0.16666666666666663,0.8333333333333334,0.015685240534047334,3.0,0.05172413793103448,0,0.0,0.6732387083908185
4635,0,7,0,0,0,0,0.0,0.0,0.0,0.0,0.0,0.0,0,0.0,0.0
4636,35,34,10,35,10,25,0.2857142857142857,0.7142857142857143,0.4,0.006930027914356144,0.4,0.011569240795047247,6,0.6,1.007923521545425
4637,0,7,0,0,0,0,0.0,0.0,0.0,0.0,0.0,0.0,0,0.0,0.0
4638,0,38,0,0,0,0,0.0,0.0,0.0,0.0,0.0,0.0,0,0.0,0.0
4639,0,10,0,0,0,0,0.0,0.0,0.0,0.0,0.0,0.0,0,0.0,0.0
4640,0,38,0,0,0,0,0.0,0.0,0.0,0.0,0.0,0.0,0,0.0,0.0
4641,2,39,1,2,2,0,1.0,0.0,9.0,0.06919850885368127,17.0,0.11333333333333333,0,0.0,0.2978173459810155
4642,4,25,1,4,2,2,0.5,0.5,1.25,0.030960174577195854,1.0,0.017857142857142856,0,0.0,0.49398103882196526
4643,30,38,8,30,15,15,0.5,0.5,1.0,0.012918168312051658,0.875,0.013196150696150696,5,0.625,0.9373357230423479
4644,4,36,1,4,1,3,0.25,0.75,1.5,0.01,0.0,0.0,1,1.0,0.4457143450418488
4645,16,4,4,16,3,13,0.1875,0.8125,0.1875,0.0073618430423016655,0.0,0.0,4,1.0,1.7603744277225881
4646,0,20,0,0,0,0,0.0,0.0,0.0,0.0,0.0,0.0,0,0.0,0.0
4647,0,1,0,0,0,0,0.0,0.0,0.0,0.0,0.0,0.0,0,0.0,0.0
4648,10,34,2,10,2,8,0.2,0.8,2.1,0.06444444444444444,1.5,0.02586206896551724,1,0.5,0.6744474046779655
4649,63,39,18,63,21,42,0.3333333333333333,0.6666666666666667,0.9841269841269841,0.021346191199466343,1.7222222222222223,0.02134168578601893,9,0.5,1.1274109482546455
4650,0,3,0,0,0,0,0.0,0.0,0.0,0.0,0.0,0.0,0,0.0,0.0
4651,0,38,0,0,0,0,0.0,0.0,0.0,0.0,0.0,0.0,0,0.0,0.0
4652,10,16,3,10,8,2,0.8,0.19999999999999996,1.2,0.015148748165324119,2.0,0.043478260869565216,2,0.6666666666666666,0.846351820920547
4653,23,37,6,23,3,20,0.13043478260869565,0.8695652173913043,0.13043478260869565,0.001923530104866266,0.6666666666666666,0.00648881191929188,3,0.5,0.8736710804362073
4654,0,1,0,0,0,0,0.0,0.0,0.0,0.0,0.0,0.0,0,0.0,0.0
4655,0,10,0,0,0,0,0.0,0.0,0.0,0.0,0.0,0.0,0,0.0,0.0
4656,0,33,0,0,0,0,0.0,0.0,0.0,0.0,0.0,0.0,0,0.0,0.0
4657,0,1,0,0,0,0,0.0,0.0,0.0,0.0,0.0,0.0,0,0.0,0.0
4658,7,2,2,7,1,6,0.14285714285714285,0.8571428571428572,0.14285714285714285,0.02040816326530612,0.0,0.0,2,1.0,1.892789260714372
4659,9,31,2,9,5,4,0.5555555555555556,0.4444444444444444,1.0,0.037262479871175515,0.5,0.011904761904761904,1,0.5,0.6643856189774725
4660,0,1,0,0,0,0,0.0,0.0,0.0,0.0,0.0,0.0,0,0.0,0.0
4661,0,18,0,0,0,0,0.0,0.0,0.0,0.0,0.0,0.0,0,0.0,0.0
4662,5,30,1,5,5,0,1.0,0.0,2.8,0.04267662445348656,2.0,0.07142857142857142,0,0.0,0.521772319619546
4663,0,34,0,0,0,0,0.0,0.0,0.0,0.0,0.0,0.0,0,0.0,0.0
4664,0,4,0,0,0,0,0.0,0.0,0.0,0.0,0.0,0.0,0,0.0,0.0
4665,0,2,0,0,0,0,0.0,0.0,0.0,0.0,0.0,0.0,0,0.0,0.0
4666,14,35,4,14,10,4,0.7142857142857143,0.2857142857142857,1.5,0.02482982411139176,1.75,0.015559573658165208,2,0.5,0.7556957972346928
4667,0,2,0,0,0,0,0.0,0.0,0.0,0.0,0.0,0.0,0,0.0,0.0
4668,0,1,0,0,0,0,0.0,0.0,0.0,0.0,0.0,0.0,0,0.0,0.0
4669,10,33,2,10,8,2,0.8,0.19999999999999996,2.7,0.02966537773920324,1.5,0.02647783251231527,0,0.0,0.6799915255571827
4670,4,5,1,4,1,3,0.25,0.75,0.5,0.003355704697986577,0.0,0.0,1,1.0,0.8982444017039272
4671,3,37,1,3,3,0,1.0,0.0,1.0,0.014894237639208439,0.0,0.0,1,1.0,0.3811028248535468
4672,14,1,4,14,0,14,0.0,1.0,0.0,0.0,0.0,0.0,4,1.0,3.9068905956085187
4673,4,6,1,4,0,4,0.0,1.0,0.0,0.0,0.0,0.0,1,1.0,0.8270874753469162
4674,0,3,0,0,0,0,0.0,0.0,0.0,0.0,0.0,0.0,0,0.0,0.0
4675,0,34,0,0,0,0,0.0,0.0,0.0,0.0,0.0,0.0,0,0.0,0.0
4676,0,39,0,0,0,0,0.0,0.0,0.0,0.0,0.0,0.0,0,0.0,0.0
4677,0,1,0,0,0,0,0.0,0.0,0.0,0.0,0.0,0.0,0,0.0,0.0
4678,0,38,0,0,0,0,0.0,0.0,0.0,0.0,0.0,0.0,0,0.0,0.0
4679,0,35,0,0,0,0,0.0,0.0,0.0,0.0,0.0,0.0,0,0.0,0.0
4680,0,20,0,0,0,0,0.0,0.0,0.0,0.0,0.0,0.0,0,0.0,0.0
4681,1,23,1,1,1,0,1.0,0.0,4.0,0.06451612903225806,2.0,0.025974025974025976,0,0.0,0.21810429198553155
4682,1,24,1,1,1,0,1.0,0.0,5.0,0.0423728813559322,1.0,0.027777777777777776,0,0.0,0.21533827903669653
4683,0,7,0,0,0,0,0.0,0.0,0.0,0.0,0.0,0.0,0,0.0,0.0
4684,4,17,1,4,2,2,0.5,0.5,0.75,0.007301587301587302,0.0,0.0,1,1.0,0.5568273036287807
4685,0,37,0,0,0,0,0.0,0.0,0.0,0.0,0.0,0.0,0,0.0,0.0
4686,0,1,0,0,0,0,0.0,0.0,0.0,0.0,0.0,0.0,0,0.0,0.0
4687,0,5,0,0,0,0,0.0,0.0,0.0,0.0,0.0,0.0,0,0.0,0.0
4688,0,3,0,0,0,0,0.0,0.0,0.0,0.0,0.0,0.0,0,0.0,0.0
4689,3,2,1,3,1,2,0.3333333333333333,0.6666666666666667,0.3333333333333333,0.002898550724637681,0.0,0.0,1,1.0,1.2618595071429148
4690,0,3,0,0,0,0,0.0,0.0,0.0,0.0,0.0,0.0,0,0.0,0.0
4691,3,7,1,3,0,3,0.0,1.0,0.0,0.0,0.0,0.0,1,1.0,0.6666666666666667
4692,0,21,0,0,0,0,0.0,0.0,0.0,0.0,0.0,0.0,0,0.0,0.0
4693,0,1,0,0,0,0,0.0,0.0,0.0,0.0,0.0,0.0,0,0.0,0.0
4694,0,8,0,0,0,0,0.0,0.0,0.0,0.0,0.0,0.0,0,0.0,0.0
4695,0,20,0,0,0,0,0.0,0.0,0.0,0.0,0.0,0.0,0,0.0,0.0
4696,20,15,6,20,4,16,0.2,0.8,0.25,0.002493155078408535,0.0,0.0,6,1.0,1.0980793556946902
4697,0,2,0,0,0,0,0.0,0.0,0.0,0.0,0.0,0.0,0,0.0,0.0
4698,0,2,0,0,0,0,0.0,0.0,0.0,0.0,0.0,0.0,0,0.0,0.0
4699,0,3,0,0,0,0,0.0,0.0,0.0,0.0,0.0,0.0,0,0.0,0.0
4700,70,37,20,70,28,42,0.4,0.6,0.5428571428571428,0.011662229318687298,0.4,0.009678010803010804,13,0.65,1.1718429996890984
4701,0,39,0,0,0,0,0.0,0.0,0.0,0.0,0.0,0.0,0,0.0,0.0
4702,0,1,0,0,0,0,0.0,0.0,0.0,0.0,0.0,0.0,0,0.0,0.0
4703,4,37,1,4,3,1,0.75,0.25,2.0,0.016052631578947367,5.0,0.0641025641025641,0,0.0,0.44244667803419396
4704,0,9,0,0,0,0,0.0,0.0,0.0,0.0,0.0,0.0,0,0.0,0.0
4705,0,27,0,0,0,0,0.0,0.0,0.0,0.0,0.0,0.0,0,0.0,0.0
4706,0,1,0,0,0,0,0.0,0.0,0.0,0.0,0.0,0.0,0,0.0,0.0
4707,0,8,0,0,0,0,0.0,0.0,0.0,0.0,0.0,0.0,0,0.0,0.0
4708,0,25,0,0,0,0,0.0,0.0,0.0,0.0,0.0,0.0,0,0.0,0.0
4709,49,28,14,49,16,33,0.32653061224489793,0.6734693877551021,0.5306122448979592,0.005741094890783852,0.5,0.004547818799588264,10,0.7142857142857143,1.1617699195273437
4710,6,2,1,6,0,6,0.0,1.0,0.0,0.0,0.0,0.0,1,1.0,1.7712437491614221
4711,5,1,1,5,1,4,0.2,0.8,0.2,0.0013333333333333335,0.0,0.0,1,1.0,2.584962500721156
4712,2,1,1,2,0,2,0.0,1.0,0.0,0.0,0.0,0.0,1,1.0,1.5849625007211563
4713,0,13,0,0,0,0,0.0,0.0,0.0,0.0,0.0,0.0,0,0.0,0.0
4714,0,3,0,0,0,0,0.0,0.0,0.0,0.0,0.0,0.0,0,0.0,0.0
4715,0,22,0,0,0,0,0.0,0.0,0.0,0.0,0.0,0.0,0,0.0,0.0
4716,0,11,0,0,0,0,0.0,0.0,0.0,0.0,0.0,0.0,0,0.0,0.0
4717,2,39,1,2,1,1,0.5,0.5,1.5,0.16666666666666666,1.0,0.14285714285714285,0,0.0,0.2978173459810155
4718,0,9,0,0,0,0,0.0,0.0,0.0,0.0,0.0,0.0,0,0.0,0.0
4719,1,27,1,1,1,0,1.0,0.0,1.0,0.023255813953488372,2.0,0.045454545454545456,0,0.0,0.20801459767650946
4720,0,35,0,0,0,0,0.0,0.0,0.0,0.0,0.0,0.0,0,0.0,0.0
4721,26,14,7,26,11,15,0.4230769230769231,0.5769230769230769,0.8846153846153846,0.010495104760433655,1.0,0.023164497187204862,3,0.42857142857142855,1.2170516132466387
4722,0,37,0,0,0,0,0.0,0.0,0.0,0.0,0.0,0.0,0,0.0,0.0
4723,0,6,0,0,0,0,0.0,0.0,0.0,0.0,0.0,0.0,0,0.0,0.0
4724,13,35,4,13,7,6,0.5384615384615384,0.46153846153846156,1.6153846153846154,0.024793671767305174,2.0,0.036348535185744484,1,0.25,0.7364429698681166
4725,12,39,4,12,6,6,0.5,0.5,1.6666666666666667,0.02022881960379652,1.0,0.014743589743589743,2,0.5,0.695319375264767
4726,15,22,4,15,9,6,0.6,0.4,1.4666666666666666,0.02694985970107491,0.5,0.008574263038548753,2,0.5,0.884258917830015
4727,0,13,0,0,0,0,0.0,0.0,0.0,0.0,0.0,0.0,0,0.0,0.0
4728,13,39,4,13,7,6,0.5384615384615384,0.46153846153846156,1.2307692307692308,0.023750651840587503,2.75,0.04939605259405037,1,0.25,0.7154089371698258
4729,0,2,0,0,0,0,0.0,0.0,0.0,0.0,0.0,0.0,0,0.0,0.0
4730,14,38,4,14,4,10,0.2857142857142857,0.7142857142857143,0.2857142857142857,0.004132916763094963,0.75,0.01718678580380708,1,0.25,0.7391851052822103
4731,12,2,3,12,3,9,0.25,0.75,0.25,0.005936238902340597,0.0,0.0,3,1.0,2.3347175194727927
4732,21,1,6,21,0,21,0.0,1.0,0.0,0.0,0.0,0.0,6,1.0,4.459431618637297
4733,2,35,1,2,2,0,1.0,0.0,2.0,0.08831168831168831,1.0,0.045454545454545456,0,0.0,0.30657359638272924
4734,0,24,0,0,0,0,0.0,0.0,0.0,0.0,0.0,0.0,0,0.0,0.0
4735,0,3,0,0,0,0,0.0,0.0,0.0,0.0,0.0,0.0,0,0.0,0.0
4736,0,39,0,0,0,0,0.0,0.0,0.0,0.0,0.0,0.0,0,0.0,0.0
4737,0,4,0,0,0,0,0.0,0.0,0.0,0.0,0.0,0.0,0,0.0,0.0
4738,0,2,0,0,0,0,0.0,0.0,0.0,0.0,0.0,0.0,0,0.0,0.0
4739,0,7,0,0,0,0,0.0,0.0,0.0,0.0,0.0,0.0,0,0.0,0.0
4740,0,5,0,0,0,0,0.0,0.0,0.0,0.0,0.0,0.0,0,0.0,0.0
4741,0,1,0,0,0,0,0.0,0.0,0.0,0.0,0.0,0.0,0,0.0,0.0
4742,0,1,0,0,0,0,0.0,0.0,0.0,0.0,0.0,0.0,0,0.0,0.0
4743,3,36,1,3,0,3,0.0,1.0,0.0,0.0,2.0,0.025974025974025976,0,0.0,0.3839174400131203
4744,0,17,0,0,0,0,0.0,0.0,0.0,0.0,0.0,0.0,0,0.0,0.0
4745,0,1,0,0,0,0,0.0,0.0,0.0,0.0,0.0,0.0,0,0.0,0.0
4746,0,35,0,0,0,0,0.0,0.0,0.0,0.0,0.0,0.0,0,0.0,0.0
4747,2,12,1,2,1,1,0.5,0.5,1.0,0.021739130434782608,0.0,0.0,1,1.0,0.42831734103139474
4748,0,2,0,0,0,0,0.0,0.0,0.0,0.0,0.0,0.0,0,0.0,0.0
4749,0,39,0,0,0,0,0.0,0.0,0.0,0.0,0.0,0.0,0,0.0,0.0
4750,23,3,6,23,3,20,0.13043478260869565,0.8695652173913043,0.13043478260869565,0.002654001223795274,0.0,0.0,6,1.0,2.2924812503605785
4751,0,1,0,0,0,0,0.0,0.0,0.0,0.0,0.0,0.0,0,0.0,0.0
4752,0,1,0,0,0,0,0.0,0.0,0.0,0.0,0.0,0.0,0,0.0,0.0
4753,0,2,0,0,0,0,0.0,0.0,0.0,0.0,0.0,0.0,0,0.0,0.0
4754,3,39,1,3,0,3,0.0,1.0,0.0,0.0,2.0,0.013422818791946308,0,0.0,0.37580364941821515
4755,0,36,0,0,0,0,0.0,0.0,0.0,0.0,0.0,0.0,0,0.0,0.0
4756,0,5,0,0,0,0,0.0,0.0,0.0,0.0,0.0,0.0,0,0.0,0.0
4757,8,35,2,8,4,4,0.5,0.5,1.0,0.019574616680528012,2.0,0.08214285714285714,0,0.0,0.6131471927654585
4758,3,27,1,3,0,3,0.0,1.0,0.0,0.0,0.0,0.0,1,1.0,0.4160291953530189
4759,0,1,0,0,0,0,0.0,0.0,0.0,0.0,0.0,0.0,0,0.0,0.0
4760,4,17,1,4,4,0,1.0,0.0,2.0,0.03597027972027972,4.0,0.05194805194805195,0,0.0,0.5568273036287807
4761,0,1,0,0,0,0,0.0,0.0,0.0,0.0,0.0,0.0,0,0.0,0.0
4762,44,2,12,44,3,41,0.06818181818181818,0.9318181818181819,0.06818181818181818,0.003373498159594416,0.0,0.0,12,1.0,3.4649735207179266
4763,12,31,4,12,7,5,0.5833333333333334,0.41666666666666663,1.0,0.01694364434553388,0.0,0.0,4,1.0,0.7400879436282184
4764,0,37,0,0,0,0,0.0,0.0,0.0,0.0,0.0,0.0,0,0.0,0.0
4765,1,1,1,1,0,1,0.0,1.0,0.0,0.0,0.0,0.0,1,1.0,1.0
4766,0,39,0,0,0,0,0.0,0.0,0.0,0.0,0.0,0.0,0,0.0,0.0
4767,70,34,20,70,34,36,0.4857142857142857,0.5142857142857142,0.9285714285714286,0.013132099693779141,1.05,0.022230324686460086,11,0.55,1.1989486833127627
4768,0,37,0,0,0,0,0.0,0.0,0.0,0.0,0.0,0.0,0,0.0,0.0
4769,0,2,0,0,0,0,0.0,0.0,0.0,0.0,0.0,0.0,0,0.0,0.0
4770,0,28,0,0,0,0,0.0,0.0,0.0,0.0,0.0,0.0,0,0.0,0.0
4771,0,36,0,0,0,0,0.0,0.0,0.0,0.0,0.0,0.0,0,0.0,0.0
4772,1,33,1,1,0,1,0.0,1.0,0.0,0.0,0.0,0.0,1,1.0,0.19656163223282258
4773,7,10,2,7,2,5,0.2857142857142857,0.7142857142857143,0.2857142857142857,0.002594417077175698,0.5,0.0033333333333333335,1,0.5,0.8671944789536634
4774,0,39,0,0,0,0,0.0,0.0,0.0,0.0,0.0,0.0,0,0.0,0.0
4775,0,1,0,0,0,0,0.0,0.0,0.0,0.0,0.0,0.0,0,0.0,0.0
4776,11,39,3,11,8,3,0.7272727272727273,0.2727272727272727,2.4545454545454546,0.0398771798312802,2.0,0.09331651954602775,1,0.3333333333333333,0.6736209953992307
4777,66,39,19,66,22,44,0.3333333333333333,0.6666666666666667,0.8787878787878788,0.013013326379182143,1.0526315789473684,0.015415689099899625,15,0.7894736842105263,1.1398292277352087
4778,0,17,0,0,0,0,0.0,0.0,0.0,0.0,0.0,0.0,0,0.0,0.0
4779,1,4,1,1,0,1,0.0,1.0,0.0,0.0,3.0,0.02,0,0.0,0.43067655807339306
4780,0,11,0,0,0,0,0.0,0.0,0.0,0.0,0.0,0.0,0,0.0,0.0
4781,6,2,1,6,0,6,0.0,1.0,0.0,0.0,0.0,0.0,1,1.0,1.7712437491614221
4782,0,20,0,0,0,0,0.0,0.0,0.0,0.0,0.0,0.0,0,0.0,0.0
4783,0,5,0,0,0,0,0.0,0.0,0.0,0.0,0.0,0.0,0,0.0,0.0
4784,0,35,0,0,0,0,0.0,0.0,0.0,0.0,0.0,0.0,0,0.0,0.0
4785,0,35,0,0,0,0,0.0,0.0,0.0,0.0,0.0,0.0,0,0.0,0.0
4786,1,34,1,1,1,0,1.0,0.0,1.0,0.03225806451612903,0.0,0.0,1,1.0,0.1949590218937863
4787,0,25,0,0,0,0,0.0,0.0,0.0,0.0,0.0,0.0,0,0.0,0.0
4788,0,2,0,0,0,0,0.0,0.0,0.0,0.0,0.0,0.0,0,0.0,0.0
4789,0,2,0,0,0,0,0.0,0.0,0.0,0.0,0.0,0.0,0,0.0,0.0
4790,0,1,0,0,0,0,0.0,0.0,0.0,0.0,0.0,0.0,0,0.0,0.0
4791,0,1,0,0,0,0,0.0,0.0,0.0,0.0,0.0,0.0,0,0.0,0.0
4792,0,38,0,0,0,0,0.0,0.0,0.0,0.0,0.0,0.0,0,0.0,0.0
4793,0,37,0,0,0,0,0.0,0.0,0.0,0.0,0.0,0.0,0,0.0,0.0
4794,4,9,1,4,3,1,0.75,0.25,1.5,0.026198535507046143,0.0,0.0,1,1.0,0.6989700043360187
4795,1,2,1,1,0,1,0.0,1.0,0.0,0.0,0.0,0.0,1,1.0,0.6309297535714574
4796,0,16,0,0,0,0,0.0,0.0,0.0,0.0,0.0,0.0,0,0.0,0.0
4797,2,38,1,2,1,1,0.5,0.5,0.5,0.025,0.0,0.0,1,1.0,0.2998754749572002
4798,0,3,0,0,0,0,0.0,0.0,0.0,0.0,0.0,0.0,0,0.0,0.0
4799,0,39,0,0,0,0,0.0,0.0,0.0,0.0,0.0,0.0,0,0.0,0.0
4800,0,39,0,0,0,0,0.0,0.0,0.0,0.0,0.0,0.0,0,0.0,0.0
4801,0,14,0,0,0,0,0.0,0.0,0.0,0.0,0.0,0.0,0,0.0,0.0
4802,0,8,0,0,0,0,0.0,0.0,0.0,0.0,0.0,0.0,0,0.0,0.0
4803,0,7,0,0,0,0,0.0,0.0,0.0,0.0,0.0,0.0,0,0.0,0.0
4804,0,1,0,0,0,0,0.0,0.0,0.0,0.0,0.0,0.0,0,0.0,0.0
4805,0,18,0,0,0,0,0.0,0.0,0.0,0.0,0.0,0.0,0,0.0,0.0
4806,0,1,0,0,0,0,0.0,0.0,0.0,0.0,0.0,0.0,0,0.0,0.0
4807,2,2,1,2,0,2,0.0,1.0,0.0,0.0,1.0,0.02,0,0.0,1.0
4808,0,1,0,0,0,0,0.0,0.0,0.0,0.0,0.0,0.0,0,0.0,0.0
4809,12,39,4,12,4,8,0.3333333333333333,0.6666666666666667,0.6666666666666666,0.005402298850574712,0.5,0.005028299979785728,2,0.5,0.695319375264767
4810,42,36,12,42,7,35,0.16666666666666666,0.8333333333333334,0.16666666666666666,0.004452801649955988,0.3333333333333333,0.015578847262015577,8,0.6666666666666666,1.0416188367293258
4811,0,5,0,0,0,0,0.0,0.0,0.0,0.0,0.0,0.0,0,0.0,0.0
4812,0,5,0,0,0,0,0.0,0.0,0.0,0.0,0.0,0.0,0,0.0,0.0
4813,0,8,0,0,0,0,0.0,0.0,0.0,0.0,0.0,0.0,0,0.0,0.0
4814,0,4,0,0,0,0,0.0,0.0,0.0,0.0,0.0,0.0,0,0.0,0.0
4815,3,4,1,3,0,3,0.0,1.0,0.0,0.0,0.0,0.0,1,1.0,0.8613531161467861
4816,0,28,0,0,0,0,0.0,0.0,0.0,0.0,0.0,0.0,0,0.0,0.0
4817,0,33,0,0,0,0,0.0,0.0,0.0,0.0,0.0,0.0,0,0.0,0.0
4818,0,38,0,0,0,0,0.0,0.0,0.0,0.0,0.0,0.0,0,0.0,0.0
4819,9,12,2,9,4,5,0.4444444444444444,0.5555555555555556,0.8888888888888888,0.011764448163909745,0.0,0.0,2,1.0,0.8977117175026231
4820,0,36,0,0,0,0,0.0,0.0,0.0,0.0,0.0,0.0,0,0.0,0.0
4821,0,24,0,0,0,0,0.0,0.0,0.0,0.0,0.0,0.0,0,0.0,0.0
4822,7,16,1,7,5,2,0.7142857142857143,0.2857142857142857,0.7142857142857143,0.010865162677243214,0.0,0.0,1,1.0,0.733951626354678
4823,0,8,0,0,0,0,0.0,0.0,0.0,0.0,0.0,0.0,0,0.0,0.0
4824,0,35,0,0,0,0,0.0,0.0,0.0,0.0,0.0,0.0,0,0.0,0.0
4825,4,36,1,4,0,4,0.0,1.0,0.0,0.0,1.0,0.00909090909090909,0,0.0,0.4457143450418488
4826,0,2,0,0,0,0,0.0,0.0,0.0,0.0,0.0,0.0,0,0.0,0.0
4827,0,33,0,0,0,0,0.0,0.0,0.0,0.0,0.0,0.0,0,0.0,0.0
4828,25,11,7,25,5,20,0.2,0.8,0.32,0.004712931196742282,0.0,0.0,7,1.0,1.3111545008338428
4829,0,8,0,0,0,0,0.0,0.0,0.0,0.0,0.0,0.0,0,0.0,0.0
4830,3,36,1,3,2,1,0.6666666666666666,0.33333333333333337,3.0,0.02877070619006103,1.0,0.006711409395973154,0,0.0,0.3839174400131203
4831,0,1,0,0,0,0,0.0,0.0,0.0,0.0,0.0,0.0,0,0.0,0.0
4832,0,39,0,0,0,0,0.0,0.0,0.0,0.0,0.0,0.0,0,0.0,0.0
4833,0,28,0,0,0,0,0.0,0.0,0.0,0.0,0.0,0.0,0,0.0,0.0
4834,4,10,1,4,2,2,0.5,0.5,0.5,0.011044973544973545,0.0,0.0,1,1.0,0.6711877414712396
4835,0,2,0,0,0,0,0.0,0.0,0.0,0.0,0.0,0.0,0,0.0,0.0
4836,1,23,1,1,1,0,1.0,0.0,1.0,0.007142857142857143,3.0,0.0410958904109589,0,0.0,0.21810429198553155
4837,0,1,0,0,0,0,0.0,0.0,0.0,0.0,0.0,0.0,0,0.0,0.0
4838,0,2,0,0,0,0,0.0,0.0,0.0,0.0,0.0,0.0,0,0.0,0.0
4839,0,30,0,0,0,0,0.0,0.0,0.0,0.0,0.0,0.0,0,0.0,0.0
4840,0,7,0,0,0,0,0.0,0.0,0.0,0.0,0.0,0.0,0,0.0,0.0
4841,0,20,0,0,0,0,0.0,0.0,0.0,0.0,0.0,0.0,0,0.0,0.0
4842,8,3,2,8,1,7,0.125,0.875,0.125,0.0008333333333333334,0.0,0.0,2,1.0,1.5849625007211563
4843,1,28,1,1,1,0,1.0,0.0,1.0,0.012048192771084338,6.0,0.2608695652173913,0,0.0,0.20584683246043445
4844,15,38,4,15,10,5,0.6666666666666666,0.33333333333333337,1.8,0.04324698016887173,2.5,0.04813712522045855,1,0.25,0.7568014380674801
4845,0,1,0,0,0,0,0.0,0.0,0.0,0.0,0.0,0.0,0,0.0,0.0
4846,0,28,0,0,0,0,0.0,0.0,0.0,0.0,0.0,0.0,0,0.0,0.0
4847,0,37,0,0,0,0,0.0,0.0,0.0,0.0,0.0,0.0,0,0.0,0.0
4848,0,1,0,0,0,0,0.0,0.0,0.0,0.0,0.0,0.0,0,0.0,0.0
4849,0,6,0,0,0,0,0.0,0.0,0.0,0.0,0.0,0.0,0,0.0,0.0
4850,0,13,0,0,0,0,0.0,0.0,0.0,0.0,0.0,0.0,0,0.0,0.0
4851,14,37,4,14,13,1,0.9285714285714286,0.0714285714285714,2.0714285714285716,0.025850861392345333,1.25,0.014724576271186441,2,0.5,0.7444635211900812
4852,0,3,0,0,0,0,0.0,0.0,0.0,0.0,0.0,0.0,0,0.0,0.0
4853,0,1,0,0,0,0,0.0,0.0,0.0,0.0,0.0,0.0,0,0.0,0.0
4854,3,9,1,3,1,2,0.3333333333333333,0.6666666666666667,0.6666666666666666,0.015151515151515152,1.0,0.007042253521126761,0,0.0,0.6020599913279623
4855,0,32,0,0,0,0,0.0,0.0,0.0,0.0,0.0,0.0,0,0.0,0.0
4856,4,21,1,4,4,0,1.0,0.0,2.0,0.034486346986346984,5.0,0.04310344827586207,0,0.0,0.5206780355557714
4857,0,37,0,0,0,0,0.0,0.0,0.0,0.0,0.0,0.0,0,0.0,0.0
4858,6,9,1,6,2,4,0.3333333333333333,0.6666666666666667,0.3333333333333333,0.014197530864197531,1.0,0.041666666666666664,0,0.0,0.8450980400142567
4859,3,1,1,3,0,3,0.0,1.0,0.0,0.0,1.0,0.045454545454545456,0,0.0,2.0
4860,3,32,1,3,3,0,1.0,0.0,4.666666666666667,0.11456376162258515,8.0,0.10256410256410256,0,0.0,0.39647972634112105
4861,0,17,0,0,0,0,0.0,0.0,0.0,0.0,0.0,0.0,0,0.0,0.0
4862,0,1,0,0,0,0,0.0,0.0,0.0,0.0,0.0,0.0,0,0.0,0.0
4863,13,39,4,13,8,5,0.6153846153846154,0.3846153846153846,1.2307692307692308,0.03341003197890497,4.25,0.04657466767978227,1,0.25,0.7154089371698258
4864,0,2,0,0,0,0,0.0,0.0,0.0,0.0,0.0,0.0,0,0.0,0.0
4865,7,38,2,7,6,1,0.8571428571428571,0.1428571428571429,2.5714285714285716,0.04714951571434857,2.0,0.06818181818181818,0,0.0,0.56760107855061
4866,0,8,0,0,0,0,0.0,0.0,0.0,0.0,0.0,0.0,0,0.0,0.0
4867,0,1,0,0,0,0,0.0,0.0,0.0,0.0,0.0,0.0,0,0.0,0.0
4868,31,23,8,31,23,8,0.7419354838709677,0.25806451612903225,1.4516129032258065,0.025578308773616908,1.875,0.03167003553215783,2,0.25,1.0905214599276578
4869,24,32,7,24,10,14,0.4166666666666667,0.5833333333333333,0.625,0.009793511615180425,0.42857142857142855,0.0038295038295038295,5,0.7142857142857143,0.920597415644702
4870,1,3,1,1,0,1,0.0,1.0,0.0,0.0,0.0,0.0,1,1.0,0.5
4871,7,12,2,7,2,5,0.2857142857142857,0.7142857142857143,0.2857142857142857,0.003811489218328841,0.0,0.0,2,1.0,0.8107144632819592
4872,0,1,0,0,0,0,0.0,0.0,0.0,0.0,0.0,0.0,0,0.0,0.0
4873,0,6,0,0,0,0,0.0,0.0,0.0,0.0,0.0,0.0,0,0.0,0.0
4874,17,39,4,17,12,5,0.7058823529411765,0.2941176470588235,2.8823529411764706,0.04668592098183848,3.0,0.053454963227006734,0,0.0,0.7835365166711385
4875,26,34,8,26,17,9,0.6538461538461539,0.34615384615384615,1.8076923076923077,0.03593782512099423,2.25,0.03578186648868221,2,0.25,0.9270082166367786
4876,2,4,1,2,0,2,0.0,1.0,0.0,0.0,0.0,0.0,1,1.0,0.6826061944859854
4877,1,10,1,1,0,1,0.0,1.0,0.0,0.0,0.0,0.0,1,1.0,0.2890648263178878
4878,20,34,6,20,12,8,0.6,0.4,1.35,0.016466441423945936,1.6666666666666667,0.019321573779280062,2,0.3333333333333333,0.8563219085919834
4879,2,36,1,2,2,0,1.0,0.0,2.5,0.02285678105609725,1.0,0.014705882352941176,0,0.0,0.30424737289682985
4880,0,8,0,0,0,0,0.0,0.0,0.0,0.0,0.0,0.0,0,0.0,0.0
4881,0,7,0,0,0,0,0.0,0.0,0.0,0.0,0.0,0.0,0,0.0,0.0
4882,0,26,0,0,0,0,0.0,0.0,0.0,0.0,0.0,0.0,0,0.0,0.0
4883,2,38,1,2,1,1,0.5,0.5,0.5,0.017857142857142856,4.0,0.06349206349206349,0,0.0,0.2998754749572002
4884,0,39,0,0,0,0,0.0,0.0,0.0,0.0,0.0,0.0,0,0.0,0.0
4885,0,1,0,0,0,0,0.0,0.0,0.0,0.0,0.0,0.0,0,0.0,0.0
4886,0,2,0,0,0,0,0.0,0.0,0.0,0.0,0.0,0.0,0,0.0,0.0
4887,0,8,0,0,0,0,0.0,0.0,0.0,0.0,0.0,0.0,0,0.0,0.0
4888,9,2,2,9,2,7,0.2222222222222222,0.7777777777777778,0.2222222222222222,0.004577129779629201,0.0,0.0,2,1.0,2.095903274289385
4889,4,25,1,4,3,1,0.75,0.25,1.75,0.04080231848688224,0.0,0.0,1,1.0,0.49398103882196526
4890,0,1,0,0,0,0,0.0,0.0,0.0,0.0,0.0,0.0,0,0.0,0.0
4891,0,2,0,0,0,0,0.0,0.0,0.0,0.0,0.0,0.0,0,0.0,0.0
4892,23,10,6,23,10,13,0.43478260869565216,0.5652173913043479,0.9130434782608695,0.04426486861174508,1.3333333333333333,0.026420121308197073,0,0.0,1.3253513889449897
4893,0,11,0,0,0,0,0.0,0.0,0.0,0.0,0.0,0.0,0,0.0,0.0
4894,0,1,0,0,0,0,0.0,0.0,0.0,0.0,0.0,0.0,0,0.0,0.0
4895,4,13,1,4,3,1,0.75,0.25,1.0,0.015707201444354106,0.0,0.0,1,1.0,0.6098533345119623
4896,26,39,8,26,10,16,0.38461538461538464,0.6153846153846154,0.8076923076923077,0.016052962472425193,0.375,0.0375,6,0.75,0.8934520379430465
4897,0,2,0,0,0,0,0.0,0.0,0.0,0.0,0.0,0.0,0,0.0,0.0
4898,0,8,0,0,0,0,0.0,0.0,0.0,0.0,0.0,0.0,0,0.0,0.0
4899,1,36,1,1,0,1,0.0,1.0,0.0,0.0,1.0,0.006802721088435374,0,0.0,0.19195872000656014
4900,0,2,0,0,0,0,0.0,0.0,0.0,0.0,0.0,0.0,0,0.0,0.0
4901,0,22,0,0,0,0,0.0,0.0,0.0,0.0,0.0,0.0,0,0.0,0.0
4902,23,29,6,23,6,17,0.2608695652173913,0.7391304347826086,0.5217391304347826,0.009780695522383502,0.16666666666666666,0.0023148148148148147,5,0.8333333333333334,0.934392648742673
4903,0,2,0,0,0,0,0.0,0.0,0.0,0.0,0.0,0.0,0,0.0,0.0
4904,0,9,0,0,0,0,0.0,0.0,0.0,0.0,0.0,0.0,0,0.0,0.0
4905,0,15,0,0,0,0,0.0,0.0,0.0,0.0,0.0,0.0,0,0.0,0.0
4906,0,10,0,0,0,0,0.0,0.0,0.0,0.0,0.0,0.0,0,0.0,0.0
4907,0,1,0,0,0,0,0.0,0.0,0.0,0.0,0.0,0.0,0,0.0,0.0
4908,0,37,0,0,0,0,0.0,0.0,0.0,0.0,0.0,0.0,0,0.0,0.0
4909,13,39,4,13,10,3,0.7692307692307693,0.23076923076923073,2.5384615384615383,0.03757856379572058,3.75,0.040720786484209306,0,0.0,0.7154089371698258
4910,0,12,0,0,0,0,0.0,0.0,0.0,0.0,0.0,0.0,0,0.0,0.0
4911,27,9,8,27,18,9,0.6666666666666666,0.33333333333333337,0.9259259259259259,0.028475727321546126,1.75,0.03702086305835304,3,0.375,1.447158031342219
4912,0,1,0,0,0,0,0.0,0.0,0.0,0.0,0.0,0.0,0,0.0,0.0
4913,0,39,0,0,0,0,0.0,0.0,0.0,0.0,0.0,0.0,0,0.0,0.0
4914,17,37,5,17,13,4,0.7647058823529411,0.23529411764705888,1.7058823529411764,0.06506686003707535,0.8,0.03984126984126984,2,0.4,0.7945850987385477
4915,1,24,1,1,1,0,1.0,0.0,1.0,0.02,2.0,0.038461538461538464,0,0.0,0.21533827903669653
4916,0,31,0,0,0,0,0.0,0.0,0.0,0.0,0.0,0.0,0,0.0,0.0
4917,0,8,0,0,0,0,0.0,0.0,0.0,0.0,0.0,0.0,0,0.0,0.0
4918,0,4,0,0,0,0,0.0,0.0,0.0,0.0,0.0,0.0,0,0.0,0.0
4919,0,27,0,0,0,0,0.0,0.0,0.0,0.0,0.0,0.0,0,0.0,0.0
4920,0,28,0,0,0,0,0.0,0.0,0.0,0.0,0.0,0.0,0,0.0,0.0
4921,7,5,2,7,3,4,0.42857142857142855,0.5714285714285714,0.7142857142857143,0.007636047663086435,1.0,0.03225806451612903,1,0.5,1.1605584217036247
4922,0,34,0,0,0,0,0.0,0.0,0.0,0.0,0.0,0.0,0,0.0,0.0
4923,0,12,0,0,0,0,0.0,0.0,0.0,0.0,0.0,0.0,0,0.0,0.0
4924,1,2,1,1,0,1,0.0,1.0,0.0,0.0,0.0,0.0,1,1.0,0.6309297535714574
4925,0,1,0,0,0,0,0.0,0.0,0.0,0.0,0.0,0.0,0,0.0,0.0
4926,23,16,6,23,14,9,0.6086956521739131,0.3913043478260869,1.1304347826086956,0.014236773430358686,1.0,0.010033472439575726,2,0.3333333333333333,1.1217135613931681
4927,0,16,0,0,0,0,0.0,0.0,0.0,0.0,0.0,0.0,0,0.0,0.0
4928,0,21,0,0,0,0,0.0,0.0,0.0,0.0,0.0,0.0,0,0.0,0.0
4929,1,33,1,1,1,0,1.0,0.0,1.0,0.023255813953488372,0.0,0.0,1,1.0,0.19656163223282258
4930,9,38,2,9,6,3,0.6666666666666666,0.33333333333333337,1.3333333333333333,0.012750096449760474,1.0,0.010638297872340425,1,0.5,0.6285099898418802
4931,0,8,0,0,0,0,0.0,0.0,0.0,0.0,0.0,0.0,0,0.0,0.0
4932,0,38,0,0,0,0,0.0,0.0,0.0,0.0,0.0,0.0,0,0.0,0.0
4933,0,35,0,0,0,0,0.0,0.0,0.0,0.0,0.0,0.0,0,0.0,0.0
4934,0,29,0,0,0,0,0.0,0.0,0.0,0.0,0.0,0.0,0,0.0,0.0
4935,0,5,0,0,0,0,0.0,0.0,0.0,0.0,0.0,0.0,0,0.0,0.0
4936,0,15,0,0,0,0,0.0,0.0,0.0,0.0,0.0,0.0,0,0.0,0.0
4937,1,37,1,1,1,0,1.0,0.0,3.0,0.03125,1.0,0.06666666666666667,0,0.0,0.1905514124267734
4938,0,35,0,0,0,0,0.0,0.0,0.0,0.0,0.0,0.0,0,0.0,0.0
4939,1,38,1,1,1,0,1.0,0.0,2.0,0.013333333333333334,6.0,0.08695652173913043,0,0.0,0.18920035951687003
4940,0,2,0,0,0,0,0.0,0.0,0.0,0.0,0.0,0.0,0,0.0,0.0
4941,44,1,12,44,2,42,0.045454545454545456,0.9545454545454546,0.045454545454545456,0.0009225317693059628,0.08333333333333333,0.0012077294685990338,11,0.9166666666666666,5.491853096329675
4942,0,3,0,0,0,0,0.0,0.0,0.0,0.0,0.0,0.0,0,0.0,0.0
4943,0,39,0,0,0,0,0.0,0.0,0.0,0.0,0.0,0.0,0,0.0,0.0
4944,0,39,0,0,0,0,0.0,0.0,0.0,0.0,0.0,0.0,0,0.0,0.0
4945,0,2,0,0,0,0,0.0,0.0,0.0,0.0,0.0,0.0,0,0.0,0.0
4946,0,10,0,0,0,0,0.0,0.0,0.0,0.0,0.0,0.0,0,0.0,0.0
4947,1,27,1,1,1,0,1.0,0.0,2.0,0.08695652173913043,1.0,0.024390243902439025,0,0.0,0.20801459767650946
4948,12,26,3,12,8,4,0.6666666666666666,0.33333333333333337,1.0,0.023676228169925442,0.6666666666666666,0.007539335664335664,1,0.3333333333333333,0.7782391731575976
4949,0,3,0,0,0,0,0.0,0.0,0.0,0.0,0.0,0.0,0,0.0,0.0
4950,41,39,12,41,37,4,0.9024390243902439,0.09756097560975607,2.4390243902439024,0.07319755895396246,2.25,0.1066408521986106,2,0.16666666666666666,1.0132262831508414
4951,51,34,14,51,24,27,0.47058823529411764,0.5294117647058824,0.803921568627451,0.015565725515545106,1.4285714285714286,0.023868669227428467,3,0.21428571428571427,1.1113521518132783
4952,0,14,0,0,0,0,0.0,0.0,0.0,0.0,0.0,0.0,0,0.0,0.0
4953,0,5,0,0,0,0,0.0,0.0,0.0,0.0,0.0,0.0,0,0.0,0.0
4954,0,2,0,0,0,0,0.0,0.0,0.0,0.0,0.0,0.0,0,0.0,0.0
4955,0,36,0,0,0,0,0.0,0.0,0.0,0.0,0.0,0.0,0,0.0,0.0
4956,4,1,1,4,1,3,0.25,0.75,0.25,0.0020833333333333333,0.0,0.0,1,1.0,2.321928094887362
4957,0,35,0,0,0,0,0.0,0.0,0.0,0.0,0.0,0.0,0,0.0,0.0
4958,0,1,0,0,0,0,0.0,0.0,0.0,0.0,0.0,0.0,0,0.0,0.0
4959,0,2,0,0,0,0,0.0,0.0,0.0,0.0,0.0,0.0,0,0.0,0.0
4960,0,3,0,0,0,0,0.0,0.0,0.0,0.0,0.0,0.0,0,0.0,0.0
4961,0,37,0,0,0,0,0.0,0.0,0.0,0.0,0.0,0.0,0,0.0,0.0
4962,3,5,1,3,1,2,0.3333333333333333,0.6666666666666667,0.6666666666666666,0.019047619047619046,1.0,0.0078125,0,0.0,0.7737056144690831
4963,0,23,0,0,0,0,0.0,0.0,0.0,0.0,0.0,0.0,0,0.0,0.0
4964,0,2,0,0,0,0,0.0,0.0,0.0,0.0,0.0,0.0,0,0.0,0.0
4965,10,38,3,10,3,7,0.3,0.7,0.3,0.013445932237776426,1.3333333333333333,0.017662620603797075,1,0.3333333333333333,0.6545257059702043
4966,3,17,1,3,1,2,0.3333333333333333,0.6666666666666667,0.3333333333333333,0.0022222222222222222,1.0,0.02040816326530612,0,0.0,0.4796249331362629
4967,0,3,0,0,0,0,0.0,0.0,0.0,0.0,0.0,0.0,0,0.0,0.0
4968,0,24,0,0,0,0,0.0,0.0,0.0,0.0,0.0,0.0,0,0.0,0.0
4969,10,32,2,10,7,3,0.7,0.30000000000000004,2.5,0.028789633952811356,6.0,0.0582037643207856,0,0.0,0.6857972507265686
4970,0,1,0,0,0,0,0.0,0.0,0.0,0.0,0.0,0.0,0,0.0,0.0
4971,9,17,2,9,4,5,0.4444444444444444,0.5555555555555556,1.0,0.010476373809707144,2.0,0.02702702702702703,1,0.5,0.7966397701969122
4972,0,6,0,0,0,0,0.0,0.0,0.0,0.0,0.0,0.0,0,0.0,0.0
4973,6,9,1,6,2,4,0.3333333333333333,0.6666666666666667,0.3333333333333333,0.01597222222222222,0.0,0.0,1,1.0,0.8450980400142567
4974,0,3,0,0,0,0,0.0,0.0,0.0,0.0,0.0,0.0,0,0.0,0.0
4975,0,17,0,0,0,0,0.0,0.0,0.0,0.0,0.0,0.0,0,0.0,0.0
4976,0,37,0,0,0,0,0.0,0.0,0.0,0.0,0.0,0.0,0,0.0,0.0
4977,0,1,0,0,0,0,0.0,0.0,0.0,0.0,0.0,0.0,0,0.0,0.0
4978,1,32,1,1,0,1,0.0,1.0,0.0,0.0,0.0,0.0,1,1.0,0.19823986317056053
4979,0,1,0,0,0,0,0.0,0.0,0.0,0.0,0.0,0.0,0,0.0,0.0
4980,0,1,0,0,0,0,0.0,0.0,0.0,0.0,0.0,0.0,0,0.0,0.0
4981,0,4,0,0,0,0,0.0,0.0,0.0,0.0,0.0,0.0,0,0.0,0.0
4982,1,36,1,1,1,0,1.0,0.0,5.0,0.11363636363636363,1.0,0.018518518518518517,0,0.0,0.19195872000656014
4983,0,5,0,0,0,0,0.0,0.0,0.0,0.0,0.0,0.0,0,0.0,0.0
4984,0,21,0,0,0,0,0.0,0.0,0.0,0.0,0.0,0.0,0,0.0,0.0
4985,0,11,0,0,0,0,0.0,0.0,0.0,0.0,0.0,0.0,0,0.0,0.0
4986,0,1,0,0,0,0,0.0,0.0,0.0,0.0,0.0,0.0,0,0.0,0.0
4987,2,39,1,2,1,1,0.5,0.5,0.5,0.006756756756756757,0.0,0.0,1,1.0,0.2978173459810155
4988,0,38,0,0,0,0,0.0,0.0,0.0,0.0,0.0,0.0,0,0.0,0.0
4989,1,17,1,1,0,1,0.0,1.0,0.0,0.0,0.0,0.0,1,1.0,0.23981246656813146
4990,2,13,1,2,2,0,1.0,0.0,1.0,0.028985507246376812,3.0,0.030927835051546393,0,0.0,0.4162896638657993
4991,0,31,0,0,0,0,0.0,0.0,0.0,0.0,0.0,0.0,0,0.0,0.0
4992,14,9,4,14,3,11,0.21428571428571427,0.7857142857142857,0.35714285714285715,0.0029226067599163316,0.25,0.006578947368421052,3,0.75,1.1760912590556811
4993,3,38,1,3,0,3,0.0,1.0,0.0,0.0,0.0,0.0,1,1.0,0.37840071903374006
4994,0,3,0,0,0,0,0.0,0.0,0.0,0.0,0.0,0.0,0,0.0,0.0
4995,3,34,1,3,3,0,1.0,0.0,2.3333333333333335,0.06768607736349672,3.0,0.125,0,0.0,0.3899180437875726
4996,0,18,0,0,0,0,0.0,0.0,0.0,0.0,0.0,0.0,0,0.0,0.0
4997,0,39,0,0,0,0,0.0,0.0,0.0,0.0,0.0,0.0,0,0.0,0.0
4998,7,35,2,7,3,4,0.42857142857142855,0.5714285714285714,2.0,0.0142296918767507,2.5,0.09054054054054055,0,0.0,0.5802792108518123
4999,0,39,0,0,0,0,0.0,0.0,0.0,0.0,0.0,0.0,0,0.0,0.0
5000,2,5,1,2,1,1,0.5,0.5,0.5,0.021739130434782608,0.0,0.0,1,1.0,0.6131471927654585
5001,2,1,1,2,0,2,0.0,1.0,0.0,0.0,0.0,0.0,1,1.0,1.5849625007211563
5002,10,35,3,10,6,4,0.6,0.4,0.9,0.033480210265924557,1.0,0.017241379310344827,2,0.6666666666666666,0.6691454165528863
5003,0,1,0,0,0,0,0.0,0.0,0.0,0.0,0.0,0.0,0,0.0,0.0
5004,0,10,0,0,0,0,0.0,0.0,0.0,0.0,0.0,0.0,0,0.0,0.0
5005,0,1,0,0,0,0,0.0,0.0,0.0,0.0,0.0,0.0,0,0.0,0.0
5006,0,4,0,0,0,0,0.0,0.0,0.0,0.0,0.0,0.0,0,0.0,0.0
5007,0,3,0,0,0,0,0.0,0.0,0.0,0.0,0.0,0.0,0,0.0,0.0
5008,31,27,9,31,9,22,0.2903225806451613,0.7096774193548387,0.5483870967741935,0.010528663484446832,0.6666666666666666,0.029685115827437922,6,0.6666666666666666,1.0400729883825472
5009,10,21,3,10,6,4,0.6,0.4,1.4,0.01834222457289627,0.3333333333333333,0.0022371364653243847,2,0.6666666666666666,0.7757561757824245
5010,2,6,1,2,2,0,1.0,0.0,1.5,0.021846846846846846,1.0,0.008,0,0.0,0.5645750340535797
5011,0,0,0,0,0,0,0.0,0.0,0.0,0.0,0.0,0.0,0,0.0,0.0
5012,0,1,0,0,0,0,0.0,0.0,0.0,0.0,0.0,0.0,0,0.0,0.0
5013,0,1,0,0,0,0,0.0,0.0,0.0,0.0,0.0,0.0,0,0.0,0.0
5014,2,36,1,2,1,1,0.5,0.5,1.0,0.022727272727272728,1.0,0.0625,0,0.0,0.30424737289682985
5015,1,36,1,1,0,1,0.0,1.0,0.0,0.0,1.0,0.008771929824561403,0,0.0,0.19195872000656014
5016,0,9,0,0,0,0,0.0,0.0,0.0,0.0,0.0,0.0,0,0.0,0.0
5017,0,14,0,0,0,0,0.0,0.0,0.0,0.0,0.0,0.0,0,0.0,0.0
5018,0,9,0,0,0,0,0.0,0.0,0.0,0.0,0.0,0.0,0,0.0,0.0
5019,0,31,0,0,0,0,0.0,0.0,0.0,0.0,0.0,0.0,0,0.0,0.0
5020,0,14,0,0,0,0,0.0,0.0,0.0,0.0,0.0,0.0,0,0.0,0.0
5021,0,25,0,0,0,0,0.0,0.0,0.0,0.0,0.0,0.0,0,0.0,0.0
5022,0,33,0,0,0,0,0.0,0.0,0.0,0.0,0.0,0.0,0,0.0,0.0
5023,0,1,0,0,0,0,0.0,0.0,0.0,0.0,0.0,0.0,0,0.0,0.0
5024,0,3,0,0,0,0,0.0,0.0,0.0,0.0,0.0,0.0,0,0.0,0.0
5025,0,1,0,0,0,0,0.0,0.0,0.0,0.0,0.0,0.0,0,0.0,0.0
5026,4,1,1,4,0,4,0.0,1.0,0.0,0.0,0.0,0.0,1,1.0,2.321928094887362
5027,0,2,0,0,0,0,0.0,0.0,0.0,0.0,0.0,0.0,0,0.0,0.0
5028,0,5,0,0,0,0,0.0,0.0,0.0,0.0,0.0,0.0,0,0.0,0.0
5029,0,1,0,0,0,0,0.0,0.0,0.0,0.0,0.0,0.0,0,0.0,0.0
5030,18,34,5,18,8,10,0.4444444444444444,0.5555555555555556,0.7222222222222222,0.009596938471016838,0.6,0.006060606060606061,4,0.8,0.8281717930966652
5031,4,4,1,4,3,1,0.75,0.25,0.75,0.009636354541816727,1.0,0.006666666666666667,0,0.0,1.0
5032,0,8,0,0,0,0,0.0,0.0,0.0,0.0,0.0,0.0,0,0.0,0.0
5033,0,8,0,0,0,0,0.0,0.0,0.0,0.0,0.0,0.0,0,0.0,0.0
5034,0,2,0,0,0,0,0.0,0.0,0.0,0.0,0.0,0.0,0,0.0,0.0
5035,0,1,0,0,0,0,0.0,0.0,0.0,0.0,0.0,0.0,0,0.0,0.0
5036,0,32,0,0,0,0,0.0,0.0,0.0,0.0,0.0,0.0,0,0.0,0.0
5037,0,38,0,0,0,0,0.0,0.0,0.0,0.0,0.0,0.0,0,0.0,0.0
5038,0,6,0,0,0,0,0.0,0.0,0.0,0.0,0.0,0.0,0,0.0,0.0
5039,1,37,1,1,0,1,0.0,1.0,0.0,0.0,1.0,0.009523809523809525,0,0.0,0.1905514124267734
5040,0,1,0,0,0,0,0.0,0.0,0.0,0.0,0.0,0.0,0,0.0,0.0
5041,0,20,0,0,0,0,0.0,0.0,0.0,0.0,0.0,0.0,0,0.0,0.0
5042,3,21,1,3,2,1,0.6666666666666666,0.33333333333333337,1.0,0.011261898030345866,0.0,0.0,1,1.0,0.4484876484351508
5043,12,8,3,12,0,12,0.0,1.0,0.0,0.0,0.0,0.0,3,1.0,1.1673587597363964
5044,21,8,6,21,3,18,0.14285714285714285,0.8571428571428572,0.14285714285714285,0.0010948272927848734,0.3333333333333333,0.005782312925170068,4,0.6666666666666666,1.4067940461077977
5045,0,7,0,0,0,0,0.0,0.0,0.0,0.0,0.0,0.0,0,0.0,0.0
5046,3,7,1,3,1,2,0.3333333333333333,0.6666666666666667,0.6666666666666666,0.0044444444444444444,0.0,0.0,1,1.0,0.6666666666666667
5047,0,4,0,0,0,0,0.0,0.0,0.0,0.0,0.0,0.0,0,0.0,0.0
5048,0,38,0,0,0,0,0.0,0.0,0.0,0.0,0.0,0.0,0,0.0,0.0
5049,3,4,1,3,2,1,0.6666666666666666,0.33333333333333337,1.0,0.016101207590569294,2.0,0.03571428571428571,0,0.0,0.8613531161467861
5050,7,10,2,7,1,6,0.14285714285714285,0.8571428571428572,0.14285714285714285,0.015873015873015872,0.0,0.0,2,1.0,0.8671944789536634
5051,11,39,3,11,4,7,0.36363636363636365,0.6363636363636364,1.0,0.017194850603941512,1.0,0.015576275576275575,0,0.0,0.6736209953992307
5052,0,29,0,0,0,0,0.0,0.0,0.0,0.0,0.0,0.0,0,0.0,0.0
5053,10,4,2,10,3,7,0.3,0.7,0.4,0.005216377398883707,0.0,0.0,2,1.0,1.4898961024049782
5054,0,1,0,0,0,0,0.0,0.0,0.0,0.0,0.0,0.0,0,0.0,0.0
5055,1,36,1,1,1,0,1.0,0.0,1.0,0.09090909090909091,2.0,0.02564102564102564,0,0.0,0.19195872000656014
5056,0,3,0,0,0,0,0.0,0.0,0.0,0.0,0.0,0.0,0,0.0,0.0
5057,0,7,0,0,0,0,0.0,0.0,0.0,0.0,0.0,0.0,0,0.0,0.0
5058,0,2,0,0,0,0,0.0,0.0,0.0,0.0,0.0,0.0,0,0.0,0.0
5059,0,32,0,0,0,0,0.0,0.0,0.0,0.0,0.0,0.0,0,0.0,0.0
5060,0,5,0,0,0,0,0.0,0.0,0.0,0.0,0.0,0.0,0,0.0,0.0
5061,6,38,1,6,0,6,0.0,1.0,0.0,0.0,0.0,0.0,1,1.0,0.5311525605447533
5062,2,38,1,2,1,1,0.5,0.5,4.5,0.030405405405405407,10.0,0.06666666666666667,0,0.0,0.2998754749572002
5063,0,5,0,0,0,0,0.0,0.0,0.0,0.0,0.0,0.0,0,0.0,0.0
5064,0,3,0,0,0,0,0.0,0.0,0.0,0.0,0.0,0.0,0,0.0,0.0
5065,0,15,0,0,0,0,0.0,0.0,0.0,0.0,0.0,0.0,0,0.0,0.0
5066,5,39,1,5,4,1,0.8,0.19999999999999996,3.6,0.032952380952380955,1.0,0.04,0,0.0,0.48571917069012305
5067,19,38,6,19,10,9,0.5263157894736842,0.4736842105263158,1.0,0.012214583779353826,0.8333333333333334,0.02517202995345072,2,0.3333333333333333,0.8177103493587502
5068,0,6,0,0,0,0,0.0,0.0,0.0,0.0,0.0,0.0,0,0.0,0.0
5069,0,1,0,0,0,0,0.0,0.0,0.0,0.0,0.0,0.0,0,0.0,0.0
5070,0,3,0,0,0,0,0.0,0.0,0.0,0.0,0.0,0.0,0,0.0,0.0
5071,0,24,0,0,0,0,0.0,0.0,0.0,0.0,0.0,0.0,0,0.0,0.0
5072,7,11,1,7,4,3,0.5714285714285714,0.4285714285714286,1.5714285714285714,0.049485943244611766,1.0,0.03333333333333333,0,0.0,0.8368288369533894
5073,0,5,0,0,0,0,0.0,0.0,0.0,0.0,0.0,0.0,0,0.0,0.0
5074,0,1,0,0,0,0,0.0,0.0,0.0,0.0,0.0,0.0,0,0.0,0.0
5075,1,2,1,1,0,1,0.0,1.0,0.0,0.0,0.0,0.0,1,1.0,0.6309297535714574
5076,0,8,0,0,0,0,0.0,0.0,0.0,0.0,0.0,0.0,0,0.0,0.0
5077,0,18,0,0,0,0,0.0,0.0,0.0,0.0,0.0,0.0,0,0.0,0.0
5078,0,4,0,0,0,0,0.0,0.0,0.0,0.0,0.0,0.0,0,0.0,0.0
5079,0,32,0,0,0,0,0.0,0.0,0.0,0.0,0.0,0.0,0,0.0,0.0
5080,0,2,0,0,0,0,0.0,0.0,0.0,0.0,0.0,0.0,0,0.0,0.0
5081,8,37,2,8,1,7,0.125,0.875,0.375,0.0033783783783783786,0.5,0.00980392156862745,1,0.5,0.6040336863117743
5082,44,37,12,44,8,36,0.18181818181818182,0.8181818181818181,0.2727272727272727,0.006652594244746377,0.6666666666666666,0.014487885663258796,8,0.6666666666666666,1.0464803643459684
5083,0,38,0,0,0,0,0.0,0.0,0.0,0.0,0.0,0.0,0,0.0,0.0
5084,0,1,0,0,0,0,0.0,0.0,0.0,0.0,0.0,0.0,0,0.0,0.0
5085,26,2,7,26,2,24,0.07692307692307693,0.9230769230769231,0.07692307692307693,0.002085633664581033,0.0,0.0,7,1.0,3.0
5086,0,18,0,0,0,0,0.0,0.0,0.0,0.0,0.0,0.0,0,0.0,0.0
5087,10,38,2,10,9,1,0.9,0.09999999999999998,3.6,0.06749941375560571,2.0,0.04366397721879449,0,0.0,0.6545257059702043
5088,0,3,0,0,0,0,0.0,0.0,0.0,0.0,0.0,0.0,0,0.0,0.0
5089,0,1,0,0,0,0,0.0,0.0,0.0,0.0,0.0,0.0,0,0.0,0.0
5090,1,37,1,1,0,1,0.0,1.0,0.0,0.0,0.0,0.0,1,1.0,0.1905514124267734
5091,0,26,0,0,0,0,0.0,0.0,0.0,0.0,0.0,0.0,0,0.0,0.0
5092,12,39,3,12,5,7,0.4166666666666667,0.5833333333333333,0.5833333333333334,0.01249994740883321,0.3333333333333333,0.006060606060606061,2,0.6666666666666666,0.695319375264767
5093,0,21,0,0,0,0,0.0,0.0,0.0,0.0,0.0,0.0,0,0.0,0.0
5094,0,3,0,0,0,0,0.0,0.0,0.0,0.0,0.0,0.0,0,0.0,0.0
5095,0,19,0,0,0,0,0.0,0.0,0.0,0.0,0.0,0.0,0,0.0,0.0
5096,14,20,4,14,10,4,0.7142857142857143,0.2857142857142857,1.9285714285714286,0.029937904669445823,4.75,0.060433975961926276,0,0.0,0.8894827535339782
5097,0,22,0,0,0,0,0.0,0.0,0.0,0.0,0.0,0.0,0,0.0,0.0
5098,0,4,0,0,0,0,0.0,0.0,0.0,0.0,0.0,0.0,0,0.0,0.0
5099,3,14,1,3,3,0,1.0,0.0,2.3333333333333335,0.029811432495996253,0.0,0.0,1,1.0,0.511916049619631
5100,0,1,0,0,0,0,0.0,0.0,0.0,0.0,0.0,0.0,0,0.0,0.0
5101,0,1,0,0,0,0,0.0,0.0,0.0,0.0,0.0,0.0,0,0.0,0.0
5102,0,2,0,0,0,0,0.0,0.0,0.0,0.0,0.0,0.0,0,0.0,0.0
5103,0,2,0,0,0,0,0.0,0.0,0.0,0.0,0.0,0.0,0,0.0,0.0
5104,0,6,0,0,0,0,0.0,0.0,0.0,0.0,0.0,0.0,0,0.0,0.0
5105,2,35,1,2,1,1,0.5,0.5,2.0,0.03508771929824561,0.0,0.0,1,1.0,0.30657359638272924
5106,0,1,0,0,0,0,0.0,0.0,0.0,0.0,0.0,0.0,0,0.0,0.0
5107,3,39,1,3,3,0,1.0,0.0,2.6666666666666665,0.03240240741771666,0.0,0.0,1,1.0,0.37580364941821515
5108,0,39,0,0,0,0,0.0,0.0,0.0,0.0,0.0,0.0,0,0.0,0.0
5109,3,7,1,3,2,1,0.6666666666666666,0.33333333333333337,1.0,0.04996837444655281,0.0,0.0,1,1.0,0.6666666666666667
5110,0,10,0,0,0,0,0.0,0.0,0.0,0.0,0.0,0.0,0,0.0,0.0
5111,7,1,2,7,0,7,0.0,1.0,0.0,0.0,0.0,0.0,2,1.0,3.0
5112,0,39,0,0,0,0,0.0,0.0,0.0,0.0,0.0,0.0,0,0.0,0.0
5113,2,35,1,2,1,1,0.5,0.5,1.0,0.015873015873015872,1.0,0.02631578947368421,0,0.0,0.30657359638272924
5114,12,38,4,12,10,2,0.8333333333333334,0.16666666666666663,1.25,0.029550007907851044,2.0,0.03468753468753469,0,0.0,0.7001245250427999
5115,0,2,0,0,0,0,0.0,0.0,0.0,0.0,0.0,0.0,0,0.0,0.0
5116,0,1,0,0,0,0,0.0,0.0,0.0,0.0,0.0,0.0,0,0.0,0.0
5117,0,5,0,0,0,0,0.0,0.0,0.0,0.0,0.0,0.0,0,0.0,0.0
5118,38,37,11,38,23,15,0.6052631578947368,0.39473684210526316,1.105263157894737,0.019350359235217697,1.0909090909090908,0.026576168556724886,5,0.45454545454545453,1.0071408580478034
5119,0,1,0,0,0,0,0.0,0.0,0.0,0.0,0.0,0.0,0,0.0,0.0
5120,0,6,0,0,0,0,0.0,0.0,0.0,0.0,0.0,0.0,0,0.0,0.0
5121,0,2,0,0,0,0,0.0,0.0,0.0,0.0,0.0,0.0,0,0.0,0.0
5122,0,1,0,0,0,0,0.0,0.0,0.0,0.0,0.0,0.0,0,0.0,0.0
5123,0,4,0,0,0,0,0.0,0.0,0.0,0.0,0.0,0.0,0,0.0,0.0
5124,0,15,0,0,0,0,0.0,0.0,0.0,0.0,0.0,0.0,0,0.0,0.0
5125,0,2,0,0,0,0,0.0,0.0,0.0,0.0,0.0,0.0,0,0.0,0.0
5126,4,22,1,4,4,0,1.0,0.0,3.0,0.044008063087010454,1.0,0.03571428571428571,0,0.0,0.5132964061160518
5127,16,36,4,16,7,9,0.4375,0.5625,0.5,0.005210278712433885,1.0,0.006666666666666667,3,0.75,0.7846241350807928
5128,59,32,16,59,32,27,0.5423728813559322,0.4576271186440678,0.9491525423728814,0.017868888907868377,1.3125,0.026942161104655055,6,0.375,1.1709811834369035
5129,6,16,1,6,2,4,0.3333333333333333,0.6666666666666667,0.8333333333333334,0.009901410844807071,1.0,0.007633587786259542,0,0.0,0.686820903599663
5130,0,38,0,0,0,0,0.0,0.0,0.0,0.0,0.0,0.0,0,0.0,0.0
5131,0,39,0,0,0,0,0.0,0.0,0.0,0.0,0.0,0.0,0,0.0,0.0
5132,0,4,0,0,0,0,0.0,0.0,0.0,0.0,0.0,0.0,0,0.0,0.0
5133,7,20,2,7,6,1,0.8571428571428571,0.1428571428571429,1.5714285714285714,0.03040554616342716,2.0,0.027777777777777776,1,0.5,0.6830107460908589
5134,7,36,1,7,5,2,0.7142857142857143,0.2857142857142857,1.7142857142857142,0.01269864782491639,0.0,0.0,1,1.0,0.5758761600196804
5135,0,33,0,0,0,0,0.0,0.0,0.0,0.0,0.0,0.0,0,0.0,0.0
5136,0,1,0,0,0,0,0.0,0.0,0.0,0.0,0.0,0.0,0,0.0,0.0
5137,7,16,1,7,3,4,0.42857142857142855,0.5714285714285714,0.42857142857142855,0.023471828922956742,0.0,0.0,1,1.0,0.733951626354678
5138,41,33,12,41,22,19,0.5365853658536586,0.46341463414634143,1.048780487804878,0.03174762639897071,1.1666666666666667,0.03500436534054765,7,0.5833333333333334,1.0599227141388805
5139,5,12,1,5,4,1,0.8,0.19999999999999996,2.2,0.027725081935608253,1.0,0.006711409395973154,0,0.0,0.6985554954587144
5140,4,38,1,4,3,1,0.75,0.25,2.75,0.024926980649872216,9.0,0.08490566037735849,0,0.0,0.4393096303250101
5141,7,26,1,7,4,3,0.5714285714285714,0.4285714285714286,1.2857142857142858,0.012989144568091937,0.0,0.0,1,1.0,0.6309297535714574
5142,0,1,0,0,0,0,0.0,0.0,0.0,0.0,0.0,0.0,0,0.0,0.0
5143,0,9,0,0,0,0,0.0,0.0,0.0,0.0,0.0,0.0,0,0.0,0.0
5144,0,34,0,0,0,0,0.0,0.0,0.0,0.0,0.0,0.0,0,0.0,0.0
5145,0,13,0,0,0,0,0.0,0.0,0.0,0.0,0.0,0.0,0,0.0,0.0
5146,4,7,1,4,2,2,0.5,0.5,0.5,0.007348484848484849,0.0,0.0,1,1.0,0.7739760316291208
5147,9,5,2,9,2,7,0.2222222222222222,0.7777777777777778,0.2222222222222222,0.004210447872419703,1.0,0.008333333333333333,1,0.5,1.285097208938469
5148,0,21,0,0,0,0,0.0,0.0,0.0,0.0,0.0,0.0,0,0.0,0.0
5149,0,5,0,0,0,0,0.0,0.0,0.0,0.0,0.0,0.0,0,0.0,0.0
5150,0,26,0,0,0,0,0.0,0.0,0.0,0.0,0.0,0.0,0,0.0,0.0
5151,0,39,0,0,0,0,0.0,0.0,0.0,0.0,0.0,0.0,0,0.0,0.0
5152,12,36,4,12,6,6,0.5,0.5,0.8333333333333334,0.017194025599108858,0.0,0.0,4,1.0,0.7103316717558003
5153,0,38,0,0,0,0,0.0,0.0,0.0,0.0,0.0,0.0,0,0.0,0.0
5154,7,23,1,7,5,2,0.7142857142857143,0.2857142857142857,3.0,0.04941695827267077,3.0,0.06382978723404255,0,0.0,0.6543128759565946
5155,1,29,1,1,1,0,1.0,0.0,2.0,0.046511627906976744,0.0,0.0,1,1.0,0.20379504709050617
5156,0,2,0,0,0,0,0.0,0.0,0.0,0.0,0.0,0.0,0,0.0,0.0
5157,2,1,1,2,0,2,0.0,1.0,0.0,0.0,0.0,0.0,1,1.0,1.5849625007211563
5158,0,5,0,0,0,0,0.0,0.0,0.0,0.0,0.0,0.0,0,0.0,0.0
5159,19,38,5,19,5,14,0.2631578947368421,0.736842105263158,0.8947368421052632,0.008452838870795527,0.8,0.008009241432422026,3,0.6,0.8177103493587502
5160,11,4,3,11,1,10,0.09090909090909091,0.9090909090909091,0.09090909090909091,0.0006060606060606061,0.0,0.0,3,1.0,1.5439593106327716
5161,1,6,1,1,0,1,0.0,1.0,0.0,0.0,0.0,0.0,1,1.0,0.3562071871080222
5162,0,9,0,0,0,0,0.0,0.0,0.0,0.0,0.0,0.0,0,0.0,0.0
5163,1,4,1,1,0,1,0.0,1.0,0.0,0.0,0.0,0.0,1,1.0,0.43067655807339306
5164,70,39,20,70,22,48,0.3142857142857143,0.6857142857142857,0.6714285714285714,0.008231519614690791,0.25,0.0036027031486960425,15,0.75,1.1555487052545081
5165,0,0,0,0,0,0,0.0,0.0,0.0,0.0,0.0,0.0,0,0.0,0.0
5166,0,4,0,0,0,0,0.0,0.0,0.0,0.0,0.0,0.0,0,0.0,0.0
5167,0,2,0,0,0,0,0.0,0.0,0.0,0.0,0.0,0.0,0,0.0,0.0
5168,0,1,0,0,0,0,0.0,0.0,0.0,0.0,0.0,0.0,0,0.0,0.0
5169,23,5,6,23,3,20,0.13043478260869565,0.8695652173913043,0.13043478260869565,0.0016048922828583844,0.0,0.0,6,1.0,1.7737056144690833
5170,10,34,2,10,7,3,0.7,0.30000000000000004,2.6,0.10140102954175116,4.5,0.03,1,0.5,0.6744474046779655
5171,3,31,1,3,1,2,0.3333333333333333,0.6666666666666667,0.3333333333333333,0.004329004329004329,0.0,0.0,1,1.0,0.39999999999999997
5172,0,21,0,0,0,0,0.0,0.0,0.0,0.0,0.0,0.0,0,0.0,0.0
5173,0,4,0,0,0,0,0.0,0.0,0.0,0.0,0.0,0.0,0,0.0,0.0
5174,0,36,0,0,0,0,0.0,0.0,0.0,0.0,0.0,0.0,0,0.0,0.0
5175,0,7,0,0,0,0,0.0,0.0,0.0,0.0,0.0,0.0,0,0.0,0.0
5176,12,25,3,12,4,8,0.3333333333333333,0.6666666666666667,0.6666666666666666,0.014753371896229037,0.6666666666666666,0.009797979797979799,1,0.3333333333333333,0.7872539464466368
5177,9,35,2,9,7,2,0.7777777777777778,0.2222222222222222,1.2222222222222223,0.028481030395924017,1.0,0.025,1,0.5,0.6425486044692345
5178,2,6,1,2,0,2,0.0,1.0,0.0,0.0,0.0,0.0,1,1.0,0.5645750340535797
5179,4,38,1,4,4,0,1.0,0.0,4.0,0.045504680504680504,0.0,0.0,1,1.0,0.4393096303250101
5180,0,14,0,0,0,0,0.0,0.0,0.0,0.0,0.0,0.0,0,0.0,0.0
5181,5,8,1,5,1,4,0.2,0.8,0.4,0.005714285714285714,0.0,0.0,1,1.0,0.8154648767857287
5182,0,37,0,0,0,0,0.0,0.0,0.0,0.0,0.0,0.0,0,0.0,0.0
5183,0,3,0,0,0,0,0.0,0.0,0.0,0.0,0.0,0.0,0,0.0,0.0
5184,0,17,0,0,0,0,0.0,0.0,0.0,0.0,0.0,0.0,0,0.0,0.0
5185,26,33,8,26,19,7,0.7307692307692307,0.2692307692307693,1.3846153846153846,0.03542500868549563,2.625,0.03390247704598034,1,0.125,0.9346284485087002
5186,0,6,0,0,0,0,0.0,0.0,0.0,0.0,0.0,0.0,0,0.0,0.0
5187,0,33,0,0,0,0,0.0,0.0,0.0,0.0,0.0,0.0,0,0.0,0.0
5188,0,1,0,0,0,0,0.0,0.0,0.0,0.0,0.0,0.0,0,0.0,0.0
5189,0,1,0,0,0,0,0.0,0.0,0.0,0.0,0.0,0.0,0,0.0,0.0
5190,35,34,10,35,25,10,0.7142857142857143,0.2857142857142857,1.6857142857142857,0.03960628353316378,1.4,0.05274819786155659,1,0.1,1.007923521545425
5191,21,24,6,21,3,18,0.14285714285714285,0.8571428571428572,0.23809523809523808,0.003724219415031727,0.0,0.0,6,1.0,0.9602863302391856
5192,0,39,0,0,0,0,0.0,0.0,0.0,0.0,0.0,0.0,0,0.0,0.0
5193,0,1,0,0,0,0,0.0,0.0,0.0,0.0,0.0,0.0,0,0.0,0.0
5194,0,1,0,0,0,0,0.0,0.0,0.0,0.0,0.0,0.0,0,0.0,0.0
5195,0,39,0,0,0,0,0.0,0.0,0.0,0.0,0.0,0.0,0,0.0,0.0
5196,0,10,0,0,0,0,0.0,0.0,0.0,0.0,0.0,0.0,0,0.0,0.0
5197,0,1,0,0,0,0,0.0,0.0,0.0,0.0,0.0,0.0,0,0.0,0.0
5198,0,17,0,0,0,0,0.0,0.0,0.0,0.0,0.0,0.0,0,0.0,0.0
5199,0,37,0,0,0,0,0.0,0.0,0.0,0.0,0.0,0.0,0,0.0,0.0
5200,0,27,0,0,0,0,0.0,0.0,0.0,0.0,0.0,0.0,0,0.0,0.0
5201,0,1,0,0,0,0,0.0,0.0,0.0,0.0,0.0,0.0,0,0.0,0.0
5202,0,1,0,0,0,0,0.0,0.0,0.0,0.0,0.0,0.0,0,0.0,0.0
5203,0,3,0,0,0,0,0.0,0.0,0.0,0.0,0.0,0.0,0,0.0,0.0
5204,0,34,0,0,0,0,0.0,0.0,0.0,0.0,0.0,0.0,0,0.0,0.0
5205,8,29,2,8,3,5,0.375,0.625,1.0,0.008100490196078431,2.0,0.01818181818181818,1,0.5,0.646015014942309
5206,0,12,0,0,0,0,0.0,0.0,0.0,0.0,0.0,0.0,0,0.0,0.0
5207,0,36,0,0,0,0,0.0,0.0,0.0,0.0,0.0,0.0,0,0.0,0.0
5208,0,2,0,0,0,0,0.0,0.0,0.0,0.0,0.0,0.0,0,0.0,0.0
5209,9,34,2,9,6,3,0.6666666666666666,0.33333333333333337,2.6666666666666665,0.05007177726294359,0.5,0.0625,1,0.5,0.6476398521807292
5210,10,36,2,10,6,4,0.6,0.4,0.8,0.012194200839639738,1.5,0.014611613876319759,0,0.0,0.6640680654638381
5211,70,38,20,70,27,43,0.38571428571428573,0.6142857142857143,0.6428571428571429,0.013158584855588526,1.0,0.03251458080076309,11,0.55,1.1635343659481219
5212,7,34,1,7,5,2,0.7142857142857143,0.2857142857142857,1.4285714285714286,0.01917558008748294,3.0,0.061224489795918366,0,0.0,0.5848770656813589
5213,0,0,0,0,0,0,0.0,0.0,0.0,0.0,0.0,0.0,0,0.0,0.0
5214,70,38,20,70,50,20,0.7142857142857143,0.2857142857142857,1.957142857142857,0.032731004346794976,2.3,0.03561178946199579,5,0.25,1.1635343659481219
5215,0,25,0,0,0,0,0.0,0.0,0.0,0.0,0.0,0.0,0,0.0,0.0
5216,7,35,1,7,4,3,0.5714285714285714,0.4285714285714286,1.0,0.011721055571987249,2.0,0.05555555555555555,0,0.0,0.5802792108518123
5217,0,2,0,0,0,0,0.0,0.0,0.0,0.0,0.0,0.0,0,0.0,0.0
5218,2,18,1,2,1,1,0.5,0.5,0.5,0.014705882352941176,3.0,0.03225806451612903,0,0.0,0.373114300021637
5219,0,7,0,0,0,0,0.0,0.0,0.0,0.0,0.0,0.0,0,0.0,0.0
5220,70,35,20,70,46,24,0.6571428571428571,0.34285714285714286,1.3714285714285714,0.01768663550184319,0.75,0.013033497855268954,11,0.55,1.189523468481461
5221,70,36,20,70,40,30,0.5714285714285714,0.4285714285714286,1.1,0.017575471390815816,1.1,0.017890610366673186,8,0.4,1.180497585424149
5222,12,34,3,12,1,11,0.08333333333333333,0.9166666666666666,0.16666666666666666,0.003875968992248062,1.0,0.014574314574314573,1,0.3333333333333333,0.7214341080257056
5223,9,31,2,9,8,1,0.8888888888888888,0.11111111111111116,2.0,0.053534641479941886,5.0,0.03360239434064938,0,0.0,0.6643856189774725
5224,8,39,2,8,5,3,0.625,0.375,1.875,0.027530940796254875,3.0,0.028294573643410852,0,0.0,0.595634691962031
5225,10,31,2,10,8,2,0.8,0.19999999999999996,2.0,0.07123749594530408,1.5,0.012322472848788638,0,0.0,0.6918863237274595
5226,0,26,0,0,0,0,0.0,0.0,0.0,0.0,0.0,0.0,0,0.0,0.0
5227,0,10,0,0,0,0,0.0,0.0,0.0,0.0,0.0,0.0,0,0.0,0.0
5228,0,1,0,0,0,0,0.0,0.0,0.0,0.0,0.0,0.0,0,0.0,0.0
5229,0,10,0,0,0,0,0.0,0.0,0.0,0.0,0.0,0.0,0,0.0,0.0
5230,1,32,1,1,1,0,1.0,0.0,2.0,0.125,0.0,0.0,1,1.0,0.19823986317056053
5231,0,37,0,0,0,0,0.0,0.0,0.0,0.0,0.0,0.0,0,0.0,0.0
5232,0,4,0,0,0,0,0.0,0.0,0.0,0.0,0.0,0.0,0,0.0,0.0
5233,0,23,0,0,0,0,0.0,0.0,0.0,0.0,0.0,0.0,0,0.0,0.0
5234,0,7,0,0,0,0,0.0,0.0,0.0,0.0,0.0,0.0,0,0.0,0.0
5235,1,3,1,1,0,1,0.0,1.0,0.0,0.0,0.0,0.0,1,1.0,0.5
5236,0,23,0,0,0,0,0.0,0.0,0.0,0.0,0.0,0.0,0,0.0,0.0
5237,0,11,0,0,0,0,0.0,0.0,0.0,0.0,0.0,0.0,0,0.0,0.0
5238,0,2,0,0,0,0,0.0,0.0,0.0,0.0,0.0,0.0,0,0.0,0.0
5239,4,39,1,4,4,0,1.0,0.0,3.0,0.06294986263736264,0.0,0.0,1,1.0,0.43629452587267725
5240,0,25,0,0,0,0,0.0,0.0,0.0,0.0,0.0,0.0,0,0.0,0.0
5241,0,1,0,0,0,0,0.0,0.0,0.0,0.0,0.0,0.0,0,0.0,0.0
5242,0,4,0,0,0,0,0.0,0.0,0.0,0.0,0.0,0.0,0,0.0,0.0
5243,0,29,0,0,0,0,0.0,0.0,0.0,0.0,0.0,0.0,0,0.0,0.0
5244,0,22,0,0,0,0,0.0,0.0,0.0,0.0,0.0,0.0,0,0.0,0.0
5245,0,4,0,0,0,0,0.0,0.0,0.0,0.0,0.0,0.0,0,0.0,0.0
5246,3,2,1,3,0,3,0.0,1.0,0.0,0.0,0.0,0.0,1,1.0,1.2618595071429148
5247,0,16,0,0,0,0,0.0,0.0,0.0,0.0,0.0,0.0,0,0.0,0.0
5248,1,23,1,1,0,1,0.0,1.0,0.0,0.0,3.0,0.02142857142857143,0,0.0,0.21810429198553155
5249,0,2,0,0,0,0,0.0,0.0,0.0,0.0,0.0,0.0,0,0.0,0.0
5250,7,1,2,7,0,7,0.0,1.0,0.0,0.0,0.0,0.0,2,1.0,3.0
5251,10,26,3,10,5,5,0.5,0.5,1.3,0.026583867518708375,1.0,0.02349206349206349,1,0.3333333333333333,0.7275527795480461
5252,0,24,0,0,0,0,0.0,0.0,0.0,0.0,0.0,0.0,0,0.0,0.0
5253,2,13,1,2,2,0,1.0,0.0,1.0,0.04103967168262654,1.0,0.006666666666666667,0,0.0,0.4162896638657993
5254,0,1,0,0,0,0,0.0,0.0,0.0,0.0,0.0,0.0,0,0.0,0.0
5255,0,1,0,0,0,0,0.0,0.0,0.0,0.0,0.0,0.0,0,0.0,0.0
5256,9,39,2,9,0,9,0.0,1.0,0.0,0.0,0.0,0.0,2,1.0,0.6241963505817849
5257,0,31,0,0,0,0,0.0,0.0,0.0,0.0,0.0,0.0,0,0.0,0.0
5258,7,35,1,7,5,2,0.7142857142857143,0.2857142857142857,1.7142857142857142,0.016930841302038056,0.0,0.0,1,1.0,0.5802792108518123
5259,2,23,1,2,0,2,0.0,1.0,0.0,0.0,0.0,0.0,1,1.0,0.34568712404340535
5260,0,1,0,0,0,0,0.0,0.0,0.0,0.0,0.0,0.0,0,0.0,0.0
5261,0,3,0,0,0,0,0.0,0.0,0.0,0.0,0.0,0.0,0,0.0,0.0
5262,0,1,0,0,0,0,0.0,0.0,0.0,0.0,0.0,0.0,0,0.0,0.0
5263,0,16,0,0,0,0,0.0,0.0,0.0,0.0,0.0,0.0,0,0.0,0.0
5264,1,2,1,1,0,1,0.0,1.0,0.0,0.0,1.0,0.07692307692307693,0,0.0,0.6309297535714574
5265,8,38,2,8,2,6,0.25,0.75,0.25,0.006836659275683666,0.0,0.0,2,1.0,0.5997509499144004
5266,0,32,0,0,0,0,0.0,0.0,0.0,0.0,0.0,0.0,0,0.0,0.0
5267,1,5,1,1,1,0,1.0,0.0,2.0,0.04,2.0,0.02564102564102564,0,0.0,0.3868528072345416
5268,17,39,5,17,10,7,0.5882352941176471,0.4117647058823529,1.3529411764705883,0.023015252349605966,0.6,0.023737373737373738,3,0.6,0.7835365166711385
5269,0,1,0,0,0,0,0.0,0.0,0.0,0.0,0.0,0.0,0,0.0,0.0
5270,7,24,1,7,4,3,0.5714285714285714,0.4285714285714286,1.7142857142857142,0.015895665278648607,0.0,0.0,1,1.0,0.6460148371100896
5271,2,39,1,2,2,0,1.0,0.0,5.0,0.04043478260869565,1.0,0.045454545454545456,0,0.0,0.2978173459810155
5272,0,4,0,0,0,0,0.0,0.0,0.0,0.0,0.0,0.0,0,0.0,0.0
5273,0,0,0,0,0,0,0.0,0.0,0.0,0.0,0.0,0.0,0,0.0,0.0
5274,0,7,0,0,0,0,0.0,0.0,0.0,0.0,0.0,0.0,0,0.0,0.0
5275,0,2,0,0,0,0,0.0,0.0,0.0,0.0,0.0,0.0,0,0.0,0.0
5276,0,1,0,0,0,0,0.0,0.0,0.0,0.0,0.0,0.0,0,0.0,0.0
5277,0,1,0,0,0,0,0.0,0.0,0.0,0.0,0.0,0.0,0,0.0,0.0
5278,17,34,5,17,9,8,0.5294117647058824,0.47058823529411764,1.2941176470588236,0.01673536598058214,1.2,0.024716181422063777,1,0.2,0.8129644996516386
5279,0,4,0,0,0,0,0.0,0.0,0.0,0.0,0.0,0.0,0,0.0,0.0
5280,0,1,0,0,0,0,0.0,0.0,0.0,0.0,0.0,0.0,0,0.0,0.0
5281,1,34,1,1,0,1,0.0,1.0,0.0,0.0,0.0,0.0,1,1.0,0.1949590218937863
5282,0,36,0,0,0,0,0.0,0.0,0.0,0.0,0.0,0.0,0,0.0,0.0
5283,0,2,0,0,0,0,0.0,0.0,0.0,0.0,0.0,0.0,0,0.0,0.0
5284,0,39,0,0,0,0,0.0,0.0,0.0,0.0,0.0,0.0,0,0.0,0.0
5285,0,35,0,0,0,0,0.0,0.0,0.0,0.0,0.0,0.0,0,0.0,0.0
5286,0,6,0,0,0,0,0.0,0.0,0.0,0.0,0.0,0.0,0,0.0,0.0
5287,4,6,1,4,1,3,0.25,0.75,0.25,0.010416666666666666,1.0,0.006666666666666667,0,0.0,0.8270874753469162
5288,0,1,0,0,0,0,0.0,0.0,0.0,0.0,0.0,0.0,0,0.0,0.0
5289,0,2,0,0,0,0,0.0,0.0,0.0,0.0,0.0,0.0,0,0.0,0.0
5290,17,39,5,17,14,3,0.8235294117647058,0.17647058823529416,2.5294117647058822,0.03173936512153531,3.2,0.028142120694207063,1,0.2,0.7835365166711385
5291,2,21,1,2,1,1,0.5,0.5,0.5,0.03125,0.0,0.0,1,1.0,0.35541805240316376
5292,2,1,1,2,0,2,0.0,1.0,0.0,0.0,0.0,0.0,1,1.0,1.5849625007211563
5293,0,7,0,0,0,0,0.0,0.0,0.0,0.0,0.0,0.0,0,0.0,0.0
5294,59,38,17,59,30,29,0.5084745762711864,0.4915254237288136,0.9491525423728814,0.02390159833115762,1.0,0.01973579003788799,8,0.47058823529411764,1.1175858243159502
5295,0,1,0,0,0,0,0.0,0.0,0.0,0.0,0.0,0.0,0,0.0,0.0
5296,0,20,0,0,0,0,0.0,0.0,0.0,0.0,0.0,0.0,0,0.0,0.0
5297,14,38,4,14,12,2,0.8571428571428571,0.1428571428571429,2.7857142857142856,0.0674984555225599,2.25,0.02479501597106729,0,0.0,0.7391851052822103
5298,0,5,0,0,0,0,0.0,0.0,0.0,0.0,0.0,0.0,0,0.0,0.0
5299,0,2,0,0,0,0,0.0,0.0,0.0,0.0,0.0,0.0,0,0.0,0.0
5300,7,38,2,7,2,5,0.2857142857142857,0.7142857142857143,0.2857142857142857,0.006162205141796979,0.5,0.016129032258064516,1,0.5,0.56760107855061
5301,0,16,0,0,0,0,0.0,0.0,0.0,0.0,0.0,0.0,0,0.0,0.0
5302,0,3,0,0,0,0,0.0,0.0,0.0,0.0,0.0,0.0,0,0.0,0.0
5303,0,3,0,0,0,0,0.0,0.0,0.0,0.0,0.0,0.0,0,0.0,0.0
5304,0,6,0,0,0,0,0.0,0.0,0.0,0.0,0.0,0.0,0,0.0,0.0
5305,62,35,18,62,24,38,0.3870967741935484,0.6129032258064516,0.46774193548387094,0.010418411239900161,0.4444444444444444,0.004629804957492733,13,0.7222222222222222,1.1561637590163043
5306,3,37,1,3,0,3,0.0,1.0,0.0,0.0,0.0,0.0,1,1.0,0.3811028248535468
5307,3,37,1,3,3,0,1.0,0.0,2.3333333333333335,0.023184676958261864,2.0,0.05128205128205128,0,0.0,0.3811028248535468
5308,6,3,1,6,0,6,0.0,1.0,0.0,0.0,0.0,0.0,1,1.0,1.403677461028802
5309,0,29,0,0,0,0,0.0,0.0,0.0,0.0,0.0,0.0,0,0.0,0.0
5310,0,14,0,0,0,0,0.0,0.0,0.0,0.0,0.0,0.0,0,0.0,0.0
5311,0,30,0,0,0,0,0.0,0.0,0.0,0.0,0.0,0.0,0,0.0,0.0
5312,0,39,0,0,0,0,0.0,0.0,0.0,0.0,0.0,0.0,0,0.0,0.0
5313,1,21,1,1,1,0,1.0,0.0,3.0,0.06818181818181818,2.0,0.017241379310344827,0,0.0,0.2242438242175754
5314,0,3,0,0,0,0,0.0,0.0,0.0,0.0,0.0,0.0,0,0.0,0.0
5315,0,33,0,0,0,0,0.0,0.0,0.0,0.0,0.0,0.0,0,0.0,0.0
5316,0,1,0,0,0,0,0.0,0.0,0.0,0.0,0.0,0.0,0,0.0,0.0
5317,0,37,0,0,0,0,0.0,0.0,0.0,0.0,0.0,0.0,0,0.0,0.0
5318,0,19,0,0,0,0,0.0,0.0,0.0,0.0,0.0,0.0,0,0.0,0.0
5319,3,24,1,3,2,1,0.6666666666666666,0.33333333333333337,0.6666666666666666,0.012549847525216984,1.0,0.014705882352941176,0,0.0,0.43067655807339306
5320,1,8,1,1,0,1,0.0,1.0,0.0,0.0,4.0,0.02666666666666667,0,0.0,0.3154648767857287
5321,2,31,1,2,1,1,0.5,0.5,0.5,0.013888888888888888,1.0,0.022727272727272728,0,0.0,0.31699250014423125
5322,7,21,2,7,4,3,0.5714285714285714,0.4285714285714286,0.8571428571428571,0.005827489296877053,0.0,0.0,2,1.0,0.6727314726527263
5323,0,10,0,0,0,0,0.0,0.0,0.0,0.0,0.0,0.0,0,0.0,0.0
5324,1,33,1,1,0,1,0.0,1.0,0.0,0.0,0.0,0.0,1,1.0,0.19656163223282258
5325,0,3,0,0,0,0,0.0,0.0,0.0,0.0,0.0,0.0,0,0.0,0.0
5326,0,11,0,0,0,0,0.0,0.0,0.0,0.0,0.0,0.0,0,0.0,0.0
5327,0,10,0,0,0,0,0.0,0.0,0.0,0.0,0.0,0.0,0,0.0,0.0
5328,4,39,1,4,2,2,0.5,0.5,1.5,0.0233999494055148,6.0,0.04,0,0.0,0.43629452587267725
5329,0,36,0,0,0,0,0.0,0.0,0.0,0.0,0.0,0.0,0,0.0,0.0
5330,0,38,0,0,0,0,0.0,0.0,0.0,0.0,0.0,0.0,0,0.0,0.0
5331,0,8,0,0,0,0,0.0,0.0,0.0,0.0,0.0,0.0,0,0.0,0.0
5332,0,38,0,0,0,0,0.0,0.0,0.0,0.0,0.0,0.0,0,0.0,0.0
5333,0,38,0,0,0,0,0.0,0.0,0.0,0.0,0.0,0.0,0,0.0,0.0
5334,0,8,0,0,0,0,0.0,0.0,0.0,0.0,0.0,0.0,0,0.0,0.0
5335,0,4,0,0,0,0,0.0,0.0,0.0,0.0,0.0,0.0,0,0.0,0.0
5336,7,38,2,7,6,1,0.8571428571428571,0.1428571428571429,2.4285714285714284,0.0952252916143852,0.0,0.0,2,1.0,0.56760107855061
5337,0,5,0,0,0,0,0.0,0.0,0.0,0.0,0.0,0.0,0,0.0,0.0
5338,2,38,1,2,2,0,1.0,0.0,1.5,0.03968253968253968,1.0,0.05555555555555555,0,0.0,0.2998754749572002
5339,10,30,3,10,9,1,0.9,0.09999999999999998,2.6,0.04962139755252092,4.666666666666667,0.05546146336873551,0,0.0,0.6982831123151737
5340,0,17,0,0,0,0,0.0,0.0,0.0,0.0,0.0,0.0,0,0.0,0.0
5341,0,0,0,0,0,0,0.0,0.0,0.0,0.0,0.0,0.0,0,0.0,0.0
5342,0,9,0,0,0,0,0.0,0.0,0.0,0.0,0.0,0.0,0,0.0,0.0
5343,1,38,1,1,0,1,0.0,1.0,0.0,0.0,1.0,0.006802721088435374,0,0.0,0.18920035951687003
5344,0,2,0,0,0,0,0.0,0.0,0.0,0.0,0.0,0.0,0,0.0,0.0
5345,0,8,0,0,0,0,0.0,0.0,0.0,0.0,0.0,0.0,0,0.0,0.0
5346,0,21,0,0,0,0,0.0,0.0,0.0,0.0,0.0,0.0,0,0.0,0.0
5347,1,37,1,1,0,1,0.0,1.0,0.0,0.0,0.0,0.0,1,1.0,0.1905514124267734
5348,0,1,0,0,0,0,0.0,0.0,0.0,0.0,0.0,0.0,0,0.0,0.0
5349,0,1,0,0,0,0,0.0,0.0,0.0,0.0,0.0,0.0,0,0.0,0.0
5350,0,1,0,0,0,0,0.0,0.0,0.0,0.0,0.0,0.0,0,0.0,0.0
5351,0,1,0,0,0,0,0.0,0.0,0.0,0.0,0.0,0.0,0,0.0,0.0
5352,0,1,0,0,0,0,0.0,0.0,0.0,0.0,0.0,0.0,0,0.0,0.0
5353,9,30,2,9,4,5,0.4444444444444444,0.5555555555555556,0.8888888888888888,0.014392101100961861,0.5,0.003401360544217687,1,0.5,0.6705281516444292
5354,10,36,3,10,6,4,0.6,0.4,0.7,0.016817796061872177,2.0,0.04453495528764345,0,0.0,0.6640680654638381
5355,0,6,0,0,0,0,0.0,0.0,0.0,0.0,0.0,0.0,0,0.0,0.0
5356,0,38,0,0,0,0,0.0,0.0,0.0,0.0,0.0,0.0,0,0.0,0.0
5357,21,31,6,21,6,15,0.2857142857142857,0.7142857142857143,0.42857142857142855,0.00724819012291048,0.3333333333333333,0.00974025974025974,4,0.6666666666666666,0.8918863237274595
5358,0,1,0,0,0,0,0.0,0.0,0.0,0.0,0.0,0.0,0,0.0,0.0
5359,1,25,1,1,1,0,1.0,0.0,5.0,0.10204081632653061,1.0,0.020833333333333332,0,0.0,0.21274605355336315
5360,0,1,0,0,0,0,0.0,0.0,0.0,0.0,0.0,0.0,0,0.0,0.0
5361,0,3,0,0,0,0,0.0,0.0,0.0,0.0,0.0,0.0,0,0.0,0.0
5362,0,4,0,0,0,0,0.0,0.0,0.0,0.0,0.0,0.0,0,0.0,0.0
5363,16,36,4,16,7,9,0.4375,0.5625,0.875,0.01652357482415182,0.25,0.00211864406779661,3,0.75,0.7846241350807928
5364,0,1,0,0,0,0,0.0,0.0,0.0,0.0,0.0,0.0,0,0.0,0.0
5365,0,33,0,0,0,0,0.0,0.0,0.0,0.0,0.0,0.0,0,0.0,0.0
5366,0,2,0,0,0,0,0.0,0.0,0.0,0.0,0.0,0.0,0,0.0,0.0
5367,0,1,0,0,0,0,0.0,0.0,0.0,0.0,0.0,0.0,0,0.0,0.0
5368,8,39,2,8,6,2,0.75,0.25,5.625,0.05000615263369645,0.0,0.0,2,1.0,0.595634691962031
5369,0,9,0,0,0,0,0.0,0.0,0.0,0.0,0.0,0.0,0,0.0,0.0
5370,1,26,1,1,1,0,1.0,0.0,1.0,0.018518518518518517,4.0,0.05128205128205128,0,0.0,0.21030991785715247
5371,4,19,1,4,1,3,0.25,0.75,0.25,0.005813953488372093,0.0,0.0,1,1.0,0.5372435736804817
5372,0,7,0,0,0,0,0.0,0.0,0.0,0.0,0.0,0.0,0,0.0,0.0
5373,0,12,0,0,0,0,0.0,0.0,0.0,0.0,0.0,0.0,0,0.0,0.0
5374,0,24,0,0,0,0,0.0,0.0,0.0,0.0,0.0,0.0,0,0.0,0.0
5375,12,38,4,12,5,7,0.4166666666666667,0.5833333333333333,0.8333333333333334,0.009186820056818562,2.5,0.0370465410898734,1,0.25,0.7001245250427999
5376,0,30,0,0,0,0,0.0,0.0,0.0,0.0,0.0,0.0,0,0.0,0.0
5377,0,1,0,0,0,0,0.0,0.0,0.0,0.0,0.0,0.0,0,0.0,0.0
5378,0,33,0,0,0,0,0.0,0.0,0.0,0.0,0.0,0.0,0,0.0,0.0
5379,3,33,1,3,2,1,0.6666666666666666,0.33333333333333337,2.0,0.022777777777777775,0.0,0.0,1,1.0,0.39312326446564516
5380,0,37,0,0,0,0,0.0,0.0,0.0,0.0,0.0,0.0,0,0.0,0.0
5381,0,6,0,0,0,0,0.0,0.0,0.0,0.0,0.0,0.0,0,0.0,0.0
5382,6,2,1,6,1,5,0.16666666666666666,0.8333333333333334,0.16666666666666666,0.003703703703703704,0.0,0.0,1,1.0,1.7712437491614221
5383,2,2,1,2,0,2,0.0,1.0,0.0,0.0,0.0,0.0,1,1.0,1.0
5384,0,1,0,0,0,0,0.0,0.0,0.0,0.0,0.0,0.0,0,0.0,0.0
5385,0,1,0,0,0,0,0.0,0.0,0.0,0.0,0.0,0.0,0,0.0,0.0
5386,0,3,0,0,0,0,0.0,0.0,0.0,0.0,0.0,0.0,0,0.0,0.0
5387,12,2,3,12,1,11,0.08333333333333333,0.9166666666666666,0.08333333333333333,0.0011261261261261261,0.0,0.0,3,1.0,2.3347175194727927
5388,0,6,0,0,0,0,0.0,0.0,0.0,0.0,0.0,0.0,0,0.0,0.0
5389,0,37,0,0,0,0,0.0,0.0,0.0,0.0,0.0,0.0,0,0.0,0.0
5390,36,4,10,36,0,36,0.0,1.0,0.0,0.0,0.0,0.0,10,1.0,2.2435894449529292
5391,16,13,4,16,5,11,0.3125,0.6875,0.3125,0.00839654177427795,0.75,0.009196696696696696,2,0.5,1.0735702147362078
5392,12,24,4,12,8,4,0.6666666666666666,0.33333333333333337,2.1666666666666665,0.03380320298668172,1.0,0.015014367816091953,2,0.5,0.7968463205835412
5393,0,1,0,0,0,0,0.0,0.0,0.0,0.0,0.0,0.0,0,0.0,0.0
5394,0,1,0,0,0,0,0.0,0.0,0.0,0.0,0.0,0.0,0,0.0,0.0
5395,0,1,0,0,0,0,0.0,0.0,0.0,0.0,0.0,0.0,0,0.0,0.0
5396,0,10,0,0,0,0,0.0,0.0,0.0,0.0,0.0,0.0,0,0.0,0.0
5397,0,31,0,0,0,0,0.0,0.0,0.0,0.0,0.0,0.0,0,0.0,0.0
5398,0,1,0,0,0,0,0.0,0.0,0.0,0.0,0.0,0.0,0,0.0,0.0
5399,0,5,0,0,0,0,0.0,0.0,0.0,0.0,0.0,0.0,0,0.0,0.0
5400,0,1,0,0,0,0,0.0,0.0,0.0,0.0,0.0,0.0,0,0.0,0.0
5401,11,35,3,11,7,4,0.6363636363636364,0.36363636363636365,1.1818181818181819,0.03130176352201703,1.0,0.019254658385093167,1,0.3333333333333333,0.6934264036172708
5402,0,33,0,0,0,0,0.0,0.0,0.0,0.0,0.0,0.0,0,0.0,0.0
5403,0,1,0,0,0,0,0.0,0.0,0.0,0.0,0.0,0.0,0,0.0,0.0
5404,0,36,0,0,0,0,0.0,0.0,0.0,0.0,0.0,0.0,0,0.0,0.0
5405,8,31,2,8,3,5,0.375,0.625,0.875,0.010631810050414702,1.0,0.014603174603174604,0,0.0,0.6339850002884625
5406,6,39,1,6,6,0,1.0,0.0,5.166666666666667,0.10197895100069011,1.0,0.08333333333333333,0,0.0,0.5275071124607182
5407,0,4,0,0,0,0,0.0,0.0,0.0,0.0,0.0,0.0,0,0.0,0.0
5408,0,34,0,0,0,0,0.0,0.0,0.0,0.0,0.0,0.0,0,0.0,0.0
5409,0,1,0,0,0,0,0.0,0.0,0.0,0.0,0.0,0.0,0,0.0,0.0
5410,0,17,0,0,0,0,0.0,0.0,0.0,0.0,0.0,0.0,0,0.0,0.0
5411,2,1,1,2,0,2,0.0,1.0,0.0,0.0,0.0,0.0,1,1.0,1.5849625007211563
5412,3,5,1,3,1,2,0.3333333333333333,0.6666666666666667,0.6666666666666666,0.012820512820512822,0.0,0.0,1,1.0,0.7737056144690831
5413,7,33,2,7,2,5,0.2857142857142857,0.7142857142857143,0.5714285714285714,0.02726902726902727,0.0,0.0,2,1.0,0.5896848966984678
5414,0,9,0,0,0,0,0.0,0.0,0.0,0.0,0.0,0.0,0,0.0,0.0
5415,0,2,0,0,0,0,0.0,0.0,0.0,0.0,0.0,0.0,0,0.0,0.0
5416,0,1,0,0,0,0,0.0,0.0,0.0,0.0,0.0,0.0,0,0.0,0.0
5417,0,1,0,0,0,0,0.0,0.0,0.0,0.0,0.0,0.0,0,0.0,0.0
5418,0,32,0,0,0,0,0.0,0.0,0.0,0.0,0.0,0.0,0,0.0,0.0
5419,0,8,0,0,0,0,0.0,0.0,0.0,0.0,0.0,0.0,0,0.0,0.0
5420,0,13,0,0,0,0,0.0,0.0,0.0,0.0,0.0,0.0,0,0.0,0.0
5421,5,38,1,5,4,1,0.8,0.19999999999999996,1.4,0.013889532702488641,1.0,0.013888888888888888,0,0.0,0.48907583447407016
5422,0,7,0,0,0,0,0.0,0.0,0.0,0.0,0.0,0.0,0,0.0,0.0
5423,0,15,0,0,0,0,0.0,0.0,0.0,0.0,0.0,0.0,0,0.0,0.0
5424,3,36,1,3,1,2,0.3333333333333333,0.6666666666666667,0.3333333333333333,0.006172839506172839,1.0,0.012987012987012988,0,0.0,0.3839174400131203
5425,1,25,1,1,0,1,0.0,1.0,0.0,0.0,0.0,0.0,1,1.0,0.21274605355336315
5426,0,5,0,0,0,0,0.0,0.0,0.0,0.0,0.0,0.0,0,0.0,0.0
5427,0,9,0,0,0,0,0.0,0.0,0.0,0.0,0.0,0.0,0,0.0,0.0
5428,0,3,0,0,0,0,0.0,0.0,0.0,0.0,0.0,0.0,0,0.0,0.0
5429,28,35,8,28,8,20,0.2857142857142857,0.7142857142857143,0.42857142857142855,0.005029589622802706,0.625,0.0053239244415715006,6,0.75,0.9396617927285766
5430,10,14,2,10,3,7,0.3,0.7,0.5,0.01162947937795808,0.0,0.0,2,1.0,0.8854692840710255
5431,0,2,0,0,0,0,0.0,0.0,0.0,0.0,0.0,0.0,0,0.0,0.0
5432,4,22,1,4,1,3,0.25,0.75,0.75,0.00872093023255814,2.0,0.013422818791946308,0,0.0,0.5132964061160518
5433,0,37,0,0,0,0,0.0,0.0,0.0,0.0,0.0,0.0,0,0.0,0.0
5434,0,5,0,0,0,0,0.0,0.0,0.0,0.0,0.0,0.0,0,0.0,0.0
5435,0,9,0,0,0,0,0.0,0.0,0.0,0.0,0.0,0.0,0,0.0,0.0
5436,0,35,0,0,0,0,0.0,0.0,0.0,0.0,0.0,0.0,0,0.0,0.0
5437,0,4,0,0,0,0,0.0,0.0,0.0,0.0,0.0,0.0,0,0.0,0.0
5438,1,3,1,1,0,1,0.0,1.0,0.0,0.0,0.0,0.0,1,1.0,0.5
5439,0,1,0,0,0,0,0.0,0.0,0.0,0.0,0.0,0.0,0,0.0,0.0
5440,0,1,0,0,0,0,0.0,0.0,0.0,0.0,0.0,0.0,0,0.0,0.0
5441,0,7,0,0,0,0,0.0,0.0,0.0,0.0,0.0,0.0,0,0.0,0.0
5442,14,19,4,14,9,5,0.6428571428571429,0.3571428571428571,0.9285714285714286,0.02010822405885177,1.5,0.011805555555555555,2,0.5,0.9039693650225663
5443,0,7,0,0,0,0,0.0,0.0,0.0,0.0,0.0,0.0,0,0.0,0.0
5444,20,34,6,20,12,8,0.6,0.4,1.4,0.02996370506920379,1.0,0.04927804509639042,2,0.3333333333333333,0.8563219085919834
5445,0,1,0,0,0,0,0.0,0.0,0.0,0.0,0.0,0.0,0,0.0,0.0
5446,1,38,1,1,0,1,0.0,1.0,0.0,0.0,0.0,0.0,1,1.0,0.18920035951687003
5447,2,37,1,2,2,0,1.0,0.0,4.5,0.047435897435897434,4.0,0.07272727272727272,0,0.0,0.30201684315588717
5448,0,22,0,0,0,0,0.0,0.0,0.0,0.0,0.0,0.0,0,0.0,0.0
5449,0,38,0,0,0,0,0.0,0.0,0.0,0.0,0.0,0.0,0,0.0,0.0
5450,0,25,0,0,0,0,0.0,0.0,0.0,0.0,0.0,0.0,0,0.0,0.0
5451,0,2,0,0,0,0,0.0,0.0,0.0,0.0,0.0,0.0,0,0.0,0.0
5452,3,39,1,3,3,0,1.0,0.0,1.3333333333333333,0.03132665495576762,7.0,0.125,0,0.0,0.37580364941821515
5453,0,15,0,0,0,0,0.0,0.0,0.0,0.0,0.0,0.0,0,0.0,0.0
5454,2,35,1,2,2,0,1.0,0.0,2.0,0.03864042933810376,3.0,0.02142857142857143,0,0.0,0.30657359638272924
5455,2,2,1,2,0,2,0.0,1.0,0.0,0.0,0.0,0.0,1,1.0,1.0
5456,5,37,1,5,2,3,0.4,0.6,0.6,0.018055555555555554,0.0,0.0,1,1.0,0.49256825558266054
5457,0,8,0,0,0,0,0.0,0.0,0.0,0.0,0.0,0.0,0,0.0,0.0
5458,0,4,0,0,0,0,0.0,0.0,0.0,0.0,0.0,0.0,0,0.0,0.0
5459,0,5,0,0,0,0,0.0,0.0,0.0,0.0,0.0,0.0,0,0.0,0.0
5460,0,1,0,0,0,0,0.0,0.0,0.0,0.0,0.0,0.0,0,0.0,0.0
5461,12,37,3,12,6,6,0.5,0.5,0.6666666666666666,0.013438675133353005,0.3333333333333333,0.041666666666666664,2,0.6666666666666666,0.7051240148919163
5462,2,30,1,2,1,1,0.5,0.5,1.0,0.022222222222222223,0.0,0.0,1,1.0,0.3199232330374462
5463,0,3,0,0,0,0,0.0,0.0,0.0,0.0,0.0,0.0,0,0.0,0.0
5464,7,19,2,7,2,5,0.2857142857142857,0.7142857142857143,0.2857142857142857,0.011577708006279433,1.5,0.030267295597484277,0,0.0,0.6941346394792774
5465,50,36,14,50,33,17,0.66,0.33999999999999997,1.42,0.022867927137758936,1.5,0.020216269193039205,5,0.35714285714285715,1.0888715079776226
5466,0,1,0,0,0,0,0.0,0.0,0.0,0.0,0.0,0.0,0,0.0,0.0
5467,1,1,1,1,0,1,0.0,1.0,0.0,0.0,0.0,0.0,1,1.0,1.0
5468,0,16,0,0,0,0,0.0,0.0,0.0,0.0,0.0,0.0,0,0.0,0.0
5469,0,27,0,0,0,0,0.0,0.0,0.0,0.0,0.0,0.0,0,0.0,0.0
5470,0,21,0,0,0,0,0.0,0.0,0.0,0.0,0.0,0.0,0,0.0,0.0
5471,1,39,1,1,0,1,0.0,1.0,0.0,0.0,1.0,0.007936507936507936,0,0.0,0.18790182470910757
5472,0,15,0,0,0,0,0.0,0.0,0.0,0.0,0.0,0.0,0,0.0,0.0
5473,0,10,0,0,0,0,0.0,0.0,0.0,0.0,0.0,0.0,0,0.0,0.0
5474,2,39,1,2,1,1,0.5,0.5,4.0,0.11764705882352941,8.0,0.08,0,0.0,0.2978173459810155
5475,7,13,2,7,1,6,0.14285714285714285,0.8571428571428572,0.2857142857142857,0.0023809523809523807,0.5,0.008064516129032258,1,0.5,0.7879486051115806
5476,0,4,0,0,0,0,0.0,0.0,0.0,0.0,0.0,0.0,0,0.0,0.0
5477,8,14,2,8,2,6,0.25,0.75,0.5,0.005533550792171482,1.0,0.022727272727272728,1,0.5,0.8113677421644259
5478,0,1,0,0,0,0,0.0,0.0,0.0,0.0,0.0,0.0,0,0.0,0.0
5479,3,1,1,3,0,3,0.0,1.0,0.0,0.0,0.0,0.0,1,1.0,2.0
5480,0,38,0,0,0,0,0.0,0.0,0.0,0.0,0.0,0.0,0,0.0,0.0
5481,0,1,0,0,0,0,0.0,0.0,0.0,0.0,0.0,0.0,0,0.0,0.0
5482,0,6,0,0,0,0,0.0,0.0,0.0,0.0,0.0,0.0,0,0.0,0.0
5483,0,22,0,0,0,0,0.0,0.0,0.0,0.0,0.0,0.0,0,0.0,0.0
5484,0,7,0,0,0,0,0.0,0.0,0.0,0.0,0.0,0.0,0,0.0,0.0
5485,3,5,1,3,1,2,0.3333333333333333,0.6666666666666667,0.3333333333333333,0.0028011204481792717,0.0,0.0,1,1.0,0.7737056144690831
5486,0,22,0,0,0,0,0.0,0.0,0.0,0.0,0.0,0.0,0,0.0,0.0
5487,0,9,0,0,0,0,0.0,0.0,0.0,0.0,0.0,0.0,0,0.0,0.0
5488,12,34,3,12,6,6,0.5,0.5,1.0833333333333333,0.016899840598705453,0.0,0.0,3,1.0,0.7214341080257056
5489,17,36,4,17,15,2,0.8823529411764706,0.11764705882352944,2.235294117647059,0.043553641974904626,1.25,0.034906143601795774,1,0.25,0.8004534658002197
5490,0,34,0,0,0,0,0.0,0.0,0.0,0.0,0.0,0.0,0,0.0,0.0
5491,1,1,1,1,0,1,0.0,1.0,0.0,0.0,0.0,0.0,1,1.0,1.0
5492,0,38,0,0,0,0,0.0,0.0,0.0,0.0,0.0,0.0,0,0.0,0.0
5493,0,5,0,0,0,0,0.0,0.0,0.0,0.0,0.0,0.0,0,0.0,0.0
5494,0,9,0,0,0,0,0.0,0.0,0.0,0.0,0.0,0.0,0,0.0,0.0
5495,6,27,1,6,6,0,1.0,0.0,1.6666666666666667,0.055225539986835805,3.0,0.23076923076923078,0,0.0,0.583970804646981
5496,7,34,1,7,2,5,0.2857142857142857,0.7142857142857143,0.7142857142857143,0.008908325234855847,3.0,0.025,0,0.0,0.5848770656813589
5497,0,1,0,0,0,0,0.0,0.0,0.0,0.0,0.0,0.0,0,0.0,0.0
5498,0,32,0,0,0,0,0.0,0.0,0.0,0.0,0.0,0.0,0,0.0,0.0
5499,0,21,0,0,0,0,0.0,0.0,0.0,0.0,0.0,0.0,0,0.0,0.0
5500,28,39,8,28,7,21,0.25,0.75,1.0357142857142858,0.00893232227859557,0.5,0.007005337399923752,6,0.75,0.912823493386637
5501,12,36,4,12,9,3,0.75,0.25,1.9166666666666667,0.04170196304950463,1.5,0.017263071895424836,0,0.0,0.7103316717558003
5502,0,22,0,0,0,0,0.0,0.0,0.0,0.0,0.0,0.0,0,0.0,0.0
5503,0,1,0,0,0,0,0.0,0.0,0.0,0.0,0.0,0.0,0,0.0,0.0
5504,0,6,0,0,0,0,0.0,0.0,0.0,0.0,0.0,0.0,0,0.0,0.0
5505,0,3,0,0,0,0,0.0,0.0,0.0,0.0,0.0,0.0,0,0.0,0.0
5506,0,37,0,0,0,0,0.0,0.0,0.0,0.0,0.0,0.0,0,0.0,0.0
5507,6,31,1,6,3,3,0.5,0.5,0.6666666666666666,0.016354166666666666,0.0,0.0,1,1.0,0.5614709844115208
5508,3,8,1,3,1,2,0.3333333333333333,0.6666666666666667,0.3333333333333333,0.006410256410256411,0.0,0.0,1,1.0,0.6309297535714574
5509,0,2,0,0,0,0,0.0,0.0,0.0,0.0,0.0,0.0,0,0.0,0.0
5510,1,31,1,1,1,0,1.0,0.0,2.0,0.015625,2.0,0.08695652173913043,0,0.0,0.19999999999999998
5511,0,1,0,0,0,0,0.0,0.0,0.0,0.0,0.0,0.0,0,0.0,0.0
5512,0,13,0,0,0,0,0.0,0.0,0.0,0.0,0.0,0.0,0,0.0,0.0
5513,0,3,0,0,0,0,0.0,0.0,0.0,0.0,0.0,0.0,0,0.0,0.0
5514,0,28,0,0,0,0,0.0,0.0,0.0,0.0,0.0,0.0,0,0.0,0.0
5515,0,32,0,0,0,0,0.0,0.0,0.0,0.0,0.0,0.0,0,0.0,0.0
5516,10,34,2,10,6,4,0.6,0.4,2.3,0.03805261989472516,3.0,0.0625,1,0.5,0.6744474046779655
5517,0,3,0,0,0,0,0.0,0.0,0.0,0.0,0.0,0.0,0,0.0,0.0
5518,0,39,0,0,0,0,0.0,0.0,0.0,0.0,0.0,0.0,0,0.0,0.0
5519,0,4,0,0,0,0,0.0,0.0,0.0,0.0,0.0,0.0,0,0.0,0.0
5520,0,27,0,0,0,0,0.0,0.0,0.0,0.0,0.0,0.0,0,0.0,0.0
5521,12,37,3,12,0,12,0.0,1.0,0.0,0.0,0.3333333333333333,0.004219409282700422,2,0.6666666666666666,0.7051240148919163
5522,0,2,0,0,0,0,0.0,0.0,0.0,0.0,0.0,0.0,0,0.0,0.0
5523,4,2,1,4,0,4,0.0,1.0,0.0,0.0,1.0,0.009523809523809525,0,0.0,1.4649735207179269
5524,4,34,1,4,1,3,0.25,0.75,1.0,0.006666666666666667,2.0,0.015267175572519083,0,0.0,0.4526808302869428
5525,39,2,11,39,0,39,0.0,1.0,0.0,0.0,0.0,0.0,11,1.0,3.357762781432299
5526,4,1,1,4,0,4,0.0,1.0,0.0,0.0,0.0,0.0,1,1.0,2.321928094887362
5527,4,39,1,4,4,0,1.0,0.0,6.0,0.08471655586112371,10.0,0.06666666666666667,0,0.0,0.43629452587267725
5528,5,39,1,5,2,3,0.4,0.6,0.8,0.01321917808219178,3.0,0.025,0,0.0,0.48571917069012305
5529,35,39,10,35,15,20,0.42857142857142855,0.5714285714285714,0.7714285714285715,0.010596884812115284,1.1,0.00949672677770566,4,0.4,0.9714383413802461
5530,0,1,0,0,0,0,0.0,0.0,0.0,0.0,0.0,0.0,0,0.0,0.0
5531,3,22,1,3,3,0,1.0,0.0,3.0,0.03452991452991453,2.0,0.02666666666666667,0,0.0,0.4421294589150075
5532,1,8,1,1,0,1,0.0,1.0,0.0,0.0,0.0,0.0,1,1.0,0.3154648767857287
5533,0,39,0,0,0,0,0.0,0.0,0.0,0.0,0.0,0.0,0,0.0,0.0
5534,0,29,0,0,0,0,0.0,0.0,0.0,0.0,0.0,0.0,0,0.0,0.0
5535,0,4,0,0,0,0,0.0,0.0,0.0,0.0,0.0,0.0,0,0.0,0.0
5536,39,37,11,39,29,10,0.7435897435897436,0.2564102564102564,1.794871794871795,0.027171308978497198,2.090909090909091,0.02925098271384693,5,0.45454545454545453,1.0141009153145142
5537,15,12,4,15,8,7,0.5333333333333333,0.4666666666666667,0.7333333333333333,0.015440428687846881,1.0,0.01693338247866529,1,0.25,1.080952617709279
5538,10,38,3,10,5,5,0.5,0.5,1.2,0.01424522753868102,0.0,0.0,3,1.0,0.6545257059702043
5539,0,30,0,0,0,0,0.0,0.0,0.0,0.0,0.0,0.0,0,0.0,0.0
5540,0,39,0,0,0,0,0.0,0.0,0.0,0.0,0.0,0.0,0,0.0,0.0
5541,0,23,0,0,0,0,0.0,0.0,0.0,0.0,0.0,0.0,0,0.0,0.0
5542,0,1,0,0,0,0,0.0,0.0,0.0,0.0,0.0,0.0,0,0.0,0.0
5543,0,10,0,0,0,0,0.0,0.0,0.0,0.0,0.0,0.0,0,0.0,0.0
5544,0,29,0,0,0,0,0.0,0.0,0.0,0.0,0.0,0.0,0,0.0,0.0
5545,65,38,18,65,15,50,0.23076923076923078,0.7692307692307692,0.3076923076923077,0.00703962251300974,0.5555555555555556,0.009077289711523565,13,0.7222222222222222,1.1436015404442743
5546,0,7,0,0,0,0,0.0,0.0,0.0,0.0,0.0,0.0,0,0.0,0.0
5547,0,39,0,0,0,0,0.0,0.0,0.0,0.0,0.0,0.0,0,0.0,0.0
5548,4,38,1,4,2,2,0.5,0.5,0.75,0.0060526315789473685,0.0,0.0,1,1.0,0.4393096303250101
5549,6,37,1,6,3,3,0.5,0.5,3.1666666666666665,0.033649216553950624,0.0,0.0,1,1.0,0.5349454455813307
5550,51,6,14,51,15,36,0.29411764705882354,0.7058823529411764,0.35294117647058826,0.007823838807722056,0.2857142857142857,0.004436701509872242,12,0.8571428571428571,2.030537597277885
5551,0,1,0,0,0,0,0.0,0.0,0.0,0.0,0.0,0.0,0,0.0,0.0
5552,0,13,0,0,0,0,0.0,0.0,0.0,0.0,0.0,0.0,0,0.0,0.0
5553,0,38,0,0,0,0,0.0,0.0,0.0,0.0,0.0,0.0,0,0.0,0.0
5554,0,1,0,0,0,0,0.0,0.0,0.0,0.0,0.0,0.0,0,0.0,0.0
5555,2,2,1,2,0,2,0.0,1.0,0.0,0.0,0.0,0.0,1,1.0,1.0
5556,0,39,0,0,0,0,0.0,0.0,0.0,0.0,0.0,0.0,0,0.0,0.0
5557,0,4,0,0,0,0,0.0,0.0,0.0,0.0,0.0,0.0,0,0.0,0.0
5558,0,3,0,0,0,0,0.0,0.0,0.0,0.0,0.0,0.0,0,0.0,0.0
5559,0,11,0,0,0,0,0.0,0.0,0.0,0.0,0.0,0.0,0,0.0,0.0
5560,0,39,0,0,0,0,0.0,0.0,0.0,0.0,0.0,0.0,0,0.0,0.0
5561,0,6,0,0,0,0,0.0,0.0,0.0,0.0,0.0,0.0,0,0.0,0.0
5562,0,2,0,0,0,0,0.0,0.0,0.0,0.0,0.0,0.0,0,0.0,0.0
5563,3,9,1,3,1,2,0.3333333333333333,0.6666666666666667,0.3333333333333333,0.0035460992907801418,0.0,0.0,1,1.0,0.6020599913279623
5564,0,8,0,0,0,0,0.0,0.0,0.0,0.0,0.0,0.0,0,0.0,0.0
5565,9,36,2,9,5,4,0.5555555555555556,0.4444444444444444,2.0,0.022100642788482762,5.0,0.05298245614035088,0,0.0,0.637673065048409
5566,0,3,0,0,0,0,0.0,0.0,0.0,0.0,0.0,0.0,0,0.0,0.0
5567,0,8,0,0,0,0,0.0,0.0,0.0,0.0,0.0,0.0,0,0.0,0.0
5568,0,1,0,0,0,0,0.0,0.0,0.0,0.0,0.0,0.0,0,0.0,0.0
5569,14,39,4,14,8,6,0.5714285714285714,0.4285714285714286,1.8571428571428572,0.02997888967330486,1.25,0.018426501035196687,2,0.5,0.7341118718536928
5570,4,39,1,4,2,2,0.5,0.5,0.5,0.009302689180737962,0.0,0.0,1,1.0,0.43629452587267725
5571,0,1,0,0,0,0,0.0,0.0,0.0,0.0,0.0,0.0,0,0.0,0.0
5572,0,1,0,0,0,0,0.0,0.0,0.0,0.0,0.0,0.0,0,0.0,0.0
5573,0,39,0,0,0,0,0.0,0.0,0.0,0.0,0.0,0.0,0,0.0,0.0
5574,0,5,0,0,0,0,0.0,0.0,0.0,0.0,0.0,0.0,0,0.0,0.0
5575,0,3,0,0,0,0,0.0,0.0,0.0,0.0,0.0,0.0,0,0.0,0.0
5576,2,39,1,2,1,1,0.5,0.5,5.0,0.09803921568627451,2.0,0.015873015873015872,0,0.0,0.2978173459810155
5577,0,3,0,0,0,0,0.0,0.0,0.0,0.0,0.0,0.0,0,0.0,0.0
5578,5,27,1,5,4,1,0.8,0.19999999999999996,2.0,0.015884030245693896,0.0,0.0,1,1.0,0.5377099345963751
5579,0,11,0,0,0,0,0.0,0.0,0.0,0.0,0.0,0.0,0,0.0,0.0
5580,2,3,1,2,1,1,0.5,0.5,0.5,0.009259259259259259,0.0,0.0,1,1.0,0.7924812503605781
5581,0,3,0,0,0,0,0.0,0.0,0.0,0.0,0.0,0.0,0,0.0,0.0
5582,0,6,0,0,0,0,0.0,0.0,0.0,0.0,0.0,0.0,0,0.0,0.0
5583,0,38,0,0,0,0,0.0,0.0,0.0,0.0,0.0,0.0,0,0.0,0.0
5584,0,36,0,0,0,0,0.0,0.0,0.0,0.0,0.0,0.0,0,0.0,0.0
5585,0,1,0,0,0,0,0.0,0.0,0.0,0.0,0.0,0.0,0,0.0,0.0
5586,0,1,0,0,0,0,0.0,0.0,0.0,0.0,0.0,0.0,0,0.0,0.0
5587,0,3,0,0,0,0,0.0,0.0,0.0,0.0,0.0,0.0,0,0.0,0.0
5588,0,38,0,0,0,0,0.0,0.0,0.0,0.0,0.0,0.0,0,0.0,0.0
5589,0,17,0,0,0,0,0.0,0.0,0.0,0.0,0.0,0.0,0,0.0,0.0
5590,0,1,0,0,0,0,0.0,0.0,0.0,0.0,0.0,0.0,0,0.0,0.0
5591,4,31,1,4,2,2,0.5,0.5,0.5,0.011574074074074073,3.0,0.02564102564102564,0,0.0,0.46438561897747244
5592,1,1,1,1,0,1,0.0,1.0,0.0,0.0,0.0,0.0,1,1.0,1.0
5593,12,38,3,12,11,1,0.9166666666666666,0.08333333333333337,2.5,0.062120694159805284,5.333333333333333,0.093054718875502,0,0.0,0.7001245250427999
5594,0,16,0,0,0,0,0.0,0.0,0.0,0.0,0.0,0.0,0,0.0,0.0
5595,0,39,0,0,0,0,0.0,0.0,0.0,0.0,0.0,0.0,0,0.0,0.0
5596,0,1,0,0,0,0,0.0,0.0,0.0,0.0,0.0,0.0,0,0.0,0.0
5597,1,9,1,1,0,1,0.0,1.0,0.0,0.0,1.0,0.03333333333333333,0,0.0,0.30102999566398114
5598,0,10,0,0,0,0,0.0,0.0,0.0,0.0,0.0,0.0,0,0.0,0.0
5599,0,33,0,0,0,0,0.0,0.0,0.0,0.0,0.0,0.0,0,0.0,0.0
5600,0,19,0,0,0,0,0.0,0.0,0.0,0.0,0.0,0.0,0,0.0,0.0
5601,0,1,0,0,0,0,0.0,0.0,0.0,0.0,0.0,0.0,0,0.0,0.0
5602,6,39,1,6,6,0,1.0,0.0,2.8333333333333335,0.045541724212361516,2.0,0.017094017094017096,0,0.0,0.5275071124607182
5603,0,13,0,0,0,0,0.0,0.0,0.0,0.0,0.0,0.0,0,0.0,0.0
5604,5,35,1,5,5,0,1.0,0.0,1.8,0.02862416738296756,2.0,0.028985507246376812,0,0.0,0.5
5605,0,6,0,0,0,0,0.0,0.0,0.0,0.0,0.0,0.0,0,0.0,0.0
5606,0,4,0,0,0,0,0.0,0.0,0.0,0.0,0.0,0.0,0,0.0,0.0
5607,0,31,0,0,0,0,0.0,0.0,0.0,0.0,0.0,0.0,0,0.0,0.0
5608,0,1,0,0,0,0,0.0,0.0,0.0,0.0,0.0,0.0,0,0.0,0.0
5609,0,4,0,0,0,0,0.0,0.0,0.0,0.0,0.0,0.0,0,0.0,0.0
5610,0,11,0,0,0,0,0.0,0.0,0.0,0.0,0.0,0.0,0,0.0,0.0
5611,30,38,8,30,24,6,0.8,0.19999999999999996,1.9333333333333333,0.02663120740460653,1.375,0.021156167775886085,3,0.375,0.9373357230423479
5612,0,7,0,0,0,0,0.0,0.0,0.0,0.0,0.0,0.0,0,0.0,0.0
5613,0,33,0,0,0,0,0.0,0.0,0.0,0.0,0.0,0.0,0,0.0,0.0
5614,27,39,8,27,11,16,0.4074074074074074,0.5925925925925926,1.1111111111111112,0.010893472423868893,1.125,0.010909569897607715,2,0.25,0.9033107618789334
5615,2,3,1,2,1,1,0.5,0.5,1.0,0.022727272727272728,0.0,0.0,1,1.0,0.7924812503605781
5616,29,5,8,29,8,21,0.27586206896551724,0.7241379310344828,0.3793103448275862,0.003249271557277797,0.25,0.002173913043478261,7,0.875,1.8982444017039273
5617,0,5,0,0,0,0,0.0,0.0,0.0,0.0,0.0,0.0,0,0.0,0.0
5618,0,1,0,0,0,0,0.0,0.0,0.0,0.0,0.0,0.0,0,0.0,0.0
5619,8,39,2,8,6,2,0.75,0.25,2.125,0.05315390307066222,1.0,0.02040816326530612,1,0.5,0.595634691962031
5620,4,31,1,4,4,0,1.0,0.0,2.25,0.08361118384684764,0.0,0.0,1,1.0,0.46438561897747244
5621,0,8,0,0,0,0,0.0,0.0,0.0,0.0,0.0,0.0,0,0.0,0.0
5622,0,6,0,0,0,0,0.0,0.0,0.0,0.0,0.0,0.0,0,0.0,0.0
5623,12,38,3,12,6,6,0.5,0.5,0.6666666666666666,0.009558724416729489,1.6666666666666667,0.015929303163345714,1,0.3333333333333333,0.7001245250427999
5624,0,26,0,0,0,0,0.0,0.0,0.0,0.0,0.0,0.0,0,0.0,0.0
5625,0,1,0,0,0,0,0.0,0.0,0.0,0.0,0.0,0.0,0,0.0,0.0
5626,0,16,0,0,0,0,0.0,0.0,0.0,0.0,0.0,0.0,0,0.0,0.0
5627,0,37,0,0,0,0,0.0,0.0,0.0,0.0,0.0,0.0,0,0.0,0.0
5628,7,19,1,7,5,2,0.7142857142857143,0.2857142857142857,2.4285714285714284,0.04609228597099217,2.0,0.016666666666666666,0,0.0,0.6941346394792774
5629,0,2,0,0,0,0,0.0,0.0,0.0,0.0,0.0,0.0,0,0.0,0.0
5630,0,8,0,0,0,0,0.0,0.0,0.0,0.0,0.0,0.0,0,0.0,0.0
5631,0,1,0,0,0,0,0.0,0.0,0.0,0.0,0.0,0.0,0,0.0,0.0
5632,0,28,0,0,0,0,0.0,0.0,0.0,0.0,0.0,0.0,0,0.0,0.0
5633,0,3,0,0,0,0,0.0,0.0,0.0,0.0,0.0,0.0,0,0.0,0.0
5634,0,6,0,0,0,0,0.0,0.0,0.0,0.0,0.0,0.0,0,0.0,0.0
5635,16,3,4,16,6,10,0.375,0.625,0.375,0.007919418372436107,0.5,0.007536606373815676,2,0.5,2.04373142062517
5636,0,2,0,0,0,0,0.0,0.0,0.0,0.0,0.0,0.0,0,0.0,0.0
5637,42,36,12,42,20,22,0.47619047619047616,0.5238095238095238,1.0952380952380953,0.01617093895894483,1.1666666666666667,0.010656278252709398,7,0.5833333333333334,1.0416188367293258
5638,0,6,0,0,0,0,0.0,0.0,0.0,0.0,0.0,0.0,0,0.0,0.0
5639,0,3,0,0,0,0,0.0,0.0,0.0,0.0,0.0,0.0,0,0.0,0.0
5640,0,31,0,0,0,0,0.0,0.0,0.0,0.0,0.0,0.0,0,0.0,0.0
5641,0,32,0,0,0,0,0.0,0.0,0.0,0.0,0.0,0.0,0,0.0,0.0
5642,5,32,1,5,2,3,0.4,0.6,1.0,0.03533697632058288,2.0,0.041666666666666664,0,0.0,0.5124426124439919
5643,0,3,0,0,0,0,0.0,0.0,0.0,0.0,0.0,0.0,0,0.0,0.0
5644,0,17,0,0,0,0,0.0,0.0,0.0,0.0,0.0,0.0,0,0.0,0.0
5645,0,22,0,0,0,0,0.0,0.0,0.0,0.0,0.0,0.0,0,0.0,0.0
5646,2,13,1,2,0,2,0.0,1.0,0.0,0.0,0.0,0.0,1,1.0,0.4162896638657993
5647,0,12,0,0,0,0,0.0,0.0,0.0,0.0,0.0,0.0,0,0.0,0.0
5648,0,17,0,0,0,0,0.0,0.0,0.0,0.0,0.0,0.0,0,0.0,0.0
5649,19,39,6,19,6,13,0.3157894736842105,0.6842105263157895,0.47368421052631576,0.011959656033870347,0.5,0.00652843348681782,3,0.5,0.8120981752908923
5650,0,2,0,0,0,0,0.0,0.0,0.0,0.0,0.0,0.0,0,0.0,0.0
5651,0,1,0,0,0,0,0.0,0.0,0.0,0.0,0.0,0.0,0,0.0,0.0
5652,0,26,0,0,0,0,0.0,0.0,0.0,0.0,0.0,0.0,0,0.0,0.0
5653,15,37,4,15,12,3,0.8,0.19999999999999996,2.2,0.05142372933100397,0.5,0.009901960784313726,2,0.5,0.7622056497070936
5654,3,15,1,3,2,1,0.6666666666666666,0.33333333333333337,0.6666666666666666,0.01142057176539935,1.0,0.01,0,0.0,0.5
5655,0,10,0,0,0,0,0.0,0.0,0.0,0.0,0.0,0.0,0,0.0,0.0
5656,0,14,0,0,0,0,0.0,0.0,0.0,0.0,0.0,0.0,0,0.0,0.0
5657,2,39,1,2,1,1,0.5,0.5,0.5,0.003355704697986577,0.0,0.0,1,1.0,0.2978173459810155
5658,14,35,4,14,9,5,0.6428571428571429,0.3571428571428571,1.5,0.03180572981888168,0.75,0.012623096987118066,1,0.25,0.7556957972346928
5659,0,4,0,0,0,0,0.0,0.0,0.0,0.0,0.0,0.0,0,0.0,0.0
5660,0,2,0,0,0,0,0.0,0.0,0.0,0.0,0.0,0.0,0,0.0,0.0
5661,0,24,0,0,0,0,0.0,0.0,0.0,0.0,0.0,0.0,0,0.0,0.0
5662,21,20,6,21,16,5,0.7619047619047619,0.23809523809523814,1.1904761904761905,0.03260908556700744,1.1666666666666667,0.02362224371967324,3,0.5,1.0152799056622093
5663,3,38,1,3,0,3,0.0,1.0,0.0,0.0,0.0,0.0,1,1.0,0.37840071903374006
5664,0,2,0,0,0,0,0.0,0.0,0.0,0.0,0.0,0.0,0,0.0,0.0
5665,4,36,1,4,2,2,0.5,0.5,1.25,0.008333333333333333,1.0,0.01639344262295082,0,0.0,0.4457143450418488
5666,0,35,0,0,0,0,0.0,0.0,0.0,0.0,0.0,0.0,0,0.0,0.0
5667,1,39,1,1,1,0,1.0,0.0,3.0,0.02586206896551724,4.0,0.041666666666666664,0,0.0,0.18790182470910757
5668,0,3,0,0,0,0,0.0,0.0,0.0,0.0,0.0,0.0,0,0.0,0.0
5669,17,30,4,17,14,3,0.8235294117647058,0.17647058823529416,2.176470588235294,0.0299114261206687,3.5,0.1190340909090909,0,0.0,0.8416955526569921
5670,2,7,1,2,0,2,0.0,1.0,0.0,0.0,0.0,0.0,1,1.0,0.5283208335737188
5671,0,39,0,0,0,0,0.0,0.0,0.0,0.0,0.0,0.0,0,0.0,0.0
5672,12,6,3,12,6,6,0.5,0.5,0.9166666666666666,0.012286417582259799,0.0,0.0,3,1.0,1.318123223061841
5673,70,6,20,70,5,65,0.07142857142857142,0.9285714285714286,0.08571428571428572,0.0014890870235166227,0.1,0.0018002322880371659,18,0.9,2.1905841228644247
5674,0,30,0,0,0,0,0.0,0.0,0.0,0.0,0.0,0.0,0,0.0,0.0
5675,0,5,0,0,0,0,0.0,0.0,0.0,0.0,0.0,0.0,0,0.0,0.0
5676,0,1,0,0,0,0,0.0,0.0,0.0,0.0,0.0,0.0,0,0.0,0.0
5677,0,7,0,0,0,0,0.0,0.0,0.0,0.0,0.0,0.0,0,0.0,0.0
5678,1,27,1,1,1,0,1.0,0.0,3.0,0.07142857142857142,1.0,0.03225806451612903,0,0.0,0.20801459767650946
5679,0,37,0,0,0,0,0.0,0.0,0.0,0.0,0.0,0.0,0,0.0,0.0
5680,0,37,0,0,0,0,0.0,0.0,0.0,0.0,0.0,0.0,0,0.0,0.0
5681,2,39,1,2,2,0,1.0,0.0,3.5,0.038375350140056025,0.0,0.0,1,1.0,0.2978173459810155
5682,7,36,1,7,4,3,0.5714285714285714,0.4285714285714286,1.1428571428571428,0.025858969768744206,3.0,0.02,0,0.0,0.5758761600196804
5683,0,3,0,0,0,0,0.0,0.0,0.0,0.0,0.0,0.0,0,0.0,0.0
5684,0,1,0,0,0,0,0.0,0.0,0.0,0.0,0.0,0.0,0,0.0,0.0
5685,0,15,0,0,0,0,0.0,0.0,0.0,0.0,0.0,0.0,0,0.0,0.0
5686,0,1,0,0,0,0,0.0,0.0,0.0,0.0,0.0,0.0,0,0.0,0.0
5687,0,7,0,0,0,0,0.0,0.0,0.0,0.0,0.0,0.0,0,0.0,0.0
5688,0,1,0,0,0,0,0.0,0.0,0.0,0.0,0.0,0.0,0,0.0,0.0
5689,0,29,0,0,0,0,0.0,0.0,0.0,0.0,0.0,0.0,0,0.0,0.0
5690,0,2,0,0,0,0,0.0,0.0,0.0,0.0,0.0,0.0,0,0.0,0.0
5691,0,3,0,0,0,0,0.0,0.0,0.0,0.0,0.0,0.0,0,0.0,0.0
5692,4,4,1,4,1,3,0.25,0.75,0.25,0.003246753246753247,0.0,0.0,1,1.0,1.0
5693,0,6,0,0,0,0,0.0,0.0,0.0,0.0,0.0,0.0,0,0.0,0.0
5694,0,2,0,0,0,0,0.0,0.0,0.0,0.0,0.0,0.0,0,0.0,0.0
5695,0,10,0,0,0,0,0.0,0.0,0.0,0.0,0.0,0.0,0,0.0,0.0
5696,1,35,1,1,1,0,1.0,0.0,1.0,0.058823529411764705,2.0,0.037037037037037035,0,0.0,0.1934264036172708
5697,3,20,1,3,0,3,0.0,1.0,0.0,0.0,0.0,0.0,1,1.0,0.455340497393906
5698,0,4,0,0,0,0,0.0,0.0,0.0,0.0,0.0,0.0,0,0.0,0.0
5699,0,36,0,0,0,0,0.0,0.0,0.0,0.0,0.0,0.0,0,0.0,0.0
5700,26,39,8,26,7,19,0.2692307692307692,0.7307692307692308,0.4230769230769231,0.011669160776089572,0.25,0.004389255702280912,6,0.75,0.8934520379430465
5701,0,2,0,0,0,0,0.0,0.0,0.0,0.0,0.0,0.0,0,0.0,0.0
5702,0,1,0,0,0,0,0.0,0.0,0.0,0.0,0.0,0.0,0,0.0,0.0
5703,0,6,0,0,0,0,0.0,0.0,0.0,0.0,0.0,0.0,0,0.0,0.0
5704,2,4,1,2,0,2,0.0,1.0,0.0,0.0,0.0,0.0,1,1.0,0.6826061944859854
5705,6,1,1,6,0,6,0.0,1.0,0.0,0.0,0.0,0.0,1,1.0,2.807354922057604
5706,0,1,0,0,0,0,0.0,0.0,0.0,0.0,0.0,0.0,0,0.0,0.0
5707,19,19,6,19,8,11,0.42105263157894735,0.5789473684210527,0.47368421052631576,0.008878398745092032,0.3333333333333333,0.007575757575757576,5,0.8333333333333334,1.0
5708,0,10,0,0,0,0,0.0,0.0,0.0,0.0,0.0,0.0,0,0.0,0.0
5709,11,34,3,11,9,2,0.8181818181818182,0.18181818181818177,2.4545454545454546,0.03494137966003875,1.0,0.013241844227759722,1,0.3333333333333333,0.6989207826664988
5710,0,5,0,0,0,0,0.0,0.0,0.0,0.0,0.0,0.0,0,0.0,0.0
5711,0,3,0,0,0,0,0.0,0.0,0.0,0.0,0.0,0.0,0,0.0,0.0
5712,0,37,0,0,0,0,0.0,0.0,0.0,0.0,0.0,0.0,0,0.0,0.0
5713,0,25,0,0,0,0,0.0,0.0,0.0,0.0,0.0,0.0,0,0.0,0.0
5714,0,35,0,0,0,0,0.0,0.0,0.0,0.0,0.0,0.0,0,0.0,0.0
5715,12,38,3,12,2,10,0.16666666666666666,0.8333333333333334,0.16666666666666666,0.005324074074074074,0.0,0.0,3,1.0,0.7001245250427999
5716,0,36,0,0,0,0,0.0,0.0,0.0,0.0,0.0,0.0,0,0.0,0.0
5717,42,10,12,42,20,22,0.47619047619047616,0.5238095238095238,0.6666666666666666,0.011575386202757262,0.5,0.009856535826271546,7,0.5833333333333334,1.5685422788728383
5718,1,1,1,1,0,1,0.0,1.0,0.0,0.0,0.0,0.0,1,1.0,1.0
5719,0,1,0,0,0,0,0.0,0.0,0.0,0.0,0.0,0.0,0,0.0,0.0
5720,0,22,0,0,0,0,0.0,0.0,0.0,0.0,0.0,0.0,0,0.0,0.0
5721,0,1,0,0,0,0,0.0,0.0,0.0,0.0,0.0,0.0,0,0.0,0.0
5722,0,11,0,0,0,0,0.0,0.0,0.0,0.0,0.0,0.0,0,0.0,0.0
5723,2,2,1,2,0,2,0.0,1.0,0.0,0.0,0.0,0.0,1,1.0,1.0
5724,1,25,1,1,1,0,1.0,0.0,1.0,0.1,1.0,0.006666666666666667,0,0.0,0.21274605355336315
5725,69,12,20,69,5,64,0.07246376811594203,0.927536231884058,0.07246376811594203,0.000837135153028054,0.2,0.002032051282051282,17,0.85,1.6563661304619222
5726,0,1,0,0,0,0,0.0,0.0,0.0,0.0,0.0,0.0,0,0.0,0.0
5727,7,37,1,7,7,0,1.0,0.0,3.857142857142857,0.040136459325719666,1.0,0.011494252873563218,0,0.0,0.5716542372803202
5728,0,1,0,0,0,0,0.0,0.0,0.0,0.0,0.0,0.0,0,0.0,0.0
5729,0,8,0,0,0,0,0.0,0.0,0.0,0.0,0.0,0.0,0,0.0,0.0
5730,0,1,0,0,0,0,0.0,0.0,0.0,0.0,0.0,0.0,0,0.0,0.0
5731,0,3,0,0,0,0,0.0,0.0,0.0,0.0,0.0,0.0,0,0.0,0.0
5732,0,2,0,0,0,0,0.0,0.0,0.0,0.0,0.0,0.0,0,0.0,0.0
5733,0,5,0,0,0,0,0.0,0.0,0.0,0.0,0.0,0.0,0,0.0,0.0
5734,0,25,0,0,0,0,0.0,0.0,0.0,0.0,0.0,0.0,0,0.0,0.0
5735,0,31,0,0,0,0,0.0,0.0,0.0,0.0,0.0,0.0,0,0.0,0.0
5736,0,2,0,0,0,0,0.0,0.0,0.0,0.0,0.0,0.0,0,0.0,0.0
5737,9,39,2,9,3,6,0.3333333333333333,0.6666666666666667,1.1111111111111112,0.008634508576513548,0.0,0.0,2,1.0,0.6241963505817849
5738,0,18,0,0,0,0,0.0,0.0,0.0,0.0,0.0,0.0,0,0.0,0.0
5739,0,8,0,0,0,0,0.0,0.0,0.0,0.0,0.0,0.0,0,0.0,0.0
5740,0,24,0,0,0,0,0.0,0.0,0.0,0.0,0.0,0.0,0,0.0,0.0
5741,0,4,0,0,0,0,0.0,0.0,0.0,0.0,0.0,0.0,0,0.0,0.0
5742,0,39,0,0,0,0,0.0,0.0,0.0,0.0,0.0,0.0,0,0.0,0.0
5743,0,3,0,0,0,0,0.0,0.0,0.0,0.0,0.0,0.0,0,0.0,0.0
5744,24,33,6,24,18,6,0.75,0.25,2.0,0.03748793703602738,1.0,0.012566590098235667,3,0.5,0.9128039525166162
5745,0,2,0,0,0,0,0.0,0.0,0.0,0.0,0.0,0.0,0,0.0,0.0
5746,0,8,0,0,0,0,0.0,0.0,0.0,0.0,0.0,0.0,0,0.0,0.0
5747,0,35,0,0,0,0,0.0,0.0,0.0,0.0,0.0,0.0,0,0.0,0.0
5748,21,17,6,21,9,12,0.42857142857142855,0.5714285714285714,0.47619047619047616,0.005354499805845562,0.8333333333333334,0.037010582010582015,2,0.3333333333333333,1.0694272959573252
5749,0,14,0,0,0,0,0.0,0.0,0.0,0.0,0.0,0.0,0,0.0,0.0
5750,31,4,8,31,8,23,0.25806451612903225,0.7419354838709677,0.3548387096774194,0.008307222016899434,0.25,0.0016666666666666668,7,0.875,2.1533827903669653
5751,0,15,0,0,0,0,0.0,0.0,0.0,0.0,0.0,0.0,0,0.0,0.0
5752,0,6,0,0,0,0,0.0,0.0,0.0,0.0,0.0,0.0,0,0.0,0.0
5753,6,39,1,6,5,1,0.8333333333333334,0.16666666666666663,1.8333333333333333,0.01693978096728948,0.0,0.0,1,1.0,0.5275071124607182
5754,0,1,0,0,0,0,0.0,0.0,0.0,0.0,0.0,0.0,0,0.0,0.0
5755,0,37,0,0,0,0,0.0,0.0,0.0,0.0,0.0,0.0,0,0.0,0.0
5756,0,1,0,0,0,0,0.0,0.0,0.0,0.0,0.0,0.0,0,0.0,0.0
5757,2,1,1,2,0,2,0.0,1.0,0.0,0.0,0.0,0.0,1,1.0,1.5849625007211563
5758,0,1,0,0,0,0,0.0,0.0,0.0,0.0,0.0,0.0,0,0.0,0.0
5759,0,2,0,0,0,0,0.0,0.0,0.0,0.0,0.0,0.0,0,0.0,0.0
5760,0,11,0,0,0,0,0.0,0.0,0.0,0.0,0.0,0.0,0,0.0,0.0
5761,3,36,1,3,3,0,1.0,0.0,4.333333333333333,0.04812036342418938,7.0,0.08974358974358974,0,0.0,0.3839174400131203
5762,0,8,0,0,0,0,0.0,0.0,0.0,0.0,0.0,0.0,0,0.0,0.0
5763,1,3,1,1,0,1,0.0,1.0,0.0,0.0,0.0,0.0,1,1.0,0.5
5764,17,4,4,17,2,15,0.11764705882352941,0.8823529411764706,0.11764705882352941,0.0013311630958689781,0.25,0.004901960784313725,3,0.75,1.7958889470453636
5765,0,39,0,0,0,0,0.0,0.0,0.0,0.0,0.0,0.0,0,0.0,0.0
5766,1,36,1,1,1,0,1.0,0.0,2.0,0.037037037037037035,1.0,0.012987012987012988,0,0.0,0.19195872000656014
5767,0,35,0,0,0,0,0.0,0.0,0.0,0.0,0.0,0.0,0,0.0,0.0
5768,0,3,0,0,0,0,0.0,0.0,0.0,0.0,0.0,0.0,0,0.0,0.0
5769,0,7,0,0,0,0,0.0,0.0,0.0,0.0,0.0,0.0,0,0.0,0.0
5770,10,28,2,10,5,5,0.5,0.5,0.6,0.009103896103896104,1.0,0.011627906976744186,1,0.5,0.7121130408099613
5771,0,1,0,0,0,0,0.0,0.0,0.0,0.0,0.0,0.0,0,0.0,0.0
5772,0,39,0,0,0,0,0.0,0.0,0.0,0.0,0.0,0.0,0,0.0,0.0
5773,7,39,2,7,4,3,0.5714285714285714,0.4285714285714286,1.5714285714285714,0.021151771053248884,0.5,0.006944444444444444,1,0.5,0.5637054741273227
5774,0,1,0,0,0,0,0.0,0.0,0.0,0.0,0.0,0.0,0,0.0,0.0
5775,0,17,0,0,0,0,0.0,0.0,0.0,0.0,0.0,0.0,0,0.0,0.0
5776,0,2,0,0,0,0,0.0,0.0,0.0,0.0,0.0,0.0,0,0.0,0.0
5777,0,2,0,0,0,0,0.0,0.0,0.0,0.0,0.0,0.0,0,0.0,0.0
5778,0,7,0,0,0,0,0.0,0.0,0.0,0.0,0.0,0.0,0,0.0,0.0
5779,0,20,0,0,0,0,0.0,0.0,0.0,0.0,0.0,0.0,0,0.0,0.0
5780,4,5,1,4,1,3,0.25,0.75,0.25,0.0017857142857142857,1.0,0.00909090909090909,0,0.0,0.8982444017039272
5781,3,1,1,3,0,3,0.0,1.0,0.0,0.0,0.0,0.0,1,1.0,2.0
5782,52,39,14,52,12,40,0.23076923076923078,0.7692307692307692,0.3269230769230769,0.007254932311344552,0.35714285714285715,0.007867908489026501,9,0.6428571428571429,1.076286705201046
5783,14,37,4,14,12,2,0.8571428571428571,0.1428571428571429,2.9285714285714284,0.04097734612358945,0.75,0.012912951828046169,1,0.25,0.7444635211900812
5784,14,39,4,14,12,2,0.8571428571428571,0.1428571428571429,3.2857142857142856,0.042569573666141225,3.25,0.03600815100815101,0,0.0,0.7341118718536928
5785,0,10,0,0,0,0,0.0,0.0,0.0,0.0,0.0,0.0,0,0.0,0.0
5786,0,2,0,0,0,0,0.0,0.0,0.0,0.0,0.0,0.0,0,0.0,0.0
5787,0,1,0,0,0,0,0.0,0.0,0.0,0.0,0.0,0.0,0,0.0,0.0
5788,0,28,0,0,0,0,0.0,0.0,0.0,0.0,0.0,0.0,0,0.0,0.0
5789,0,16,0,0,0,0,0.0,0.0,0.0,0.0,0.0,0.0,0,0.0,0.0
5790,1,5,1,1,0,1,0.0,1.0,0.0,0.0,0.0,0.0,1,1.0,0.3868528072345416
5791,0,1,0,0,0,0,0.0,0.0,0.0,0.0,0.0,0.0,0,0.0,0.0
5792,70,19,20,70,12,58,0.17142857142857143,0.8285714285714285,0.2,0.006300441666367197,0.3,0.005515389082462253,17,0.85,1.4229174998953693
5793,0,1,0,0,0,0,0.0,0.0,0.0,0.0,0.0,0.0,0,0.0,0.0
5794,0,2,0,0,0,0,0.0,0.0,0.0,0.0,0.0,0.0,0,0.0,0.0
5795,40,39,11,40,4,36,0.1,0.9,0.175,0.0015734126984126983,0.0,0.0,11,1.0,1.0066937976416752
5796,1,31,1,1,0,1,0.0,1.0,0.0,0.0,0.0,0.0,1,1.0,0.19999999999999998
5797,0,1,0,0,0,0,0.0,0.0,0.0,0.0,0.0,0.0,0,0.0,0.0
5798,2,36,1,2,1,1,0.5,0.5,2.0,0.013333333333333334,3.0,0.02,0,0.0,0.30424737289682985
5799,0,15,0,0,0,0,0.0,0.0,0.0,0.0,0.0,0.0,0,0.0,0.0
5800,2,31,1,2,2,0,1.0,0.0,2.0,0.022134203168685928,3.0,0.06818181818181818,0,0.0,0.31699250014423125
5801,12,38,4,12,9,3,0.75,0.25,2.4166666666666665,0.03375431020470782,1.75,0.028144020350836255,0,0.0,0.7001245250427999
5802,0,5,0,0,0,0,0.0,0.0,0.0,0.0,0.0,0.0,0,0.0,0.0
5803,0,1,0,0,0,0,0.0,0.0,0.0,0.0,0.0,0.0,0,0.0,0.0
5804,0,2,0,0,0,0,0.0,0.0,0.0,0.0,0.0,0.0,0,0.0,0.0
5805,0,23,0,0,0,0,0.0,0.0,0.0,0.0,0.0,0.0,0,0.0,0.0
5806,0,14,0,0,0,0,0.0,0.0,0.0,0.0,0.0,0.0,0,0.0,0.0
5807,0,1,0,0,0,0,0.0,0.0,0.0,0.0,0.0,0.0,0,0.0,0.0
5808,0,3,0,0,0,0,0.0,0.0,0.0,0.0,0.0,0.0,0,0.0,0.0
5809,0,37,0,0,0,0,0.0,0.0,0.0,0.0,0.0,0.0,0,0.0,0.0
5810,0,12,0,0,0,0,0.0,0.0,0.0,0.0,0.0,0.0,0,0.0,0.0
5811,0,30,0,0,0,0,0.0,0.0,0.0,0.0,0.0,0.0,0,0.0,0.0
5812,0,18,0,0,0,0,0.0,0.0,0.0,0.0,0.0,0.0,0,0.0,0.0
5813,5,4,1,5,2,3,0.4,0.6,0.8,0.013436692506459947,0.0,0.0,1,1.0,1.1132827525593785
5814,0,1,0,0,0,0,0.0,0.0,0.0,0.0,0.0,0.0,0,0.0,0.0
5815,0,1,0,0,0,0,0.0,0.0,0.0,0.0,0.0,0.0,0,0.0,0.0
5816,4,15,1,4,1,3,0.25,0.75,0.25,0.007575757575757576,0.0,0.0,1,1.0,0.5804820237218405
5817,2,1,1,2,1,1,0.5,0.5,0.5,0.004166666666666667,0.0,0.0,1,1.0,1.5849625007211563
5818,0,1,0,0,0,0,0.0,0.0,0.0,0.0,0.0,0.0,0,0.0,0.0
5819,0,15,0,0,0,0,0.0,0.0,0.0,0.0,0.0,0.0,0,0.0,0.0
5820,0,8,0,0,0,0,0.0,0.0,0.0,0.0,0.0,0.0,0,0.0,0.0
5821,9,12,2,9,4,5,0.4444444444444444,0.5555555555555556,0.7777777777777778,0.00765789130292947,0.5,0.00641025641025641,1,0.5,0.8977117175026231
5822,0,10,0,0,0,0,0.0,0.0,0.0,0.0,0.0,0.0,0,0.0,0.0
5823,0,13,0,0,0,0,0.0,0.0,0.0,0.0,0.0,0.0,0,0.0,0.0
5824,0,2,0,0,0,0,0.0,0.0,0.0,0.0,0.0,0.0,0,0.0,0.0
5825,0,2,0,0,0,0,0.0,0.0,0.0,0.0,0.0,0.0,0,0.0,0.0
5826,4,39,1,4,4,0,1.0,0.0,3.0,0.028378039583075554,1.0,0.010638297872340425,0,0.0,0.43629452587267725
5827,21,32,6,21,15,6,0.7142857142857143,0.2857142857142857,2.0952380952380953,0.051109884902761984,2.6666666666666665,0.04092693236714976,2,0.3333333333333333,0.8840371138971291
5828,0,39,0,0,0,0,0.0,0.0,0.0,0.0,0.0,0.0,0,0.0,0.0
5829,22,39,6,22,14,8,0.6363636363636364,0.36363636363636365,1.6818181818181819,0.034575579814116075,0.5,0.010809451985922572,4,0.6666666666666666,0.8499855457278126
5830,0,1,0,0,0,0,0.0,0.0,0.0,0.0,0.0,0.0,0,0.0,0.0
5831,0,1,0,0,0,0,0.0,0.0,0.0,0.0,0.0,0.0,0,0.0,0.0
5832,0,1,0,0,0,0,0.0,0.0,0.0,0.0,0.0,0.0,0,0.0,0.0
5833,4,9,1,4,3,1,0.75,0.25,1.75,0.021235431235431236,1.0,0.018867924528301886,0,0.0,0.6989700043360187
5834,0,3,0,0,0,0,0.0,0.0,0.0,0.0,0.0,0.0,0,0.0,0.0
5835,0,1,0,0,0,0,0.0,0.0,0.0,0.0,0.0,0.0,0,0.0,0.0
5836,3,21,1,3,2,1,0.6666666666666666,0.33333333333333337,1.3333333333333333,0.021222656815877153,0.0,0.0,1,1.0,0.4484876484351508
5837,7,32,2,7,4,3,0.5714285714285714,0.4285714285714286,1.7142857142857142,0.019700091575091578,1.0,0.019047619047619046,0,0.0,0.5947195895116816
5838,11,37,3,11,2,9,0.18181818181818182,0.8181818181818181,0.2727272727272727,0.0018429189857761285,0.0,0.0,3,1.0,0.6831196680094339
5839,0,38,0,0,0,0,0.0,0.0,0.0,0.0,0.0,0.0,0,0.0,0.0
5840,7,13,2,7,7,0,1.0,0.0,2.5714285714285716,0.07583655389065926,1.0,0.019230769230769232,1,0.5,0.7879486051115806
5841,0,4,0,0,0,0,0.0,0.0,0.0,0.0,0.0,0.0,0,0.0,0.0
5842,0,4,0,0,0,0,0.0,0.0,0.0,0.0,0.0,0.0,0,0.0,0.0
5843,0,1,0,0,0,0,0.0,0.0,0.0,0.0,0.0,0.0,0,0.0,0.0
5844,5,30,1,5,4,1,0.8,0.19999999999999996,2.6,0.02966233766233766,0.0,0.0,1,1.0,0.521772319619546
5845,7,28,1,7,4,3,0.5714285714285714,0.4285714285714286,2.0,0.02795926494851226,1.0,0.017241379310344827,0,0.0,0.6175404973813033
5846,0,2,0,0,0,0,0.0,0.0,0.0,0.0,0.0,0.0,0,0.0,0.0
5847,6,36,1,6,3,3,0.5,0.5,2.0,0.036581314585404694,0.0,0.0,1,1.0,0.5388962574422941
5848,8,39,2,8,7,1,0.875,0.125,2.125,0.04741666163663473,0.0,0.0,2,1.0,0.595634691962031
5849,0,3,0,0,0,0,0.0,0.0,0.0,0.0,0.0,0.0,0,0.0,0.0
5850,0,11,0,0,0,0,0.0,0.0,0.0,0.0,0.0,0.0,0,0.0,0.0
5851,0,35,0,0,0,0,0.0,0.0,0.0,0.0,0.0,0.0,0,0.0,0.0
5852,0,5,0,0,0,0,0.0,0.0,0.0,0.0,0.0,0.0,0,0.0,0.0
5853,0,33,0,0,0,0,0.0,0.0,0.0,0.0,0.0,0.0,0,0.0,0.0
5854,5,25,1,5,0,5,0.0,1.0,0.0,0.0,0.0,0.0,1,1.0,0.5499405706118586
5855,0,4,0,0,0,0,0.0,0.0,0.0,0.0,0.0,0.0,0,0.0,0.0
5856,0,32,0,0,0,0,0.0,0.0,0.0,0.0,0.0,0.0,0,0.0,0.0
5857,0,2,0,0,0,0,0.0,0.0,0.0,0.0,0.0,0.0,0,0.0,0.0
5858,0,11,0,0,0,0,0.0,0.0,0.0,0.0,0.0,0.0,0,0.0,0.0
5859,0,2,0,0,0,0,0.0,0.0,0.0,0.0,0.0,0.0,0,0.0,0.0
5860,35,39,10,35,27,8,0.7714285714285715,0.22857142857142854,1.5142857142857142,0.02653136414365756,2.7,0.0485650813779515,4,0.4,0.9714383413802461
5861,0,1,0,0,0,0,0.0,0.0,0.0,0.0,0.0,0.0,0,0.0,0.0
5862,0,36,0,0,0,0,0.0,0.0,0.0,0.0,0.0,0.0,0,0.0,0.0
5863,2,13,1,2,1,1,0.5,0.5,1.0,0.03333333333333333,0.0,0.0,1,1.0,0.4162896638657993
5864,0,1,0,0,0,0,0.0,0.0,0.0,0.0,0.0,0.0,0,0.0,0.0
5865,0,16,0,0,0,0,0.0,0.0,0.0,0.0,0.0,0.0,0,0.0,0.0
5866,6,39,1,6,5,1,0.8333333333333334,0.16666666666666663,4.5,0.04733769189253551,0.0,0.0,1,1.0,0.5275071124607182
5867,0,37,0,0,0,0,0.0,0.0,0.0,0.0,0.0,0.0,0,0.0,0.0
5868,0,18,0,0,0,0,0.0,0.0,0.0,0.0,0.0,0.0,0,0.0,0.0
5869,4,10,1,4,1,3,0.25,0.75,0.25,0.0035714285714285713,0.0,0.0,1,1.0,0.6711877414712396
5870,19,39,5,19,12,7,0.631578947368421,0.368421052631579,1.736842105263158,0.026541001506892783,1.6,0.022654905105586744,2,0.4,0.8120981752908923
5871,0,38,0,0,0,0,0.0,0.0,0.0,0.0,0.0,0.0,0,0.0,0.0
5872,4,12,1,4,1,3,0.25,0.75,0.5,0.003355704697986577,2.0,0.023255813953488372,0,0.0,0.6274735630753033
5873,7,14,2,7,0,7,0.0,1.0,0.0,0.0,0.0,0.0,2,1.0,0.7678740744294464
5874,0,17,0,0,0,0,0.0,0.0,0.0,0.0,0.0,0.0,0,0.0,0.0
5875,1,9,1,1,1,0,1.0,0.0,1.0,0.0196078431372549,0.0,0.0,1,1.0,0.30102999566398114
5876,0,3,0,0,0,0,0.0,0.0,0.0,0.0,0.0,0.0,0,0.0,0.0
5877,0,26,0,0,0,0,0.0,0.0,0.0,0.0,0.0,0.0,0,0.0,0.0
5878,3,21,1,3,2,1,0.6666666666666666,0.33333333333333337,1.3333333333333333,0.012567656765676567,0.0,0.0,1,1.0,0.4484876484351508
5879,17,31,5,17,12,5,0.7058823529411765,0.2941176470588235,1.8235294117647058,0.03310807314016655,2.2,0.05240987933634993,1,0.2,0.8339850002884625
5880,0,1,0,0,0,0,0.0,0.0,0.0,0.0,0.0,0.0,0,0.0,0.0
5881,0,1,0,0,0,0,0.0,0.0,0.0,0.0,0.0,0.0,0,0.0,0.0
5882,0,20,0,0,0,0,0.0,0.0,0.0,0.0,0.0,0.0,0,0.0,0.0
5883,0,8,0,0,0,0,0.0,0.0,0.0,0.0,0.0,0.0,0,0.0,0.0
5884,0,32,0,0,0,0,0.0,0.0,0.0,0.0,0.0,0.0,0,0.0,0.0
5885,0,36,0,0,0,0,0.0,0.0,0.0,0.0,0.0,0.0,0,0.0,0.0
5886,7,1,1,7,0,7,0.0,1.0,0.0,0.0,0.0,0.0,1,1.0,3.0
5887,7,14,1,7,5,2,0.7142857142857143,0.2857142857142857,1.7142857142857142,0.01790837681571401,1.0,0.08333333333333333,0,0.0,0.7678740744294464
5888,5,31,1,5,1,4,0.2,0.8,0.4,0.005128205128205128,0.0,0.0,1,1.0,0.5169925001442313
5889,31,36,8,31,23,8,0.7419354838709677,0.25806451612903225,2.4838709677419355,0.03611199645843269,1.75,0.025544891676614178,1,0.125,0.9597936000328008
5890,0,38,0,0,0,0,0.0,0.0,0.0,0.0,0.0,0.0,0,0.0,0.0
5891,0,38,0,0,0,0,0.0,0.0,0.0,0.0,0.0,0.0,0,0.0,0.0
5892,0,6,0,0,0,0,0.0,0.0,0.0,0.0,0.0,0.0,0,0.0,0.0
5893,0,1,0,0,0,0,0.0,0.0,0.0,0.0,0.0,0.0,0,0.0,0.0
5894,0,1,0,0,0,0,0.0,0.0,0.0,0.0,0.0,0.0,0,0.0,0.0
5895,2,35,1,2,2,0,1.0,0.0,2.5,0.05625327053898482,3.0,0.05084745762711865,0,0.0,0.30657359638272924
5896,12,24,4,12,5,7,0.4166666666666667,0.5833333333333333,0.75,0.01656888468482671,1.0,0.012952898550724637,2,0.5,0.7968463205835412
5897,6,3,1,6,0,6,0.0,1.0,0.0,0.0,0.0,0.0,1,1.0,1.403677461028802
5898,0,1,0,0,0,0,0.0,0.0,0.0,0.0,0.0,0.0,0,0.0,0.0
5899,15,32,4,15,6,9,0.4,0.6,0.6,0.009543421058437255,0.25,0.011363636363636364,3,0.75,0.7929594526822421
5900,0,6,0,0,0,0,0.0,0.0,0.0,0.0,0.0,0.0,0,0.0,0.0
5901,3,34,1,3,3,0,1.0,0.0,6.0,0.07521393595219099,0.0,0.0,1,1.0,0.3899180437875726
5902,2,35,1,2,2,0,1.0,0.0,2.5,0.017481767481767482,4.0,0.05405405405405406,0,0.0,0.30657359638272924
5903,7,39,2,7,5,2,0.7142857142857143,0.2857142857142857,3.0,0.06742018434700815,2.5,0.016666666666666666,1,0.5,0.5637054741273227
5904,0,5,0,0,0,0,0.0,0.0,0.0,0.0,0.0,0.0,0,0.0,0.0
5905,6,14,1,6,1,5,0.16666666666666666,0.8333333333333334,0.16666666666666666,0.004629629629629629,0.0,0.0,1,1.0,0.7185650207899779
5906,8,15,2,8,5,3,0.625,0.375,1.0,0.010686987470524056,1.0,0.007633587786259542,1,0.5,0.7924812503605781
5907,14,2,4,14,0,14,0.0,1.0,0.0,0.0,0.0,0.0,4,1.0,2.464973520717927
5908,0,4,0,0,0,0,0.0,0.0,0.0,0.0,0.0,0.0,0,0.0,0.0
5909,0,2,0,0,0,0,0.0,0.0,0.0,0.0,0.0,0.0,0,0.0,0.0
5910,0,20,0,0,0,0,0.0,0.0,0.0,0.0,0.0,0.0,0,0.0,0.0
5911,0,4,0,0,0,0,0.0,0.0,0.0,0.0,0.0,0.0,0,0.0,0.0
5912,0,32,0,0,0,0,0.0,0.0,0.0,0.0,0.0,0.0,0,0.0,0.0
5913,14,3,4,14,0,14,0.0,1.0,0.0,0.0,0.0,0.0,4,1.0,1.9534452978042594
5914,14,35,4,14,7,7,0.5,0.5,1.0714285714285714,0.02284386093120749,0.0,0.0,4,1.0,0.7556957972346928
5915,0,18,0,0,0,0,0.0,0.0,0.0,0.0,0.0,0.0,0,0.0,0.0
5916,0,1,0,0,0,0,0.0,0.0,0.0,0.0,0.0,0.0,0,0.0,0.0
5917,0,1,0,0,0,0,0.0,0.0,0.0,0.0,0.0,0.0,0,0.0,0.0
5918,0,11,0,0,0,0,0.0,0.0,0.0,0.0,0.0,0.0,0,0.0,0.0
5919,0,7,0,0,0,0,0.0,0.0,0.0,0.0,0.0,0.0,0,0.0,0.0
5920,6,3,1,6,0,6,0.0,1.0,0.0,0.0,0.0,0.0,1,1.0,1.403677461028802
5921,7,36,1,7,6,1,0.8571428571428571,0.1428571428571429,1.1428571428571428,0.019759139923853603,1.0,0.14285714285714285,0,0.0,0.5758761600196804
5922,0,36,0,0,0,0,0.0,0.0,0.0,0.0,0.0,0.0,0,0.0,0.0
5923,10,1,2,10,0,10,0.0,1.0,0.0,0.0,0.0,0.0,2,1.0,3.4594316186372978
5924,3,39,1,3,2,1,0.6666666666666666,0.33333333333333337,3.0,0.025603864734299514,1.0,0.0125,0,0.0,0.37580364941821515
5925,0,1,0,0,0,0,0.0,0.0,0.0,0.0,0.0,0.0,0,0.0,0.0
5926,0,2,0,0,0,0,0.0,0.0,0.0,0.0,0.0,0.0,0,0.0,0.0
5927,0,32,0,0,0,0,0.0,0.0,0.0,0.0,0.0,0.0,0,0.0,0.0
5928,0,2,0,0,0,0,0.0,0.0,0.0,0.0,0.0,0.0,0,0.0,0.0
5929,0,1,0,0,0,0,0.0,0.0,0.0,0.0,0.0,0.0,0,0.0,0.0
5930,0,2,0,0,0,0,0.0,0.0,0.0,0.0,0.0,0.0,0,0.0,0.0
5931,0,39,0,0,0,0,0.0,0.0,0.0,0.0,0.0,0.0,0,0.0,0.0
5932,0,1,0,0,0,0,0.0,0.0,0.0,0.0,0.0,0.0,0,0.0,0.0
5933,0,1,0,0,0,0,0.0,0.0,0.0,0.0,0.0,0.0,0,0.0,0.0
5934,1,37,1,1,1,0,1.0,0.0,3.0,0.03488372093023256,1.0,0.07692307692307693,0,0.0,0.1905514124267734
5935,1,38,1,1,0,1,0.0,1.0,0.0,0.0,4.0,0.14814814814814814,0,0.0,0.18920035951687003
5936,0,12,0,0,0,0,0.0,0.0,0.0,0.0,0.0,0.0,0,0.0,0.0
5937,0,9,0,0,0,0,0.0,0.0,0.0,0.0,0.0,0.0,0,0.0,0.0
5938,0,37,0,0,0,0,0.0,0.0,0.0,0.0,0.0,0.0,0,0.0,0.0
5939,0,5,0,0,0,0,0.0,0.0,0.0,0.0,0.0,0.0,0,0.0,0.0
5940,0,2,0,0,0,0,0.0,0.0,0.0,0.0,0.0,0.0,0,0.0,0.0
5941,0,18,0,0,0,0,0.0,0.0,0.0,0.0,0.0,0.0,0,0.0,0.0
5942,28,13,8,28,12,16,0.42857142857142855,0.5714285714285714,0.6785714285714286,0.010791941229169922,1.125,0.019658640817177404,4,0.5,1.2759464495897799
5943,4,39,1,4,4,0,1.0,0.0,5.5,0.05797438247359693,7.0,0.07446808510638298,0,0.0,0.43629452587267725
5944,4,5,1,4,1,3,0.25,0.75,0.25,0.0016778523489932886,0.0,0.0,1,1.0,0.8982444017039272
5945,0,3,0,0,0,0,0.0,0.0,0.0,0.0,0.0,0.0,0,0.0,0.0
5946,7,1,1,7,1,6,0.14285714285714285,0.8571428571428572,0.14285714285714285,0.008403361344537815,0.0,0.0,1,1.0,3.0
5947,6,27,1,6,3,3,0.5,0.5,1.3333333333333333,0.014102564102564103,0.0,0.0,1,1.0,0.583970804646981
5948,0,7,0,0,0,0,0.0,0.0,0.0,0.0,0.0,0.0,0,0.0,0.0
5949,0,3,0,0,0,0,0.0,0.0,0.0,0.0,0.0,0.0,0,0.0,0.0
5950,0,12,0,0,0,0,0.0,0.0,0.0,0.0,0.0,0.0,0,0.0,0.0
5951,17,11,4,17,6,11,0.35294117647058826,0.6470588235294117,0.47058823529411764,0.010346078333576939,1.5,0.021734136277461805,1,0.25,1.1631711630466104
5952,0,2,0,0,0,0,0.0,0.0,0.0,0.0,0.0,0.0,0,0.0,0.0
5953,0,1,0,0,0,0,0.0,0.0,0.0,0.0,0.0,0.0,0,0.0,0.0
5954,10,37,2,10,5,5,0.5,0.5,0.6,0.012202196840218432,0.0,0.0,2,1.0,0.659199581125176
5955,0,21,0,0,0,0,0.0,0.0,0.0,0.0,0.0,0.0,0,0.0,0.0
5956,0,1,0,0,0,0,0.0,0.0,0.0,0.0,0.0,0.0,0,0.0,0.0
5957,0,9,0,0,0,0,0.0,0.0,0.0,0.0,0.0,0.0,0,0.0,0.0
5958,0,28,0,0,0,0,0.0,0.0,0.0,0.0,0.0,0.0,0,0.0,0.0
5959,0,1,0,0,0,0,0.0,0.0,0.0,0.0,0.0,0.0,0,0.0,0.0
5960,2,4,1,2,0,2,0.0,1.0,0.0,0.0,0.0,0.0,1,1.0,0.6826061944859854
5961,0,1,0,0,0,0,0.0,0.0,0.0,0.0,0.0,0.0,0,0.0,0.0
5962,0,1,0,0,0,0,0.0,0.0,0.0,0.0,0.0,0.0,0,0.0,0.0
5963,0,1,0,0,0,0,0.0,0.0,0.0,0.0,0.0,0.0,0,0.0,0.0
5964,2,13,1,2,1,1,0.5,0.5,1.5,0.04411764705882353,1.0,0.030303030303030304,0,0.0,0.4162896638657993
5965,1,3,1,1,0,1,0.0,1.0,0.0,0.0,0.0,0.0,1,1.0,0.5
5966,0,9,0,0,0,0,0.0,0.0,0.0,0.0,0.0,0.0,0,0.0,0.0
5967,0,1,0,0,0,0,0.0,0.0,0.0,0.0,0.0,0.0,0,0.0,0.0
5968,0,16,0,0,0,0,0.0,0.0,0.0,0.0,0.0,0.0,0,0.0,0.0
5969,2,21,1,2,2,0,1.0,0.0,1.5,0.0208128078817734,1.0,0.015873015873015872,0,0.0,0.35541805240316376
5970,0,1,0,0,0,0,0.0,0.0,0.0,0.0,0.0,0.0,0,0.0,0.0
5971,0,1,0,0,0,0,0.0,0.0,0.0,0.0,0.0,0.0,0,0.0,0.0
5972,0,1,0,0,0,0,0.0,0.0,0.0,0.0,0.0,0.0,0,0.0,0.0
5973,34,39,10,34,18,16,0.5294117647058824,0.47058823529411764,1.6764705882352942,0.03354711849342089,2.2,0.022196828639805082,5,0.5,0.9638016383333955
5974,6,32,1,6,4,2,0.6666666666666666,0.33333333333333337,0.8333333333333334,0.013212030326124285,2.0,0.045454545454545456,0,0.0,0.5565296556198991
5975,10,35,2,10,8,2,0.8,0.19999999999999996,1.3,0.02945649414165156,1.5,0.020833333333333332,1,0.5,0.6691454165528863
5976,0,4,0,0,0,0,0.0,0.0,0.0,0.0,0.0,0.0,0,0.0,0.0
5977,0,28,0,0,0,0,0.0,0.0,0.0,0.0,0.0,0.0,0,0.0,0.0
5978,0,39,0,0,0,0,0.0,0.0,0.0,0.0,0.0,0.0,0,0.0,0.0
5979,0,2,0,0,0,0,0.0,0.0,0.0,0.0,0.0,0.0,0,0.0,0.0
5980,0,38,0,0,0,0,0.0,0.0,0.0,0.0,0.0,0.0,0,0.0,0.0
5981,4,38,1,4,2,2,0.5,0.5,2.5,0.05871212121212121,0.0,0.0,1,1.0,0.4393096303250101
5982,0,34,0,0,0,0,0.0,0.0,0.0,0.0,0.0,0.0,0,0.0,0.0
5983,7,32,1,7,5,2,0.7142857142857143,0.2857142857142857,1.7142857142857142,0.029157863070906547,1.0,0.0196078431372549,0,0.0,0.5947195895116816
5984,0,1,0,0,0,0,0.0,0.0,0.0,0.0,0.0,0.0,0,0.0,0.0
5985,0,1,0,0,0,0,0.0,0.0,0.0,0.0,0.0,0.0,0,0.0,0.0
5986,0,32,0,0,0,0,0.0,0.0,0.0,0.0,0.0,0.0,0,0.0,0.0
5987,37,32,10,37,21,16,0.5675675675675675,0.43243243243243246,1.3513513513513513,0.01703131066709738,1.8,0.02085116712146909,2,0.2,1.0403484321940764
5988,3,21,1,3,3,0,1.0,0.0,4.333333333333333,0.045474298409443246,3.0,0.020134228187919462,0,0.0,0.4484876484351508
5989,0,37,0,0,0,0,0.0,0.0,0.0,0.0,0.0,0.0,0,0.0,0.0
5990,12,19,4,12,8,4,0.6666666666666666,0.33333333333333337,1.0,0.011579863599564878,1.0,0.00867485363415679,2,0.5,0.8562011298888889
5991,0,37,0,0,0,0,0.0,0.0,0.0,0.0,0.0,0.0,0,0.0,0.0
5992,1,37,1,1,0,1,0.0,1.0,0.0,0.0,1.0,0.01282051282051282,0,0.0,0.1905514124267734
5993,0,2,0,0,0,0,0.0,0.0,0.0,0.0,0.0,0.0,0,0.0,0.0
5994,0,39,0,0,0,0,0.0,0.0,0.0,0.0,0.0,0.0,0,0.0,0.0
5995,0,10,0,0,0,0,0.0,0.0,0.0,0.0,0.0,0.0,0,0.0,0.0
5996,17,30,5,17,12,5,0.7058823529411765,0.2941176470588235,1.0588235294117647,0.03222086154683229,0.8,0.021904761904761906,3,0.6,0.8416955526569921
5997,24,3,6,24,11,13,0.4583333333333333,0.5416666666666667,0.4583333333333333,0.006106164173837677,0.3333333333333333,0.0038963460104399703,4,0.6666666666666666,2.321928094887362
5998,1,3,1,1,0,1,0.0,1.0,0.0,0.0,0.0,0.0,1,1.0,0.5
5999,0,2,0,0,0,0,0.0,0.0,0.0,0.0,0.0,0.0,0,0.0,0.0
6000,0,5,0,0,0,0,0.0,0.0,0.0,0.0,0.0,0.0,0,0.0,0.0
6001,4,35,1,4,2,2,0.5,0.5,3.25,0.05112594920136161,1.0,0.008333333333333333,0,0.0,0.4491222008519636
6002,0,3,0,0,0,0,0.0,0.0,0.0,0.0,0.0,0.0,0,0.0,0.0
6003,5,13,1,5,1,4,0.2,0.8,0.2,0.0037735849056603774,1.0,0.012987012987012988,0,0.0,0.6789391989029928
6004,14,30,4,14,10,4,0.7142857142857143,0.2857142857142857,1.7857142857142858,0.025363167560665967,3.5,0.052257727713144776,0,0.0,0.7886022980997756
6005,0,8,0,0,0,0,0.0,0.0,0.0,0.0,0.0,0.0,0,0.0,0.0
6006,0,1,0,0,0,0,0.0,0.0,0.0,0.0,0.0,0.0,0,0.0,0.0
6007,0,1,0,0,0,0,0.0,0.0,0.0,0.0,0.0,0.0,0,0.0,0.0
6008,3,34,1,3,3,0,1.0,0.0,3.3333333333333335,0.04927493372260814,1.0,0.06666666666666667,0,0.0,0.3899180437875726
6009,0,6,0,0,0,0,0.0,0.0,0.0,0.0,0.0,0.0,0,0.0,0.0
6010,0,39,0,0,0,0,0.0,0.0,0.0,0.0,0.0,0.0,0,0.0,0.0
6011,5,12,1,5,2,3,0.4,0.6,0.4,0.003667863274543468,0.0,0.0,1,1.0,0.6985554954587144
6012,7,3,1,7,5,2,0.7142857142857143,0.2857142857142857,0.7142857142857143,0.02275696528013469,0.0,0.0,1,1.0,1.5
6013,0,1,0,0,0,0,0.0,0.0,0.0,0.0,0.0,0.0,0,0.0,0.0
6014,0,5,0,0,0,0,0.0,0.0,0.0,0.0,0.0,0.0,0,0.0,0.0
6015,12,1,4,12,1,11,0.08333333333333333,0.9166666666666666,0.08333333333333333,0.0014367816091954023,0.0,0.0,4,1.0,3.700439718141092
6016,70,29,20,70,59,11,0.8428571428571429,0.15714285714285714,1.7285714285714286,0.04339254628146567,3.1,0.06996223983500958,2,0.1,1.2532880038141614
6017,0,5,0,0,0,0,0.0,0.0,0.0,0.0,0.0,0.0,0,0.0,0.0
6018,0,37,0,0,0,0,0.0,0.0,0.0,0.0,0.0,0.0,0,0.0,0.0
6019,3,32,1,3,1,2,0.3333333333333333,0.6666666666666667,1.3333333333333333,0.030303030303030304,3.0,0.047619047619047616,0,0.0,0.39647972634112105
6020,0,1,0,0,0,0,0.0,0.0,0.0,0.0,0.0,0.0,0,0.0,0.0
6021,9,26,2,9,3,6,0.3333333333333333,0.6666666666666667,1.1111111111111112,0.013761327655857627,1.5,0.016870748299319727,0,0.0,0.6986344247631282
6022,0,6,0,0,0,0,0.0,0.0,0.0,0.0,0.0,0.0,0,0.0,0.0
6023,0,9,0,0,0,0,0.0,0.0,0.0,0.0,0.0,0.0,0,0.0,0.0
6024,0,4,0,0,0,0,0.0,0.0,0.0,0.0,0.0,0.0,0,0.0,0.0
6025,0,37,0,0,0,0,0.0,0.0,0.0,0.0,0.0,0.0,0,0.0,0.0
6026,12,18,4,12,4,8,0.3333333333333333,0.6666666666666667,0.3333333333333333,0.014072327044025156,1.75,0.02023150907379095,0,0.0,0.8711164930263436
6027,2,10,1,2,2,0,1.0,0.0,2.5,0.05347826086956522,0.0,0.0,1,1.0,0.45815690999132624
6028,0,3,0,0,0,0,0.0,0.0,0.0,0.0,0.0,0.0,0,0.0,0.0
6029,0,39,0,0,0,0,0.0,0.0,0.0,0.0,0.0,0.0,0,0.0,0.0
6030,8,33,2,8,5,3,0.625,0.375,1.25,0.016064187142193077,1.5,0.09429824561403508,0,0.0,0.6230856323391335
6031,41,37,12,41,21,20,0.5121951219512195,0.4878048780487805,0.926829268292683,0.014148238553497014,1.5,0.02828388306705769,3,0.25,1.0275137011639914
6032,0,10,0,0,0,0,0.0,0.0,0.0,0.0,0.0,0.0,0,0.0,0.0
6033,2,19,1,2,1,1,0.5,0.5,0.5,0.004464285714285714,0.0,0.0,1,1.0,0.36672579134208466
6034,0,2,0,0,0,0,0.0,0.0,0.0,0.0,0.0,0.0,0,0.0,0.0
6035,0,31,0,0,0,0,0.0,0.0,0.0,0.0,0.0,0.0,0,0.0,0.0
6036,19,36,5,19,9,10,0.47368421052631576,0.5263157894736843,1.105263157894737,0.030274608838931894,1.0,0.007294117647058823,2,0.4,0.8296317850549692
6037,0,1,0,0,0,0,0.0,0.0,0.0,0.0,0.0,0.0,0,0.0,0.0
6038,0,21,0,0,0,0,0.0,0.0,0.0,0.0,0.0,0.0,0,0.0,0.0
6039,66,28,19,66,42,24,0.6363636363636364,0.36363636363636365,1.1363636363636365,0.023819892374721485,0.9473684210526315,0.019780446315981286,9,0.47368421052631576,1.2486852452782133
6040,0,2,0,0,0,0,0.0,0.0,0.0,0.0,0.0,0.0,0,0.0,0.0
6041,0,5,0,0,0,0,0.0,0.0,0.0,0.0,0.0,0.0,0,0.0,0.0
6042,0,2,0,0,0,0,0.0,0.0,0.0,0.0,0.0,0.0,0,0.0,0.0
6043,4,29,1,4,4,0,1.0,0.0,2.75,0.08203192221648598,2.0,0.037037037037037035,0,0.0,0.4731974454383393
6044,12,28,3,12,7,5,0.5833333333333334,0.41666666666666663,2.8333333333333335,0.037289802406262035,3.3333333333333335,0.06145344017684443,0,0.0,0.7617237946901266
6045,0,1,0,0,0,0,0.0,0.0,0.0,0.0,0.0,0.0,0,0.0,0.0
6046,0,32,0,0,0,0,0.0,0.0,0.0,0.0,0.0,0.0,0,0.0,0.0
6047,0,9,0,0,0,0,0.0,0.0,0.0,0.0,0.0,0.0,0,0.0,0.0
6048,0,36,0,0,0,0,0.0,0.0,0.0,0.0,0.0,0.0,0,0.0,0.0
6049,0,1,0,0,0,0,0.0,0.0,0.0,0.0,0.0,0.0,0,0.0,0.0
6050,13,39,4,13,2,11,0.15384615384615385,0.8461538461538461,1.0769230769230769,0.010897435897435897,3.0,0.06564935064935065,1,0.25,0.7154089371698258
6051,8,1,2,8,0,8,0.0,1.0,0.0,0.0,0.0,0.0,2,1.0,3.1699250014423126
6052,0,13,0,0,0,0,0.0,0.0,0.0,0.0,0.0,0.0,0,0.0,0.0
6053,0,1,0,0,0,0,0.0,0.0,0.0,0.0,0.0,0.0,0,0.0,0.0
6054,0,1,0,0,0,0,0.0,0.0,0.0,0.0,0.0,0.0,0,0.0,0.0
6055,70,37,20,70,23,47,0.32857142857142857,0.6714285714285715,0.6,0.008381214898504631,0.55,0.008182773109243697,15,0.75,1.1718429996890984
6056,0,3,0,0,0,0,0.0,0.0,0.0,0.0,0.0,0.0,0,0.0,0.0
6057,17,16,4,17,16,1,0.9411764705882353,0.05882352941176472,2.5294117647058822,0.040532852011248795,1.5,0.04017548906789413,1,0.25,1.020174412195206
6058,0,3,0,0,0,0,0.0,0.0,0.0,0.0,0.0,0.0,0,0.0,0.0
6059,0,4,0,0,0,0,0.0,0.0,0.0,0.0,0.0,0.0,0,0.0,0.0
6060,0,4,0,0,0,0,0.0,0.0,0.0,0.0,0.0,0.0,0,0.0,0.0
6061,2,8,1,2,0,2,0.0,1.0,0.0,0.0,0.0,0.0,1,1.0,0.5
6062,0,2,0,0,0,0,0.0,0.0,0.0,0.0,0.0,0.0,0,0.0,0.0
6063,0,39,0,0,0,0,0.0,0.0,0.0,0.0,0.0,0.0,0,0.0,0.0
6064,0,26,0,0,0,0,0.0,0.0,0.0,0.0,0.0,0.0,0,0.0,0.0
6065,6,37,1,6,2,4,0.3333333333333333,0.6666666666666667,0.3333333333333333,0.002507457121551081,0.0,0.0,1,1.0,0.5349454455813307
6066,3,39,1,3,1,2,0.3333333333333333,0.6666666666666667,1.0,0.0136986301369863,0.0,0.0,1,1.0,0.37580364941821515
6067,18,38,5,18,10,8,0.5555555555555556,0.4444444444444444,1.1111111111111112,0.015004243861688317,1.6,0.029441521136785376,2,0.4,0.8037094127451301
6068,0,37,0,0,0,0,0.0,0.0,0.0,0.0,0.0,0.0,0,0.0,0.0
6069,0,39,0,0,0,0,0.0,0.0,0.0,0.0,0.0,0.0,0,0.0,0.0
6070,0,11,0,0,0,0,0.0,0.0,0.0,0.0,0.0,0.0,0,0.0,0.0
6071,11,39,3,11,10,1,0.9090909090909091,0.09090909090909094,2.8181818181818183,0.09128189231164058,3.6666666666666665,0.06527060623446167,0,0.0,0.6736209953992307
6072,0,1,0,0,0,0,0.0,0.0,0.0,0.0,0.0,0.0,0,0.0,0.0
6073,0,18,0,0,0,0,0.0,0.0,0.0,0.0,0.0,0.0,0,0.0,0.0
6074,10,1,3,10,2,8,0.2,0.8,0.2,0.0024283632831471587,0.6666666666666666,0.009039857553759759,1,0.3333333333333333,3.4594316186372978
6075,33,14,9,33,4,29,0.12121212121212122,0.8787878787878788,0.12121212121212122,0.002187206732661278,0.7777777777777778,0.007125498423194882,4,0.4444444444444444,1.302176940139769
6076,0,33,0,0,0,0,0.0,0.0,0.0,0.0,0.0,0.0,0,0.0,0.0
6077,0,1,0,0,0,0,0.0,0.0,0.0,0.0,0.0,0.0,0,0.0,0.0
6078,0,1,0,0,0,0,0.0,0.0,0.0,0.0,0.0,0.0,0,0.0,0.0
6079,4,21,1,4,3,1,0.75,0.25,1.75,0.02142573612580376,0.0,0.0,1,1.0,0.5206780355557714
6080,0,1,0,0,0,0,0.0,0.0,0.0,0.0,0.0,0.0,0,0.0,0.0
6081,1,33,1,1,0,1,0.0,1.0,0.0,0.0,0.0,0.0,1,1.0,0.19656163223282258
6082,3,2,1,3,1,2,0.3333333333333333,0.6666666666666667,0.3333333333333333,0.0022371364653243847,0.0,0.0,1,1.0,1.2618595071429148
6083,2,22,1,2,0,2,0.0,1.0,0.0,0.0,0.0,0.0,1,1.0,0.350379306422211
6084,3,36,1,3,3,0,1.0,0.0,3.6666666666666665,0.0667772249861802,4.0,0.25,0,0.0,0.3839174400131203
6085,0,7,0,0,0,0,0.0,0.0,0.0,0.0,0.0,0.0,0,0.0,0.0
6086,0,3,0,0,0,0,0.0,0.0,0.0,0.0,0.0,0.0,0,0.0,0.0
6087,2,34,1,2,2,0,1.0,0.0,3.0,0.021363636363636362,0.0,0.0,1,1.0,0.3090027388789262
6088,0,38,0,0,0,0,0.0,0.0,0.0,0.0,0.0,0.0,0,0.0,0.0
6089,5,19,1,5,4,1,0.8,0.19999999999999996,2.0,0.022615863636597597,0.0,0.0,1,1.0,0.5981040045018439
6090,2,31,1,2,1,1,0.5,0.5,0.5,0.006666666666666667,0.0,0.0,1,1.0,0.31699250014423125
6091,0,37,0,0,0,0,0.0,0.0,0.0,0.0,0.0,0.0,0,0.0,0.0
6092,0,26,0,0,0,0,0.0,0.0,0.0,0.0,0.0,0.0,0,0.0,0.0
6093,7,12,1,7,4,3,0.5714285714285714,0.4285714285714286,0.7142857142857143,0.005204741379310345,0.0,0.0,1,1.0,0.8107144632819592
6094,0,1,0,0,0,0,0.0,0.0,0.0,0.0,0.0,0.0,0,0.0,0.0
6095,3,39,1,3,3,0,1.0,0.0,4.666666666666667,0.05698005698005698,1.0,0.020833333333333332,0,0.0,0.37580364941821515
6096,0,17,0,0,0,0,0.0,0.0,0.0,0.0,0.0,0.0,0,0.0,0.0
6097,0,3,0,0,0,0,0.0,0.0,0.0,0.0,0.0,0.0,0,0.0,0.0
6098,0,17,0,0,0,0,0.0,0.0,0.0,0.0,0.0,0.0,0,0.0,0.0
6099,0,13,0,0,0,0,0.0,0.0,0.0,0.0,0.0,0.0,0,0.0,0.0
6100,48,7,14,48,2,46,0.041666666666666664,0.9583333333333334,0.0625,0.001184640522875817,0.14285714285714285,0.003580379520229144,12,0.8571428571428571,1.871569948038403
6101,0,2,0,0,0,0,0.0,0.0,0.0,0.0,0.0,0.0,0,0.0,0.0
6102,0,39,0,0,0,0,0.0,0.0,0.0,0.0,0.0,0.0,0,0.0,0.0
6103,21,35,6,21,8,13,0.38095238095238093,0.6190476190476191,0.5714285714285714,0.013640611422636076,0.8333333333333334,0.01436299284523577,2,0.3333333333333333,0.8625718201701571
6104,5,33,1,5,0,5,0.0,1.0,0.0,0.0,3.0,0.08571428571428572,0,0.0,0.5081044484023893
6105,0,7,0,0,0,0,0.0,0.0,0.0,0.0,0.0,0.0,0,0.0,0.0
6106,0,1,0,0,0,0,0.0,0.0,0.0,0.0,0.0,0.0,0,0.0,0.0
6107,0,6,0,0,0,0,0.0,0.0,0.0,0.0,0.0,0.0,0,0.0,0.0
6108,0,38,0,0,0,0,0.0,0.0,0.0,0.0,0.0,0.0,0,0.0,0.0
6109,4,20,1,4,3,1,0.75,0.25,0.75,0.012834757834757834,0.0,0.0,1,1.0,0.5286339468194481
6110,4,12,1,4,4,0,1.0,0.0,1.75,0.06276181353767561,0.0,0.0,1,1.0,0.6274735630753033
6111,2,3,1,2,1,1,0.5,0.5,0.5,0.0043859649122807015,1.0,0.01282051282051282,0,0.0,0.7924812503605781
6112,0,34,0,0,0,0,0.0,0.0,0.0,0.0,0.0,0.0,0,0.0,0.0
6113,38,39,10,38,16,22,0.42105263157894735,0.5789473684210527,1.1842105263157894,0.02007328567874153,1.6,0.03730390763986689,2,0.2,0.9931367212457825
6114,0,11,0,0,0,0,0.0,0.0,0.0,0.0,0.0,0.0,0,0.0,0.0
6115,0,3,0,0,0,0,0.0,0.0,0.0,0.0,0.0,0.0,0,0.0,0.0
6116,0,1,0,0,0,0,0.0,0.0,0.0,0.0,0.0,0.0,0,0.0,0.0
6117,3,9,1,3,1,2,0.3333333333333333,0.6666666666666667,1.0,0.041666666666666664,2.0,0.0392156862745098,0,0.0,0.6020599913279623
6118,0,1,0,0,0,0,0.0,0.0,0.0,0.0,0.0,0.0,0,0.0,0.0
6119,0,28,0,0,0,0,0.0,0.0,0.0,0.0,0.0,0.0,0,0.0,0.0
6120,9,3,2,9,1,8,0.1111111111111111,0.8888888888888888,0.1111111111111111,0.0014814814814814816,0.5,0.004424778761061947,1,0.5,1.6609640474436813
6121,31,39,9,31,9,22,0.2903225806451613,0.7096774193548387,0.9032258064516129,0.007829792814057173,0.2222222222222222,0.0038314176245210726,8,0.8888888888888888,0.939509123545538
6122,0,3,0,0,0,0,0.0,0.0,0.0,0.0,0.0,0.0,0,0.0,0.0
6123,3,1,1,3,0,3,0.0,1.0,0.0,0.0,0.0,0.0,1,1.0,2.0
6124,0,1,0,0,0,0,0.0,0.0,0.0,0.0,0.0,0.0,0,0.0,0.0
6125,10,7,2,10,1,9,0.1,0.9,0.1,0.0007142857142857143,0.5,0.005319148936170213,1,0.5,1.1531438728790993
6126,2,36,1,2,2,0,1.0,0.0,5.0,0.04527027027027027,2.0,0.015267175572519083,0,0.0,0.30424737289682985
6127,0,39,0,0,0,0,0.0,0.0,0.0,0.0,0.0,0.0,0,0.0,0.0
6128,0,31,0,0,0,0,0.0,0.0,0.0,0.0,0.0,0.0,0,0.0,0.0
6129,0,4,0,0,0,0,0.0,0.0,0.0,0.0,0.0,0.0,0,0.0,0.0
6130,0,1,0,0,0,0,0.0,0.0,0.0,0.0,0.0,0.0,0,0.0,0.0
6131,0,1,0,0,0,0,0.0,0.0,0.0,0.0,0.0,0.0,0,0.0,0.0
6132,0,1,0,0,0,0,0.0,0.0,0.0,0.0,0.0,0.0,0,0.0,0.0
6133,69,37,20,69,12,57,0.17391304347826086,0.8260869565217391,0.2608695652173913,0.004374472982998992,0.25,0.0029222598130161158,16,0.8,1.1679435360422983
6134,0,38,0,0,0,0,0.0,0.0,0.0,0.0,0.0,0.0,0,0.0,0.0
6135,2,39,1,2,0,2,0.0,1.0,0.0,0.0,3.0,0.041666666666666664,0,0.0,0.2978173459810155
6136,0,3,0,0,0,0,0.0,0.0,0.0,0.0,0.0,0.0,0,0.0,0.0
6137,0,28,0,0,0,0,0.0,0.0,0.0,0.0,0.0,0.0,0,0.0,0.0
6138,8,37,2,8,6,2,0.75,0.25,2.75,0.05907274394782765,1.5,0.06521739130434782,1,0.5,0.6040336863117743
6139,0,16,0,0,0,0,0.0,0.0,0.0,0.0,0.0,0.0,0,0.0,0.0
6140,0,1,0,0,0,0,0.0,0.0,0.0,0.0,0.0,0.0,0,0.0,0.0
6141,7,37,2,7,6,1,0.8571428571428571,0.1428571428571429,2.7142857142857144,0.058289230811688075,0.5,0.006172839506172839,1,0.5,0.5716542372803202
6142,0,13,0,0,0,0,0.0,0.0,0.0,0.0,0.0,0.0,0,0.0,0.0
6143,0,1,0,0,0,0,0.0,0.0,0.0,0.0,0.0,0.0,0,0.0,0.0
6144,0,34,0,0,0,0,0.0,0.0,0.0,0.0,0.0,0.0,0,0.0,0.0
6145,0,37,0,0,0,0,0.0,0.0,0.0,0.0,0.0,0.0,0,0.0,0.0
6146,0,6,0,0,0,0,0.0,0.0,0.0,0.0,0.0,0.0,0,0.0,0.0
6147,0,10,0,0,0,0,0.0,0.0,0.0,0.0,0.0,0.0,0,0.0,0.0
6148,0,28,0,0,0,0,0.0,0.0,0.0,0.0,0.0,0.0,0,0.0,0.0
6149,0,37,0,0,0,0,0.0,0.0,0.0,0.0,0.0,0.0,0,0.0,0.0
6150,0,4,0,0,0,0,0.0,0.0,0.0,0.0,0.0,0.0,0,0.0,0.0
6151,3,38,1,3,0,3,0.0,1.0,0.0,0.0,0.0,0.0,1,1.0,0.37840071903374006
6152,10,38,3,10,7,3,0.7,0.30000000000000004,1.4,0.03463911700078427,0.6666666666666666,0.013265669515669515,1,0.3333333333333333,0.6545257059702043
6153,0,37,0,0,0,0,0.0,0.0,0.0,0.0,0.0,0.0,0,0.0,0.0
6154,4,8,1,4,4,0,1.0,0.0,1.5,0.021973244147157192,0.0,0.0,1,1.0,0.7324867603589634
6155,0,33,0,0,0,0,0.0,0.0,0.0,0.0,0.0,0.0,0,0.0,0.0
6156,0,2,0,0,0,0,0.0,0.0,0.0,0.0,0.0,0.0,0,0.0,0.0
6157,0,1,0,0,0,0,0.0,0.0,0.0,0.0,0.0,0.0,0,0.0,0.0
6158,0,37,0,0,0,0,0.0,0.0,0.0,0.0,0.0,0.0,0,0.0,0.0
6159,2,2,1,2,0,2,0.0,1.0,0.0,0.0,0.0,0.0,1,1.0,1.0
6160,10,32,2,10,8,2,0.8,0.19999999999999996,2.2,0.03510577007985806,1.0,0.013888888888888888,1,0.5,0.6857972507265686
6161,5,14,1,5,2,3,0.4,0.6,0.6,0.0077777777777777776,0.0,0.0,1,1.0,0.6616418958920284
6162,0,1,0,0,0,0,0.0,0.0,0.0,0.0,0.0,0.0,0,0.0,0.0
6163,0,16,0,0,0,0,0.0,0.0,0.0,0.0,0.0,0.0,0,0.0,0.0
6164,0,26,0,0,0,0,0.0,0.0,0.0,0.0,0.0,0.0,0,0.0,0.0
6165,2,37,1,2,1,1,0.5,0.5,1.0,0.022727272727272728,0.0,0.0,1,1.0,0.30201684315588717
6166,0,1,0,0,0,0,0.0,0.0,0.0,0.0,0.0,0.0,0,0.0,0.0
6167,1,28,1,1,1,0,1.0,0.0,3.0,0.058823529411764705,0.0,0.0,1,1.0,0.20584683246043445
6168,12,39,3,12,5,7,0.4166666666666667,0.5833333333333333,0.5,0.005623735684258215,3.0,0.024580498866213153,0,0.0,0.695319375264767
6169,0,12,0,0,0,0,0.0,0.0,0.0,0.0,0.0,0.0,0,0.0,0.0
6170,11,9,3,11,3,8,0.2727272727272727,0.7272727272727273,0.5454545454545454,0.007313150984037059,0.3333333333333333,0.003875968992248062,2,0.6666666666666666,1.0791812460476247
6171,0,1,0,0,0,0,0.0,0.0,0.0,0.0,0.0,0.0,0,0.0,0.0
6172,0,3,0,0,0,0,0.0,0.0,0.0,0.0,0.0,0.0,0,0.0,0.0
6173,0,3,0,0,0,0,0.0,0.0,0.0,0.0,0.0,0.0,0,0.0,0.0
6174,0,38,0,0,0,0,0.0,0.0,0.0,0.0,0.0,0.0,0,0.0,0.0
6175,1,4,1,1,0,1,0.0,1.0,0.0,0.0,0.0,0.0,1,1.0,0.43067655807339306
6176,0,6,0,0,0,0,0.0,0.0,0.0,0.0,0.0,0.0,0,0.0,0.0
6177,0,9,0,0,0,0,0.0,0.0,0.0,0.0,0.0,0.0,0,0.0,0.0
6178,4,5,1,4,0,4,0.0,1.0,0.0,0.0,0.0,0.0,1,1.0,0.8982444017039272
6179,10,4,2,10,1,9,0.1,0.9,0.1,0.0006666666666666668,0.0,0.0,2,1.0,1.4898961024049782
6180,1,35,1,1,1,0,1.0,0.0,1.0,0.013157894736842105,2.0,0.03389830508474576,0,0.0,0.1934264036172708
6181,0,35,0,0,0,0,0.0,0.0,0.0,0.0,0.0,0.0,0,0.0,0.0
6182,0,39,0,0,0,0,0.0,0.0,0.0,0.0,0.0,0.0,0,0.0,0.0
6183,0,3,0,0,0,0,0.0,0.0,0.0,0.0,0.0,0.0,0,0.0,0.0
6184,0,35,0,0,0,0,0.0,0.0,0.0,0.0,0.0,0.0,0,0.0,0.0
6185,9,39,2,9,7,2,0.7777777777777778,0.2222222222222222,2.5555555555555554,0.034342694890860524,2.5,0.016891891891891893,1,0.5,0.6241963505817849
6186,0,37,0,0,0,0,0.0,0.0,0.0,0.0,0.0,0.0,0,0.0,0.0
6187,1,39,1,1,0,1,0.0,1.0,0.0,0.0,0.0,0.0,1,1.0,0.18790182470910757
6188,5,18,1,5,2,3,0.4,0.6,0.4,0.003536110278693437,1.0,0.010638297872340425,0,0.0,0.6085232133882752
6189,0,38,0,0,0,0,0.0,0.0,0.0,0.0,0.0,0.0,0,0.0,0.0
6190,4,4,1,4,0,4,0.0,1.0,0.0,0.0,0.0,0.0,1,1.0,1.0
6191,7,35,2,7,2,5,0.2857142857142857,0.7142857142857143,0.2857142857142857,0.009469459425561268,0.0,0.0,2,1.0,0.5802792108518123
6192,0,4,0,0,0,0,0.0,0.0,0.0,0.0,0.0,0.0,0,0.0,0.0
6193,0,4,0,0,0,0,0.0,0.0,0.0,0.0,0.0,0.0,0,0.0,0.0
6194,0,1,0,0,0,0,0.0,0.0,0.0,0.0,0.0,0.0,0,0.0,0.0
6195,0,1,0,0,0,0,0.0,0.0,0.0,0.0,0.0,0.0,0,0.0,0.0
6196,0,1,0,0,0,0,0.0,0.0,0.0,0.0,0.0,0.0,0,0.0,0.0
6197,0,35,0,0,0,0,0.0,0.0,0.0,0.0,0.0,0.0,0,0.0,0.0
6198,0,36,0,0,0,0,0.0,0.0,0.0,0.0,0.0,0.0,0,0.0,0.0
6199,0,37,0,0,0,0,0.0,0.0,0.0,0.0,0.0,0.0,0,0.0,0.0
6200,7,10,1,7,0,7,0.0,1.0,0.0,0.0,0.0,0.0,1,1.0,0.8671944789536634
6201,13,29,4,13,7,6,0.5384615384615384,0.46153846153846156,0.7692307692307693,0.020987774947099323,0.0,0.0,4,1.0,0.7759200756309999
6202,0,3,0,0,0,0,0.0,0.0,0.0,0.0,0.0,0.0,0,0.0,0.0
6203,0,35,0,0,0,0,0.0,0.0,0.0,0.0,0.0,0.0,0,0.0,0.0
6204,0,4,0,0,0,0,0.0,0.0,0.0,0.0,0.0,0.0,0,0.0,0.0
6205,11,36,3,11,3,8,0.2727272727272727,0.7272727272727273,0.45454545454545453,0.004365172983439963,1.0,0.01554025865665415,0,0.0,0.6881648129099501
6206,0,36,0,0,0,0,0.0,0.0,0.0,0.0,0.0,0.0,0,0.0,0.0
6207,0,18,0,0,0,0,0.0,0.0,0.0,0.0,0.0,0.0,0,0.0,0.0
6208,27,37,8,27,19,8,0.7037037037037037,0.2962962962962963,1.4444444444444444,0.039066478622280576,1.375,0.03579027527806192,2,0.25,0.9160482704348776
6209,0,4,0,0,0,0,0.0,0.0,0.0,0.0,0.0,0.0,0,0.0,0.0
6210,14,38,4,14,4,10,0.2857142857142857,0.7142857142857143,0.35714285714285715,0.006845759752736497,1.75,0.01173469387755102,2,0.5,0.7391851052822103
6211,0,1,0,0,0,0,0.0,0.0,0.0,0.0,0.0,0.0,0,0.0,0.0
6212,0,8,0,0,0,0,0.0,0.0,0.0,0.0,0.0,0.0,0,0.0,0.0
6213,0,6,0,0,0,0,0.0,0.0,0.0,0.0,0.0,0.0,0,0.0,0.0
6214,60,38,17,60,30,30,0.5,0.5,1.0333333333333334,0.022745939476215893,1.411764705882353,0.01663488624487077,6,0.35294117647058826,1.1220976364670228
6215,10,32,2,10,8,2,0.8,0.19999999999999996,2.2,0.028099391746356644,1.5,0.05371352785145889,0,0.0,0.6857972507265686
6216,0,3,0,0,0,0,0.0,0.0,0.0,0.0,0.0,0.0,0,0.0,0.0
6217,0,1,0,0,0,0,0.0,0.0,0.0,0.0,0.0,0.0,0,0.0,0.0
6218,26,12,8,26,17,9,0.6538461538461539,0.34615384615384615,1.0384615384615385,0.021296851922989544,1.25,0.013331560962139055,2,0.25,1.284952023094184
6219,7,35,1,7,7,0,1.0,0.0,4.142857142857143,0.04179499072356215,8.0,0.10256410256410256,0,0.0,0.5802792108518123
6220,0,1,0,0,0,0,0.0,0.0,0.0,0.0,0.0,0.0,0,0.0,0.0
6221,0,39,0,0,0,0,0.0,0.0,0.0,0.0,0.0,0.0,0,0.0,0.0
6222,19,32,6,19,8,11,0.42105263157894735,0.5789473684210527,0.6842105263157895,0.009466229433852242,0.6666666666666666,0.007971014492753623,3,0.5,0.856778434163472
6223,0,4,0,0,0,0,0.0,0.0,0.0,0.0,0.0,0.0,0,0.0,0.0
6224,5,38,1,5,5,0,1.0,0.0,2.4,0.024342776282933864,2.0,0.046511627906976744,0,0.0,0.48907583447407016
6225,10,36,3,10,9,1,0.9,0.09999999999999998,2.0,0.06296537322741129,2.0,0.02736596736596737,0,0.0,0.6640680654638381
6226,0,6,0,0,0,0,0.0,0.0,0.0,0.0,0.0,0.0,0,0.0,0.0
6227,4,1,1,4,0,4,0.0,1.0,0.0,0.0,0.0,0.0,1,1.0,2.321928094887362
6228,0,1,0,0,0,0,0.0,0.0,0.0,0.0,0.0,0.0,0,0.0,0.0
6229,0,1,0,0,0,0,0.0,0.0,0.0,0.0,0.0,0.0,0,0.0,0.0
6230,1,9,1,1,1,0,1.0,0.0,1.0,0.006666666666666667,2.0,0.013333333333333334,0,0.0,0.30102999566398114
6231,0,2,0,0,0,0,0.0,0.0,0.0,0.0,0.0,0.0,0,0.0,0.0
6232,0,5,0,0,0,0,0.0,0.0,0.0,0.0,0.0,0.0,0,0.0,0.0
6233,4,14,1,4,1,3,0.25,0.75,0.25,0.0026595744680851063,1.0,0.014925373134328358,0,0.0,0.5943161289177871
6234,0,13,0,0,0,0,0.0,0.0,0.0,0.0,0.0,0.0,0,0.0,0.0
6235,19,37,5,19,10,9,0.5263157894736842,0.4736842105263158,1.2105263157894737,0.015218528428294525,1.0,0.011657703998129529,2,0.4,0.8235495028877408
6236,0,1,0,0,0,0,0.0,0.0,0.0,0.0,0.0,0.0,0,0.0,0.0
6237,0,38,0,0,0,0,0.0,0.0,0.0,0.0,0.0,0.0,0,0.0,0.0
6238,0,6,0,0,0,0,0.0,0.0,0.0,0.0,0.0,0.0,0,0.0,0.0
6239,0,28,0,0,0,0,0.0,0.0,0.0,0.0,0.0,0.0,0,0.0,0.0
6240,4,1,1,4,0,4,0.0,1.0,0.0,0.0,0.0,0.0,1,1.0,2.321928094887362
6241,2,38,1,2,2,0,1.0,0.0,1.0,0.0787878787878788,1.0,0.023255813953488372,0,0.0,0.2998754749572002
6242,0,38,0,0,0,0,0.0,0.0,0.0,0.0,0.0,0.0,0,0.0,0.0
6243,15,36,4,15,8,7,0.5333333333333333,0.4666666666666667,1.8,0.042635696284783496,2.5,0.017084942084942087,2,0.5,0.7678348800262406
6244,0,8,0,0,0,0,0.0,0.0,0.0,0.0,0.0,0.0,0,0.0,0.0
6245,0,11,0,0,0,0,0.0,0.0,0.0,0.0,0.0,0.0,0,0.0,0.0
6246,3,2,1,3,1,2,0.3333333333333333,0.6666666666666667,0.3333333333333333,0.0022675736961451248,0.0,0.0,1,1.0,1.2618595071429148
6247,15,35,4,15,10,5,0.6666666666666666,0.33333333333333337,1.1333333333333333,0.021941391007426616,0.0,0.0,4,1.0,0.7737056144690831
6248,0,8,0,0,0,0,0.0,0.0,0.0,0.0,0.0,0.0,0,0.0,0.0
6249,1,5,1,1,1,0,1.0,0.0,1.0,0.029411764705882353,0.0,0.0,1,1.0,0.3868528072345416
6250,0,2,0,0,0,0,0.0,0.0,0.0,0.0,0.0,0.0,0,0.0,0.0
6251,5,1,1,5,0,5,0.0,1.0,0.0,0.0,0.0,0.0,1,1.0,2.584962500721156
6252,0,8,0,0,0,0,0.0,0.0,0.0,0.0,0.0,0.0,0,0.0,0.0
6253,0,23,0,0,0,0,0.0,0.0,0.0,0.0,0.0,0.0,0,0.0,0.0
6254,70,13,20,70,21,49,0.3,0.7,0.42857142857142855,0.005211925342034229,0.4,0.00419577015333126,15,0.75,1.6152282215342253
6255,12,3,4,12,1,11,0.08333333333333333,0.9166666666666666,0.08333333333333333,0.0013227513227513227,0.0,0.0,4,1.0,1.850219859070546
6256,0,5,0,0,0,0,0.0,0.0,0.0,0.0,0.0,0.0,0,0.0,0.0
6257,0,5,0,0,0,0,0.0,0.0,0.0,0.0,0.0,0.0,0,0.0,0.0
6258,0,11,0,0,0,0,0.0,0.0,0.0,0.0,0.0,0.0,0,0.0,0.0
6259,36,4,10,36,0,36,0.0,1.0,0.0,0.0,0.1,0.001639344262295082,9,0.9,2.2435894449529292
6260,0,39,0,0,0,0,0.0,0.0,0.0,0.0,0.0,0.0,0,0.0,0.0
6261,0,10,0,0,0,0,0.0,0.0,0.0,0.0,0.0,0.0,0,0.0,0.0
6262,0,8,0,0,0,0,0.0,0.0,0.0,0.0,0.0,0.0,0,0.0,0.0
6263,7,36,1,7,5,2,0.7142857142857143,0.2857142857142857,1.5714285714285714,0.015179627085530592,6.0,0.08,0,0.0,0.5758761600196804
6264,3,9,1,3,1,2,0.3333333333333333,0.6666666666666667,0.3333333333333333,0.012345679012345678,2.0,0.06666666666666667,0,0.0,0.6020599913279623
6265,0,1,0,0,0,0,0.0,0.0,0.0,0.0,0.0,0.0,0,0.0,0.0
6266,0,10,0,0,0,0,0.0,0.0,0.0,0.0,0.0,0.0,0,0.0,0.0
6267,0,1,0,0,0,0,0.0,0.0,0.0,0.0,0.0,0.0,0,0.0,0.0
6268,2,37,1,2,1,1,0.5,0.5,0.5,0.0035714285714285713,0.0,0.0,1,1.0,0.30201684315588717
6269,0,37,0,0,0,0,0.0,0.0,0.0,0.0,0.0,0.0,0,0.0,0.0
6270,0,1,0,0,0,0,0.0,0.0,0.0,0.0,0.0,0.0,0,0.0,0.0
6271,0,1,0,0,0,0,0.0,0.0,0.0,0.0,0.0,0.0,0,0.0,0.0
6272,0,32,0,0,0,0,0.0,0.0,0.0,0.0,0.0,0.0,0,0.0,0.0
6273,27,28,8,27,8,19,0.2962962962962963,0.7037037037037037,0.48148148148148145,0.006487645432607476,0.625,0.006875,6,0.75,0.9895787832186365
6274,0,1,0,0,0,0,0.0,0.0,0.0,0.0,0.0,0.0,0,0.0,0.0
6275,0,1,0,0,0,0,0.0,0.0,0.0,0.0,0.0,0.0,0,0.0,0.0
6276,0,35,0,0,0,0,0.0,0.0,0.0,0.0,0.0,0.0,0,0.0,0.0
6277,0,2,0,0,0,0,0.0,0.0,0.0,0.0,0.0,0.0,0,0.0,0.0
6278,24,2,6,24,7,17,0.2916666666666667,0.7083333333333333,0.2916666666666667,0.004409719220248312,0.16666666666666666,0.0030864197530864196,5,0.8333333333333334,2.9299470414358537
6279,0,13,0,0,0,0,0.0,0.0,0.0,0.0,0.0,0.0,0,0.0,0.0
6280,0,39,0,0,0,0,0.0,0.0,0.0,0.0,0.0,0.0,0,0.0,0.0
6281,3,2,1,3,0,3,0.0,1.0,0.0,0.0,0.0,0.0,1,1.0,1.2618595071429148
6282,10,30,3,10,3,7,0.3,0.7,0.4,0.005125,1.3333333333333333,0.018768379173153434,1,0.3333333333333333,0.6982831123151737
6283,2,38,1,2,2,0,1.0,0.0,1.0,0.008333333333333333,12.0,0.10434782608695652,0,0.0,0.2998754749572002
6284,5,8,1,5,2,3,0.4,0.6,0.4,0.007017543859649122,0.0,0.0,1,1.0,0.8154648767857287
6285,0,5,0,0,0,0,0.0,0.0,0.0,0.0,0.0,0.0,0,0.0,0.0
6286,0,2,0,0,0,0,0.0,0.0,0.0,0.0,0.0,0.0,0,0.0,0.0
6287,0,6,0,0,0,0,0.0,0.0,0.0,0.0,0.0,0.0,0,0.0,0.0
6288,0,38,0,0,0,0,0.0,0.0,0.0,0.0,0.0,0.0,0,0.0,0.0
6289,1,7,1,1,0,1,0.0,1.0,0.0,0.0,2.0,0.023255813953488372,0,0.0,0.33333333333333337
6290,0,9,0,0,0,0,0.0,0.0,0.0,0.0,0.0,0.0,0,0.0,0.0
6291,0,23,0,0,0,0,0.0,0.0,0.0,0.0,0.0,0.0,0,0.0,0.0
6292,0,7,0,0,0,0,0.0,0.0,0.0,0.0,0.0,0.0,0,0.0,0.0
6293,0,4,0,0,0,0,0.0,0.0,0.0,0.0,0.0,0.0,0,0.0,0.0
6294,0,1,0,0,0,0,0.0,0.0,0.0,0.0,0.0,0.0,0,0.0,0.0
6295,0,1,0,0,0,0,0.0,0.0,0.0,0.0,0.0,0.0,0,0.0,0.0
6296,0,1,0,0,0,0,0.0,0.0,0.0,0.0,0.0,0.0,0,0.0,0.0
6297,0,37,0,0,0,0,0.0,0.0,0.0,0.0,0.0,0.0,0,0.0,0.0
6298,15,1,4,15,0,15,0.0,1.0,0.0,0.0,0.0,0.0,4,1.0,4.0
6299,1,39,1,1,1,0,1.0,0.0,2.0,0.016666666666666666,0.0,0.0,1,1.0,0.18790182470910757
6300,32,1,9,32,0,32,0.0,1.0,0.0,0.0,0.0,0.0,9,1.0,5.044394119358453
6301,0,6,0,0,0,0,0.0,0.0,0.0,0.0,0.0,0.0,0,0.0,0.0
6302,5,5,1,5,2,3,0.4,0.6,0.4,0.008579272477693892,0.0,0.0,1,1.0,1.0
6303,0,1,0,0,0,0,0.0,0.0,0.0,0.0,0.0,0.0,0,0.0,0.0
6304,0,39,0,0,0,0,0.0,0.0,0.0,0.0,0.0,0.0,0,0.0,0.0
6305,2,9,1,2,0,2,0.0,1.0,0.0,0.0,1.0,0.01282051282051282,0,0.0,0.47712125471966244
6306,0,16,0,0,0,0,0.0,0.0,0.0,0.0,0.0,0.0,0,0.0,0.0
6307,1,33,1,1,1,0,1.0,0.0,3.0,0.12,1.0,0.027777777777777776,0,0.0,0.19656163223282258
6308,0,1,0,0,0,0,0.0,0.0,0.0,0.0,0.0,0.0,0,0.0,0.0
6309,0,1,0,0,0,0,0.0,0.0,0.0,0.0,0.0,0.0,0,0.0,0.0
6310,1,4,1,1,0,1,0.0,1.0,0.0,0.0,1.0,0.03333333333333333,0,0.0,0.43067655807339306
6311,0,36,0,0,0,0,0.0,0.0,0.0,0.0,0.0,0.0,0,0.0,0.0
6312,9,9,2,9,4,5,0.4444444444444444,0.5555555555555556,0.4444444444444444,0.005127426526680513,1.0,0.006666666666666667,1,0.5,1.0
6313,0,4,0,0,0,0,0.0,0.0,0.0,0.0,0.0,0.0,0,0.0,0.0
6314,0,1,0,0,0,0,0.0,0.0,0.0,0.0,0.0,0.0,0,0.0,0.0
6315,16,2,4,16,0,16,0.0,1.0,0.0,0.0,0.0,0.0,4,1.0,2.5789019231625656
6316,0,1,0,0,0,0,0.0,0.0,0.0,0.0,0.0,0.0,0,0.0,0.0
6317,0,1,0,0,0,0,0.0,0.0,0.0,0.0,0.0,0.0,0,0.0,0.0
6318,0,23,0,0,0,0,0.0,0.0,0.0,0.0,0.0,0.0,0,0.0,0.0
6319,1,27,1,1,1,0,1.0,0.0,2.0,0.016666666666666666,3.0,0.031914893617021274,0,0.0,0.20801459767650946
6320,0,39,0,0,0,0,0.0,0.0,0.0,0.0,0.0,0.0,0,0.0,0.0
6321,0,8,0,0,0,0,0.0,0.0,0.0,0.0,0.0,0.0,0,0.0,0.0
6322,17,33,5,17,8,9,0.47058823529411764,0.5294117647058824,0.5294117647058824,0.020407884480251885,0.2,0.008,4,0.8,0.819647264571956
6323,3,1,1,3,0,3,0.0,1.0,0.0,0.0,0.0,0.0,1,1.0,2.0
6324,9,36,2,9,6,3,0.6666666666666666,0.33333333333333337,2.2222222222222223,0.0265788798800554,4.0,0.052080123266563944,0,0.0,0.637673065048409
6325,0,22,0,0,0,0,0.0,0.0,0.0,0.0,0.0,0.0,0,0.0,0.0
6326,2,5,1,2,1,1,0.5,0.5,0.5,0.023809523809523808,0.0,0.0,1,1.0,0.6131471927654585
6327,19,38,5,19,9,10,0.47368421052631576,0.5263157894736843,1.105263157894737,0.015120531543986963,1.8,0.015130434782608695,3,0.6,0.8177103493587502
6328,0,3,0,0,0,0,0.0,0.0,0.0,0.0,0.0,0.0,0,0.0,0.0
6329,0,2,0,0,0,0,0.0,0.0,0.0,0.0,0.0,0.0,0,0.0,0.0
6330,0,13,0,0,0,0,0.0,0.0,0.0,0.0,0.0,0.0,0,0.0,0.0
6331,0,3,0,0,0,0,0.0,0.0,0.0,0.0,0.0,0.0,0,0.0,0.0
6332,0,8,0,0,0,0,0.0,0.0,0.0,0.0,0.0,0.0,0,0.0,0.0
6333,0,4,0,0,0,0,0.0,0.0,0.0,0.0,0.0,0.0,0,0.0,0.0
6334,5,1,1,5,0,5,0.0,1.0,0.0,0.0,0.0,0.0,1,1.0,2.584962500721156
6335,4,17,1,4,4,0,1.0,0.0,1.75,0.07268170426065163,3.0,0.06521739130434782,0,0.0,0.5568273036287807
6336,0,10,0,0,0,0,0.0,0.0,0.0,0.0,0.0,0.0,0,0.0,0.0
6337,0,3,0,0,0,0,0.0,0.0,0.0,0.0,0.0,0.0,0,0.0,0.0
6338,0,1,0,0,0,0,0.0,0.0,0.0,0.0,0.0,0.0,0,0.0,0.0
6339,0,5,0,0,0,0,0.0,0.0,0.0,0.0,0.0,0.0,0,0.0,0.0
6340,3,10,1,3,1,2,0.3333333333333333,0.6666666666666667,0.3333333333333333,0.006802721088435374,0.0,0.0,1,1.0,0.5781296526357756
6341,17,38,5,17,7,10,0.4117647058823529,0.5882352941176471,1.1764705882352942,0.03135447086636073,1.6,0.029119119842072317,2,0.4,0.7889513094312703
6342,0,5,0,0,0,0,0.0,0.0,0.0,0.0,0.0,0.0,0,0.0,0.0
6343,0,1,0,0,0,0,0.0,0.0,0.0,0.0,0.0,0.0,0,0.0,0.0
6344,0,27,0,0,0,0,0.0,0.0,0.0,0.0,0.0,0.0,0,0.0,0.0
6345,0,29,0,0,0,0,0.0,0.0,0.0,0.0,0.0,0.0,0,0.0,0.0
6346,2,32,1,2,2,0,1.0,0.0,3.5,0.03823942562821914,0.0,0.0,1,1.0,0.3142027492734315
6347,13,38,4,13,4,9,0.3076923076923077,0.6923076923076923,0.9230769230769231,0.012377896423626631,1.0,0.01249130391572252,1,0.25,0.7203529200616233
6348,0,2,0,0,0,0,0.0,0.0,0.0,0.0,0.0,0.0,0,0.0,0.0
6349,0,31,0,0,0,0,0.0,0.0,0.0,0.0,0.0,0.0,0,0.0,0.0
6350,12,1,4,12,1,11,0.08333333333333333,0.9166666666666666,0.08333333333333333,0.0012077294685990338,0.0,0.0,4,1.0,3.700439718141092
6351,12,2,3,12,1,11,0.08333333333333333,0.9166666666666666,0.08333333333333333,0.0011261261261261261,0.0,0.0,3,1.0,2.3347175194727927
6352,0,1,0,0,0,0,0.0,0.0,0.0,0.0,0.0,0.0,0,0.0,0.0
6353,0,29,0,0,0,0,0.0,0.0,0.0,0.0,0.0,0.0,0,0.0,0.0
6354,0,18,0,0,0,0,0.0,0.0,0.0,0.0,0.0,0.0,0,0.0,0.0
6355,0,10,0,0,0,0,0.0,0.0,0.0,0.0,0.0,0.0,0,0.0,0.0
6356,0,1,0,0,0,0,0.0,0.0,0.0,0.0,0.0,0.0,0,0.0,0.0
6357,0,39,0,0,0,0,0.0,0.0,0.0,0.0,0.0,0.0,0,0.0,0.0
6358,0,18,0,0,0,0,0.0,0.0,0.0,0.0,0.0,0.0,0,0.0,0.0
6359,1,32,1,1,0,1,0.0,1.0,0.0,0.0,5.0,0.06756756756756757,0,0.0,0.19823986317056053
6360,0,32,0,0,0,0,0.0,0.0,0.0,0.0,0.0,0.0,0,0.0,0.0
6361,0,26,0,0,0,0,0.0,0.0,0.0,0.0,0.0,0.0,0,0.0,0.0
6362,7,5,1,7,1,6,0.14285714285714285,0.8571428571428572,0.14285714285714285,0.0009523809523809525,0.0,0.0,1,1.0,1.1605584217036247
6363,0,1,0,0,0,0,0.0,0.0,0.0,0.0,0.0,0.0,0,0.0,0.0
6364,0,7,0,0,0,0,0.0,0.0,0.0,0.0,0.0,0.0,0,0.0,0.0
6365,0,3,0,0,0,0,0.0,0.0,0.0,0.0,0.0,0.0,0,0.0,0.0
6366,0,4,0,0,0,0,0.0,0.0,0.0,0.0,0.0,0.0,0,0.0,0.0
6367,0,37,0,0,0,0,0.0,0.0,0.0,0.0,0.0,0.0,0,0.0,0.0
6368,0,1,0,0,0,0,0.0,0.0,0.0,0.0,0.0,0.0,0,0.0,0.0
6369,0,4,0,0,0,0,0.0,0.0,0.0,0.0,0.0,0.0,0,0.0,0.0
6370,20,22,6,20,9,11,0.45,0.55,0.55,0.008042567305402041,0.6666666666666666,0.007147067491895078,4,0.6666666666666666,0.9709864627580668
6371,0,25,0,0,0,0,0.0,0.0,0.0,0.0,0.0,0.0,0,0.0,0.0
6372,9,15,2,9,5,4,0.5555555555555556,0.4444444444444444,0.6666666666666666,0.026209665039452275,0.0,0.0,2,1.0,0.8304820237218407
6373,9,15,2,9,5,4,0.5555555555555556,0.4444444444444444,2.0,0.05977657935285054,1.5,0.03073432343234323,0,0.0,0.8304820237218407
6374,0,30,0,0,0,0,0.0,0.0,0.0,0.0,0.0,0.0,0,0.0,0.0
6375,1,34,1,1,1,0,1.0,0.0,1.0,0.014285714285714285,1.0,0.02564102564102564,0,0.0,0.1949590218937863
6376,53,39,15,53,29,24,0.5471698113207547,0.4528301886792453,1.0943396226415094,0.02538489374884656,0.3333333333333333,0.006612288715808384,11,0.7333333333333333,1.0813538626521542
6377,0,3,0,0,0,0,0.0,0.0,0.0,0.0,0.0,0.0,0,0.0,0.0
6378,3,38,1,3,2,1,0.6666666666666666,0.33333333333333337,1.3333333333333333,0.02492877492877493,2.0,0.014285714285714285,0,0.0,0.37840071903374006
6379,0,35,0,0,0,0,0.0,0.0,0.0,0.0,0.0,0.0,0,0.0,0.0
6380,1,19,1,1,1,0,1.0,0.0,2.0,0.025974025974025976,0.0,0.0,1,1.0,0.23137821315975918
6381,0,35,0,0,0,0,0.0,0.0,0.0,0.0,0.0,0.0,0,0.0,0.0
6382,1,31,1,1,1,0,1.0,0.0,3.0,0.029411764705882353,0.0,0.0,1,1.0,0.19999999999999998
6383,0,37,0,0,0,0,0.0,0.0,0.0,0.0,0.0,0.0,0,0.0,0.0
6384,3,36,1,3,1,2,0.3333333333333333,0.6666666666666667,0.3333333333333333,0.006666666666666667,6.0,0.05172413793103448,0,0.0,0.3839174400131203
6385,0,19,0,0,0,0,0.0,0.0,0.0,0.0,0.0,0.0,0,0.0,0.0
6386,0,37,0,0,0,0,0.0,0.0,0.0,0.0,0.0,0.0,0,0.0,0.0
6387,0,2,0,0,0,0,0.0,0.0,0.0,0.0,0.0,0.0,0,0.0,0.0
6388,26,37,8,26,8,18,0.3076923076923077,0.6923076923076923,0.5769230769230769,0.019023261547322097,1.25,0.03108377112839332,2,0.25,0.9060505294676615
6389,0,39,0,0,0,0,0.0,0.0,0.0,0.0,0.0,0.0,0,0.0,0.0
6390,3,36,1,3,2,1,0.6666666666666666,0.33333333333333337,3.0,0.025913275913275913,3.0,0.075,0,0.0,0.3839174400131203
6391,0,1,0,0,0,0,0.0,0.0,0.0,0.0,0.0,0.0,0,0.0,0.0
6392,0,38,0,0,0,0,0.0,0.0,0.0,0.0,0.0,0.0,0,0.0,0.0
6393,0,2,0,0,0,0,0.0,0.0,0.0,0.0,0.0,0.0,0,0.0,0.0
6394,0,4,0,0,0,0,0.0,0.0,0.0,0.0,0.0,0.0,0,0.0,0.0
6395,0,14,0,0,0,0,0.0,0.0,0.0,0.0,0.0,0.0,0,0.0,0.0
6396,0,28,0,0,0,0,0.0,0.0,0.0,0.0,0.0,0.0,0,0.0,0.0
6397,7,6,1,7,1,6,0.14285714285714285,0.8571428571428572,0.2857142857142857,0.001904761904761905,0.0,0.0,1,1.0,1.0686215613240664
6398,0,2,0,0,0,0,0.0,0.0,0.0,0.0,0.0,0.0,0,0.0,0.0
6399,0,8,0,0,0,0,0.0,0.0,0.0,0.0,0.0,0.0,0,0.0,0.0
6400,0,2,0,0,0,0,0.0,0.0,0.0,0.0,0.0,0.0,0,0.0,0.0
6401,2,36,1,2,1,1,0.5,0.5,1.0,0.018518518518518517,0.0,0.0,1,1.0,0.30424737289682985
6402,1,9,1,1,1,0,1.0,0.0,1.0,0.00909090909090909,0.0,0.0,1,1.0,0.30102999566398114
6403,0,2,0,0,0,0,0.0,0.0,0.0,0.0,0.0,0.0,0,0.0,0.0
6404,1,39,1,1,1,0,1.0,0.0,6.0,0.09836065573770492,0.0,0.0,1,1.0,0.18790182470910757
6405,0,18,0,0,0,0,0.0,0.0,0.0,0.0,0.0,0.0,0,0.0,0.0
6406,0,30,0,0,0,0,0.0,0.0,0.0,0.0,0.0,0.0,0,0.0,0.0
6407,0,1,0,0,0,0,0.0,0.0,0.0,0.0,0.0,0.0,0,0.0,0.0
6408,0,33,0,0,0,0,0.0,0.0,0.0,0.0,0.0,0.0,0,0.0,0.0
6409,2,4,1,2,0,2,0.0,1.0,0.0,0.0,0.0,0.0,1,1.0,0.6826061944859854
6410,0,2,0,0,0,0,0.0,0.0,0.0,0.0,0.0,0.0,0,0.0,0.0
6411,0,1,0,0,0,0,0.0,0.0,0.0,0.0,0.0,0.0,0,0.0,0.0
6412,0,37,0,0,0,0,0.0,0.0,0.0,0.0,0.0,0.0,0,0.0,0.0
6413,0,21,0,0,0,0,0.0,0.0,0.0,0.0,0.0,0.0,0,0.0,0.0
6414,0,36,0,0,0,0,0.0,0.0,0.0,0.0,0.0,0.0,0,0.0,0.0
6415,0,39,0,0,0,0,0.0,0.0,0.0,0.0,0.0,0.0,0,0.0,0.0
6416,35,38,10,35,12,23,0.34285714285714286,0.6571428571428571,0.8,0.011073838459298064,1.9,0.025649080086580085,4,0.4,0.9781516689481403
6417,0,5,0,0,0,0,0.0,0.0,0.0,0.0,0.0,0.0,0,0.0,0.0
6418,7,9,1,7,0,7,0.0,1.0,0.0,0.0,0.0,0.0,1,1.0,0.9030899869919434
6419,0,1,0,0,0,0,0.0,0.0,0.0,0.0,0.0,0.0,0,0.0,0.0
6420,0,38,0,0,0,0,0.0,0.0,0.0,0.0,0.0,0.0,0,0.0,0.0
6421,36,27,10,36,27,9,0.75,0.25,1.5833333333333333,0.01932248165039905,1.1,0.0148913740245262,4,0.4,1.0836423459658442
6422,28,36,8,28,13,15,0.4642857142857143,0.5357142857142857,1.6071428571428572,0.014986391261836334,0.25,0.0016666666666666668,7,0.875,0.9325318136408841
6423,0,17,0,0,0,0,0.0,0.0,0.0,0.0,0.0,0.0,0,0.0,0.0
6424,0,1,0,0,0,0,0.0,0.0,0.0,0.0,0.0,0.0,0,0.0,0.0
6425,0,1,0,0,0,0,0.0,0.0,0.0,0.0,0.0,0.0,0,0.0,0.0
6426,0,2,0,0,0,0,0.0,0.0,0.0,0.0,0.0,0.0,0,0.0,0.0
6427,19,37,6,19,13,6,0.6842105263157895,0.3157894736842105,1.736842105263158,0.0230235761920048,0.5,0.00768511093290564,4,0.6666666666666666,0.8235495028877408
6428,0,26,0,0,0,0,0.0,0.0,0.0,0.0,0.0,0.0,0,0.0,0.0
6429,0,33,0,0,0,0,0.0,0.0,0.0,0.0,0.0,0.0,0,0.0,0.0
6430,18,31,5,18,14,4,0.7777777777777778,0.2222222222222222,2.0555555555555554,0.0418190863219082,3.4,0.03272706947224176,1,0.2,0.849585502688717
6431,0,2,0,0,0,0,0.0,0.0,0.0,0.0,0.0,0.0,0,0.0,0.0
6432,0,4,0,0,0,0,0.0,0.0,0.0,0.0,0.0,0.0,0,0.0,0.0
6433,0,1,0,0,0,0,0.0,0.0,0.0,0.0,0.0,0.0,0,0.0,0.0
6434,11,25,3,11,5,6,0.45454545454545453,0.5454545454545454,0.45454545454545453,0.004791140102075647,0.3333333333333333,0.006802721088435374,2,0.6666666666666666,0.7626866241652218
6435,0,7,0,0,0,0,0.0,0.0,0.0,0.0,0.0,0.0,0,0.0,0.0
6436,2,12,1,2,1,1,0.5,0.5,0.5,0.00641025641025641,0.0,0.0,1,1.0,0.42831734103139474
6437,4,37,1,4,2,2,0.5,0.5,0.75,0.007110851353984025,0.0,0.0,1,1.0,0.44244667803419396
6438,0,5,0,0,0,0,0.0,0.0,0.0,0.0,0.0,0.0,0,0.0,0.0
6439,0,38,0,0,0,0,0.0,0.0,0.0,0.0,0.0,0.0,0,0.0,0.0
6440,0,30,0,0,0,0,0.0,0.0,0.0,0.0,0.0,0.0,0,0.0,0.0
6441,0,1,0,0,0,0,0.0,0.0,0.0,0.0,0.0,0.0,0,0.0,0.0
6442,0,1,0,0,0,0,0.0,0.0,0.0,0.0,0.0,0.0,0,0.0,0.0
6443,2,39,1,2,0,2,0.0,1.0,0.0,0.0,0.0,0.0,1,1.0,0.2978173459810155
6444,0,9,0,0,0,0,0.0,0.0,0.0,0.0,0.0,0.0,0,0.0,0.0
6445,0,4,0,0,0,0,0.0,0.0,0.0,0.0,0.0,0.0,0,0.0,0.0
6446,0,1,0,0,0,0,0.0,0.0,0.0,0.0,0.0,0.0,0,0.0,0.0
6447,0,2,0,0,0,0,0.0,0.0,0.0,0.0,0.0,0.0,0,0.0,0.0
6448,36,39,10,36,17,19,0.4722222222222222,0.5277777777777778,0.8888888888888888,0.016031857673064247,0.9,0.010117268529033236,6,0.6,0.9788657931386814
6449,1,39,1,1,1,0,1.0,0.0,7.0,0.07446808510638298,2.0,0.0392156862745098,0,0.0,0.18790182470910757
6450,0,37,0,0,0,0,0.0,0.0,0.0,0.0,0.0,0.0,0,0.0,0.0
6451,14,27,4,14,5,9,0.35714285714285715,0.6428571428571428,0.9285714285714286,0.008113014436543848,0.75,0.00815075639019301,2,0.5,0.8126902754116444
6452,0,39,0,0,0,0,0.0,0.0,0.0,0.0,0.0,0.0,0,0.0,0.0
6453,15,39,4,15,11,4,0.7333333333333333,0.2666666666666667,1.8666666666666667,0.04863169982482774,1.25,0.03392857142857143,2,0.5,0.7516072988364303
6454,0,2,0,0,0,0,0.0,0.0,0.0,0.0,0.0,0.0,0,0.0,0.0
6455,0,13,0,0,0,0,0.0,0.0,0.0,0.0,0.0,0.0,0,0.0,0.0
6456,0,1,0,0,0,0,0.0,0.0,0.0,0.0,0.0,0.0,0,0.0,0.0
6457,0,34,0,0,0,0,0.0,0.0,0.0,0.0,0.0,0.0,0,0.0,0.0
6458,23,1,6,23,0,23,0.0,1.0,0.0,0.0,0.16666666666666666,0.001488095238095238,5,0.8333333333333334,4.584962500721157
6459,0,7,0,0,0,0,0.0,0.0,0.0,0.0,0.0,0.0,0,0.0,0.0
6460,45,11,13,45,4,41,0.08888888888888889,0.9111111111111111,0.1111111111111111,0.0018544120157023385,0.23076923076923078,0.0034307266844400526,10,0.7692307692307693,1.5407586425090598
6461,0,17,0,0,0,0,0.0,0.0,0.0,0.0,0.0,0.0,0,0.0,0.0
6462,35,38,10,35,14,21,0.4,0.6,0.5142857142857142,0.009937255142759619,0.2,0.006060606060606061,9,0.9,0.9781516689481403
6463,3,8,1,3,1,2,0.3333333333333333,0.6666666666666667,0.3333333333333333,0.004329004329004329,1.0,0.027777777777777776,0,0.0,0.6309297535714574
6464,25,36,7,25,20,5,0.8,0.19999999999999996,2.48,0.042475005534956346,2.5714285714285716,0.07540166066426571,0,0.0,0.9022903917623605
6465,0,35,0,0,0,0,0.0,0.0,0.0,0.0,0.0,0.0,0,0.0,0.0
6466,0,1,0,0,0,0,0.0,0.0,0.0,0.0,0.0,0.0,0,0.0,0.0
6467,0,4,0,0,0,0,0.0,0.0,0.0,0.0,0.0,0.0,0,0.0,0.0
6468,0,3,0,0,0,0,0.0,0.0,0.0,0.0,0.0,0.0,0,0.0,0.0
6469,14,8,4,14,8,6,0.5714285714285714,0.4285714285714286,1.0714285714285714,0.029120092182450517,0.75,0.010857234117543395,1,0.25,1.2324867603589635
6470,0,6,0,0,0,0,0.0,0.0,0.0,0.0,0.0,0.0,0,0.0,0.0
6471,10,35,2,10,3,7,0.3,0.7,0.4,0.006177433247200689,1.0,0.014084507042253521,1,0.5,0.6691454165528863
6472,20,39,6,20,7,13,0.35,0.65,0.65,0.009381330074535546,0.16666666666666666,0.0024154589371980675,5,0.8333333333333334,0.8253244584417337
6473,13,39,4,13,11,2,0.8461538461538461,0.15384615384615385,2.3076923076923075,0.041969828096598286,2.0,0.032486761426978816,1,0.25,0.7154089371698258
6474,7,32,1,7,1,6,0.14285714285714285,0.8571428571428572,0.2857142857142857,0.008658008658008658,0.0,0.0,1,1.0,0.5947195895116816
6475,8,39,2,8,7,1,0.875,0.125,2.125,0.03837031045749383,2.0,0.02564102564102564,1,0.5,0.595634691962031
6476,0,1,0,0,0,0,0.0,0.0,0.0,0.0,0.0,0.0,0,0.0,0.0
6477,0,34,0,0,0,0,0.0,0.0,0.0,0.0,0.0,0.0,0,0.0,0.0
6478,21,36,6,21,13,8,0.6190476190476191,0.38095238095238093,1.0952380952380953,0.02768774509104575,2.6666666666666665,0.04980738734795712,1,0.16666666666666666,0.8560267854703983
6479,0,1,0,0,0,0,0.0,0.0,0.0,0.0,0.0,0.0,0,0.0,0.0
6480,1,35,1,1,1,0,1.0,0.0,7.0,0.04697986577181208,2.0,0.013333333333333334,0,0.0,0.1934264036172708
6481,0,2,0,0,0,0,0.0,0.0,0.0,0.0,0.0,0.0,0,0.0,0.0
6482,0,1,0,0,0,0,0.0,0.0,0.0,0.0,0.0,0.0,0,0.0,0.0
6483,3,39,1,3,2,1,0.6666666666666666,0.33333333333333337,1.3333333333333333,0.021741487746692694,0.0,0.0,1,1.0,0.37580364941821515
6484,2,30,1,2,2,0,1.0,0.0,4.0,0.08405797101449275,4.0,0.041237113402061855,0,0.0,0.3199232330374462
6485,0,36,0,0,0,0,0.0,0.0,0.0,0.0,0.0,0.0,0,0.0,0.0
6486,0,1,0,0,0,0,0.0,0.0,0.0,0.0,0.0,0.0,0,0.0,0.0
6487,3,37,1,3,2,1,0.6666666666666666,0.33333333333333337,1.0,0.009869976359338062,9.0,0.10843373493975904,0,0.0,0.3811028248535468
6488,0,4,0,0,0,0,0.0,0.0,0.0,0.0,0.0,0.0,0,0.0,0.0
6489,4,28,1,4,2,2,0.5,0.5,1.0,0.006779738922596066,0.0,0.0,1,1.0,0.4779615435334546
6490,0,1,0,0,0,0,0.0,0.0,0.0,0.0,0.0,0.0,0,0.0,0.0
6491,0,1,0,0,0,0,0.0,0.0,0.0,0.0,0.0,0.0,0,0.0,0.0
6492,0,16,0,0,0,0,0.0,0.0,0.0,0.0,0.0,0.0,0,0.0,0.0
6493,0,28,0,0,0,0,0.0,0.0,0.0,0.0,0.0,0.0,0,0.0,0.0
6494,10,18,2,10,5,5,0.5,0.5,1.1,0.014554946362356486,0.5,0.00641025641025641,1,0.5,0.8143810382095967
6495,0,2,0,0,0,0,0.0,0.0,0.0,0.0,0.0,0.0,0,0.0,0.0
6496,19,26,5,19,10,9,0.5263157894736842,0.4736842105263158,1.105263157894737,0.011802281522561556,1.0,0.01415002907540221,3,0.6,0.9089443426202807
6497,0,35,0,0,0,0,0.0,0.0,0.0,0.0,0.0,0.0,0,0.0,0.0
6498,1,4,1,1,1,0,1.0,0.0,2.0,0.08695652173913043,0.0,0.0,1,1.0,0.43067655807339306
6499,0,6,0,0,0,0,0.0,0.0,0.0,0.0,0.0,0.0,0,0.0,0.0
6500,0,16,0,0,0,0,0.0,0.0,0.0,0.0,0.0,0.0,0,0.0,0.0
6501,19,36,5,19,12,7,0.631578947368421,0.368421052631579,2.0526315789473686,0.05275063865724909,2.8,0.0989364613880743,1,0.2,0.8296317850549692
6502,13,7,4,13,2,11,0.15384615384615385,0.8461538461538461,0.15384615384615385,0.002495672825343155,0.25,0.0017006802721088435,3,0.75,1.2691183073525347
6503,4,17,1,4,4,0,1.0,0.0,1.25,0.03479880211036153,2.0,0.024691358024691357,0,0.0,0.5568273036287807
6504,0,4,0,0,0,0,0.0,0.0,0.0,0.0,0.0,0.0,0,0.0,0.0
6505,4,6,1,4,2,2,0.5,0.5,0.5,0.014870223503965392,1.0,0.023255813953488372,0,0.0,0.8270874753469162
6506,0,1,0,0,0,0,0.0,0.0,0.0,0.0,0.0,0.0,0,0.0,0.0
6507,0,8,0,0,0,0,0.0,0.0,0.0,0.0,0.0,0.0,0,0.0,0.0
6508,0,38,0,0,0,0,0.0,0.0,0.0,0.0,0.0,0.0,0,0.0,0.0
6509,0,1,0,0,0,0,0.0,0.0,0.0,0.0,0.0,0.0,0,0.0,0.0
6510,4,36,1,4,0,4,0.0,1.0,0.0,0.0,0.0,0.0,1,1.0,0.4457143450418488
6511,0,1,0,0,0,0,0.0,0.0,0.0,0.0,0.0,0.0,0,0.0,0.0
6512,0,16,0,0,0,0,0.0,0.0,0.0,0.0,0.0,0.0,0,0.0,0.0
6513,0,23,0,0,0,0,0.0,0.0,0.0,0.0,0.0,0.0,0,0.0,0.0
6514,0,1,0,0,0,0,0.0,0.0,0.0,0.0,0.0,0.0,0,0.0,0.0
6515,6,30,1,6,4,2,0.6666666666666666,0.33333333333333337,2.1666666666666665,0.022638976306648947,1.0,0.014925373134328358,0,0.0,0.5666620267290895
6516,0,7,0,0,0,0,0.0,0.0,0.0,0.0,0.0,0.0,0,0.0,0.0
6517,0,4,0,0,0,0,0.0,0.0,0.0,0.0,0.0,0.0,0,0.0,0.0
6518,0,25,0,0,0,0,0.0,0.0,0.0,0.0,0.0,0.0,0,0.0,0.0
6519,0,3,0,0,0,0,0.0,0.0,0.0,0.0,0.0,0.0,0,0.0,0.0
6520,0,39,0,0,0,0,0.0,0.0,0.0,0.0,0.0,0.0,0,0.0,0.0
6521,7,3,2,7,0,7,0.0,1.0,0.0,0.0,0.0,0.0,2,1.0,1.5
6522,0,12,0,0,0,0,0.0,0.0,0.0,0.0,0.0,0.0,0,0.0,0.0
6523,0,1,0,0,0,0,0.0,0.0,0.0,0.0,0.0,0.0,0,0.0,0.0
6524,0,1,0,0,0,0,0.0,0.0,0.0,0.0,0.0,0.0,0,0.0,0.0
6525,1,38,1,1,0,1,0.0,1.0,0.0,0.0,0.0,0.0,1,1.0,0.18920035951687003
6526,0,39,0,0,0,0,0.0,0.0,0.0,0.0,0.0,0.0,0,0.0,0.0
6527,1,38,1,1,1,0,1.0,0.0,6.0,0.04,3.0,0.17647058823529413,0,0.0,0.18920035951687003
6528,0,1,0,0,0,0,0.0,0.0,0.0,0.0,0.0,0.0,0,0.0,0.0
6529,0,18,0,0,0,0,0.0,0.0,0.0,0.0,0.0,0.0,0,0.0,0.0
6530,0,21,0,0,0,0,0.0,0.0,0.0,0.0,0.0,0.0,0,0.0,0.0
6531,0,4,0,0,0,0,0.0,0.0,0.0,0.0,0.0,0.0,0,0.0,0.0
6532,6,16,1,6,5,1,0.8333333333333334,0.16666666666666663,2.0,0.03862471658960751,0.0,0.0,1,1.0,0.686820903599663
6533,0,13,0,0,0,0,0.0,0.0,0.0,0.0,0.0,0.0,0,0.0,0.0
6534,38,5,10,38,8,30,0.21052631578947367,0.7894736842105263,0.2631578947368421,0.007294374052305008,0.5,0.010915584415584417,5,0.5,2.0446726857305357
6535,7,8,2,7,2,5,0.2857142857142857,0.7142857142857143,0.2857142857142857,0.0030319820235786624,0.0,0.0,2,1.0,0.946394630357186
6536,10,13,2,10,6,4,0.6,0.4,0.7,0.021978003047770495,1.0,0.012048192771084338,1,0.5,0.9086181061280522
6537,2,7,1,2,0,2,0.0,1.0,0.0,0.0,0.0,0.0,1,1.0,0.5283208335737188
6538,0,10,0,0,0,0,0.0,0.0,0.0,0.0,0.0,0.0,0,0.0,0.0
6539,7,34,2,7,7,0,1.0,0.0,5.285714285714286,0.17582264772321018,8.5,0.08155038759689923,0,0.0,0.5848770656813589
6540,0,24,0,0,0,0,0.0,0.0,0.0,0.0,0.0,0.0,0,0.0,0.0
6541,0,3,0,0,0,0,0.0,0.0,0.0,0.0,0.0,0.0,0,0.0,0.0
6542,0,11,0,0,0,0,0.0,0.0,0.0,0.0,0.0,0.0,0,0.0,0.0
6543,27,16,8,27,26,1,0.9629629629629629,0.03703703703703709,2.3703703703703702,0.04700023805714016,1.875,0.07150234025234026,0,0.0,1.176121987836115
6544,0,2,0,0,0,0,0.0,0.0,0.0,0.0,0.0,0.0,0,0.0,0.0
6545,0,10,0,0,0,0,0.0,0.0,0.0,0.0,0.0,0.0,0,0.0,0.0
6546,0,2,0,0,0,0,0.0,0.0,0.0,0.0,0.0,0.0,0,0.0,0.0
6547,0,37,0,0,0,0,0.0,0.0,0.0,0.0,0.0,0.0,0,0.0,0.0
6548,0,3,0,0,0,0,0.0,0.0,0.0,0.0,0.0,0.0,0,0.0,0.0
6549,3,12,1,3,1,2,0.3333333333333333,0.6666666666666667,1.3333333333333333,0.01990049751243781,0.0,0.0,1,1.0,0.5404763088546395
6550,0,6,0,0,0,0,0.0,0.0,0.0,0.0,0.0,0.0,0,0.0,0.0
6551,2,12,1,2,1,1,0.5,0.5,0.5,0.0035714285714285713,1.0,0.02,0,0.0,0.42831734103139474
6552,0,18,0,0,0,0,0.0,0.0,0.0,0.0,0.0,0.0,0,0.0,0.0
6553,0,3,0,0,0,0,0.0,0.0,0.0,0.0,0.0,0.0,0,0.0,0.0
6554,0,2,0,0,0,0,0.0,0.0,0.0,0.0,0.0,0.0,0,0.0,0.0
6555,6,38,1,6,6,0,1.0,0.0,3.0,0.07650591493306581,0.0,0.0,1,1.0,0.5311525605447533
6556,1,3,1,1,1,0,1.0,0.0,1.0,0.0078125,1.0,0.00847457627118644,0,0.0,0.5
6557,0,1,0,0,0,0,0.0,0.0,0.0,0.0,0.0,0.0,0,0.0,0.0
6558,5,16,1,5,4,1,0.8,0.19999999999999996,2.4,0.04675186741363212,0.0,0.0,1,1.0,0.6324124771567161
6559,0,1,0,0,0,0,0.0,0.0,0.0,0.0,0.0,0.0,0,0.0,0.0
6560,0,26,0,0,0,0,0.0,0.0,0.0,0.0,0.0,0.0,0,0.0,0.0
6561,0,39,0,0,0,0,0.0,0.0,0.0,0.0,0.0,0.0,0,0.0,0.0
6562,0,31,0,0,0,0,0.0,0.0,0.0,0.0,0.0,0.0,0,0.0,0.0
6563,14,35,4,14,3,11,0.21428571428571427,0.7857142857142857,0.7857142857142857,0.007787114845938374,0.5,0.011627906976744186,3,0.75,0.7556957972346928
6564,0,29,0,0,0,0,0.0,0.0,0.0,0.0,0.0,0.0,0,0.0,0.0
6565,0,5,0,0,0,0,0.0,0.0,0.0,0.0,0.0,0.0,0,0.0,0.0
6566,12,38,3,12,6,6,0.5,0.5,1.25,0.018722104415441865,3.3333333333333335,0.03180790960451978,1,0.3333333333333333,0.7001245250427999
6567,4,16,1,4,2,2,0.5,0.5,1.0,0.06448412698412698,1.0,0.014285714285714285,0,0.0,0.5680609671737329
6568,14,29,4,14,2,12,0.14285714285714285,0.8571428571428572,0.14285714285714285,0.0013551165146909827,0.5,0.0033783783783783786,3,0.75,0.7962049529094938
6569,0,13,0,0,0,0,0.0,0.0,0.0,0.0,0.0,0.0,0,0.0,0.0
6570,0,5,0,0,0,0,0.0,0.0,0.0,0.0,0.0,0.0,0,0.0,0.0
6571,0,1,0,0,0,0,0.0,0.0,0.0,0.0,0.0,0.0,0,0.0,0.0
6572,0,36,0,0,0,0,0.0,0.0,0.0,0.0,0.0,0.0,0,0.0,0.0
6573,0,7,0,0,0,0,0.0,0.0,0.0,0.0,0.0,0.0,0,0.0,0.0
6574,0,12,0,0,0,0,0.0,0.0,0.0,0.0,0.0,0.0,0,0.0,0.0
6575,26,1,7,26,2,24,0.07692307692307693,0.9230769230769231,0.07692307692307693,0.0026843865516634393,0.0,0.0,7,1.0,4.754887502163469
6576,17,39,5,17,13,4,0.7647058823529411,0.23529411764705888,2.0,0.029663035945247603,1.6,0.025164405067738184,1,0.2,0.7835365166711385
6577,0,2,0,0,0,0,0.0,0.0,0.0,0.0,0.0,0.0,0,0.0,0.0
6578,2,2,1,2,0,2,0.0,1.0,0.0,0.0,0.0,0.0,1,1.0,1.0
6579,0,1,0,0,0,0,0.0,0.0,0.0,0.0,0.0,0.0,0,0.0,0.0
6580,0,3,0,0,0,0,0.0,0.0,0.0,0.0,0.0,0.0,0,0.0,0.0
6581,21,26,6,21,12,9,0.5714285714285714,0.4285714285714286,0.9523809523809523,0.013672233466215008,1.3333333333333333,0.019886621315192744,2,0.3333333333333333,0.9378626974051986
6582,0,35,0,0,0,0,0.0,0.0,0.0,0.0,0.0,0.0,0,0.0,0.0
6583,0,6,0,0,0,0,0.0,0.0,0.0,0.0,0.0,0.0,0,0.0,0.0
6584,0,2,0,0,0,0,0.0,0.0,0.0,0.0,0.0,0.0,0,0.0,0.0
6585,0,1,0,0,0,0,0.0,0.0,0.0,0.0,0.0,0.0,0,0.0,0.0
6586,8,31,2,8,3,5,0.375,0.625,0.5,0.012546685340802988,0.5,0.004424778761061947,1,0.5,0.6339850002884625
6587,0,38,0,0,0,0,0.0,0.0,0.0,0.0,0.0,0.0,0,0.0,0.0
6588,0,19,0,0,0,0,0.0,0.0,0.0,0.0,0.0,0.0,0,0.0,0.0
6589,34,6,10,34,10,24,0.29411764705882354,0.7058823529411764,0.4411764705882353,0.006317630651290589,0.3,0.0024347218060133853,7,0.7,1.8270874753469162
6590,18,39,5,18,6,12,0.3333333333333333,0.6666666666666667,0.3333333333333333,0.005124203997808499,0.6,0.01030762122306606,2,0.4,0.7981933310080718
6591,4,1,1,4,0,4,0.0,1.0,0.0,0.0,0.0,0.0,1,1.0,2.321928094887362
6592,0,1,0,0,0,0,0.0,0.0,0.0,0.0,0.0,0.0,0,0.0,0.0
6593,7,19,1,7,6,1,0.8571428571428571,0.1428571428571429,1.5714285714285714,0.03976968619989215,2.0,0.027777777777777776,0,0.0,0.6941346394792774
6594,0,3,0,0,0,0,0.0,0.0,0.0,0.0,0.0,0.0,0,0.0,0.0
6595,0,17,0,0,0,0,0.0,0.0,0.0,0.0,0.0,0.0,0,0.0,0.0
6596,0,4,0,0,0,0,0.0,0.0,0.0,0.0,0.0,0.0,0,0.0,0.0
6597,7,32,1,7,4,3,0.5714285714285714,0.4285714285714286,0.8571428571428571,0.015472662029119002,1.0,0.022727272727272728,0,0.0,0.5947195895116816
6598,0,13,0,0,0,0,0.0,0.0,0.0,0.0,0.0,0.0,0,0.0,0.0
6599,0,6,0,0,0,0,0.0,0.0,0.0,0.0,0.0,0.0,0,0.0,0.0
6600,0,1,0,0,0,0,0.0,0.0,0.0,0.0,0.0,0.0,0,0.0,0.0
6601,3,5,1,3,1,2,0.3333333333333333,0.6666666666666667,0.6666666666666666,0.005555555555555556,1.0,0.007042253521126761,0,0.0,0.7737056144690831
6602,0,1,0,0,0,0,0.0,0.0,0.0,0.0,0.0,0.0,0,0.0,0.0
6603,0,0,0,0,0,0,0.0,0.0,0.0,0.0,0.0,0.0,0,0.0,0.0
6604,1,15,1,1,0,1,0.0,1.0,0.0,0.0,4.0,0.09090909090909091,0,0.0,0.25
6605,18,37,5,18,10,8,0.5555555555555556,0.4444444444444444,0.7222222222222222,0.01040927210875244,0.0,0.0,5,1.0,0.8094485875732266
6606,0,1,0,0,0,0,0.0,0.0,0.0,0.0,0.0,0.0,0,0.0,0.0
6607,0,12,0,0,0,0,0.0,0.0,0.0,0.0,0.0,0.0,0,0.0,0.0
6608,2,38,1,2,1,1,0.5,0.5,0.5,0.0033333333333333335,0.0,0.0,1,1.0,0.2998754749572002
6609,0,1,0,0,0,0,0.0,0.0,0.0,0.0,0.0,0.0,0,0.0,0.0
6610,1,24,1,1,1,0,1.0,0.0,2.0,0.037037037037037035,0.0,0.0,1,1.0,0.21533827903669653
6611,0,39,0,0,0,0,0.0,0.0,0.0,0.0,0.0,0.0,0,0.0,0.0
6612,0,6,0,0,0,0,0.0,0.0,0.0,0.0,0.0,0.0,0,0.0,0.0
6613,1,1,1,1,0,1,0.0,1.0,0.0,0.0,1.0,0.024390243902439025,0,0.0,1.0
6614,0,1,0,0,0,0,0.0,0.0,0.0,0.0,0.0,0.0,0,0.0,0.0
6615,0,30,0,0,0,0,0.0,0.0,0.0,0.0,0.0,0.0,0,0.0,0.0
6616,0,2,0,0,0,0,0.0,0.0,0.0,0.0,0.0,0.0,0,0.0,0.0
6617,0,2,0,0,0,0,0.0,0.0,0.0,0.0,0.0,0.0,0,0.0,0.0
6618,0,37,0,0,0,0,0.0,0.0,0.0,0.0,0.0,0.0,0,0.0,0.0
6619,0,18,0,0,0,0,0.0,0.0,0.0,0.0,0.0,0.0,0,0.0,0.0
6620,22,31,6,22,5,17,0.22727272727272727,0.7727272727272727,0.36363636363636365,0.006711507079187932,0.3333333333333333,0.015238095238095238,4,0.6666666666666666,0.9047123912114026
6621,0,13,0,0,0,0,0.0,0.0,0.0,0.0,0.0,0.0,0,0.0,0.0
6622,0,35,0,0,0,0,0.0,0.0,0.0,0.0,0.0,0.0,0,0.0,0.0
6623,0,2,0,0,0,0,0.0,0.0,0.0,0.0,0.0,0.0,0,0.0,0.0
6624,0,6,0,0,0,0,0.0,0.0,0.0,0.0,0.0,0.0,0,0.0,0.0
6625,3,38,1,3,2,1,0.6666666666666666,0.33333333333333337,3.0,0.023536499231376462,6.0,0.20689655172413793,0,0.0,0.37840071903374006
6626,0,10,0,0,0,0,0.0,0.0,0.0,0.0,0.0,0.0,0,0.0,0.0
6627,8,16,2,8,2,6,0.25,0.75,0.25,0.0031714325763947298,1.5,0.01496124031007752,0,0.0,0.7755238700769802
6628,0,16,0,0,0,0,0.0,0.0,0.0,0.0,0.0,0.0,0,0.0,0.0
6629,0,1,0,0,0,0,0.0,0.0,0.0,0.0,0.0,0.0,0,0.0,0.0
6630,0,28,0,0,0,0,0.0,0.0,0.0,0.0,0.0,0.0,0,0.0,0.0
6631,3,38,1,3,2,1,0.6666666666666666,0.33333333333333337,2.0,0.05593869731800766,5.0,0.060240963855421686,0,0.0,0.37840071903374006
6632,0,0,0,0,0,0,0.0,0.0,0.0,0.0,0.0,0.0,0,0.0,0.0
6633,16,30,4,16,5,11,0.3125,0.6875,0.375,0.008061811194011654,0.75,0.008076923076923077,2,0.5,0.8250506409446556
6634,0,1,0,0,0,0,0.0,0.0,0.0,0.0,0.0,0.0,0,0.0,0.0
6635,0,2,0,0,0,0,0.0,0.0,0.0,0.0,0.0,0.0,0,0.0,0.0
6636,0,38,0,0,0,0,0.0,0.0,0.0,0.0,0.0,0.0,0,0.0,0.0
6637,0,23,0,0,0,0,0.0,0.0,0.0,0.0,0.0,0.0,0,0.0,0.0
6638,0,5,0,0,0,0,0.0,0.0,0.0,0.0,0.0,0.0,0,0.0,0.0
6639,0,2,0,0,0,0,0.0,0.0,0.0,0.0,0.0,0.0,0,0.0,0.0
6640,0,22,0,0,0,0,0.0,0.0,0.0,0.0,0.0,0.0,0,0.0,0.0
6641,2,34,1,2,2,0,1.0,0.0,5.0,0.04148706896551724,1.0,0.06666666666666667,0,0.0,0.3090027388789262
6642,23,8,6,23,10,13,0.43478260869565216,0.5652173913043479,0.6521739130434783,0.010462081607278486,1.1666666666666667,0.01684955388080388,2,0.3333333333333333,1.4463946303571862
6643,11,37,3,11,7,4,0.6363636363636364,0.36363636363636365,1.2727272727272727,0.05945508634853949,1.0,0.06516290726817042,1,0.3333333333333333,0.6831196680094339
6644,0,1,0,0,0,0,0.0,0.0,0.0,0.0,0.0,0.0,0,0.0,0.0
6645,0,1,0,0,0,0,0.0,0.0,0.0,0.0,0.0,0.0,0,0.0,0.0
6646,0,39,0,0,0,0,0.0,0.0,0.0,0.0,0.0,0.0,0,0.0,0.0
6647,0,1,0,0,0,0,0.0,0.0,0.0,0.0,0.0,0.0,0,0.0,0.0
6648,0,5,0,0,0,0,0.0,0.0,0.0,0.0,0.0,0.0,0,0.0,0.0
6649,0,32,0,0,0,0,0.0,0.0,0.0,0.0,0.0,0.0,0,0.0,0.0
6650,0,0,0,0,0,0,0.0,0.0,0.0,0.0,0.0,0.0,0,0.0,0.0
6651,0,1,0,0,0,0,0.0,0.0,0.0,0.0,0.0,0.0,0,0.0,0.0
6652,0,35,0,0,0,0,0.0,0.0,0.0,0.0,0.0,0.0,0,0.0,0.0
6653,0,38,0,0,0,0,0.0,0.0,0.0,0.0,0.0,0.0,0,0.0,0.0
6654,15,33,4,15,7,8,0.4666666666666667,0.5333333333333333,0.6666666666666666,0.010516240613731995,1.0,0.016195471195471198,1,0.25,0.7862465289312903
6655,0,4,0,0,0,0,0.0,0.0,0.0,0.0,0.0,0.0,0,0.0,0.0
6656,70,27,20,70,44,26,0.6285714285714286,0.37142857142857144,1.6142857142857143,0.03661495765418886,1.65,0.040063360381201604,8,0.4,1.2792371728760394
6657,2,35,1,2,2,0,1.0,0.0,1.5,0.03781609195402299,2.0,0.013513513513513514,0,0.0,0.30657359638272924
6658,0,20,0,0,0,0,0.0,0.0,0.0,0.0,0.0,0.0,0,0.0,0.0
6659,0,17,0,0,0,0,0.0,0.0,0.0,0.0,0.0,0.0,0,0.0,0.0
6660,0,1,0,0,0,0,0.0,0.0,0.0,0.0,0.0,0.0,0,0.0,0.0
6661,0,1,0,0,0,0,0.0,0.0,0.0,0.0,0.0,0.0,0,0.0,0.0
6662,0,31,0,0,0,0,0.0,0.0,0.0,0.0,0.0,0.0,0,0.0,0.0
6663,0,4,0,0,0,0,0.0,0.0,0.0,0.0,0.0,0.0,0,0.0,0.0
6664,0,2,0,0,0,0,0.0,0.0,0.0,0.0,0.0,0.0,0,0.0,0.0
6665,1,38,1,1,0,1,0.0,1.0,0.0,0.0,0.0,0.0,1,1.0,0.18920035951687003
6666,2,37,1,2,2,0,1.0,0.0,2.5,0.01857745796720404,3.0,0.043478260869565216,0,0.0,0.30201684315588717
6667,0,32,0,0,0,0,0.0,0.0,0.0,0.0,0.0,0.0,0,0.0,0.0
6668,0,14,0,0,0,0,0.0,0.0,0.0,0.0,0.0,0.0,0,0.0,0.0
6669,0,3,0,0,0,0,0.0,0.0,0.0,0.0,0.0,0.0,0,0.0,0.0
6670,0,35,0,0,0,0,0.0,0.0,0.0,0.0,0.0,0.0,0,0.0,0.0
6671,14,39,4,14,10,4,0.7142857142857143,0.2857142857142857,1.4285714285714286,0.022454629997744342,1.0,0.008771929824561403,3,0.75,0.7341118718536928
6672,7,37,1,7,3,4,0.42857142857142855,0.5714285714285714,0.42857142857142855,0.007349093483547265,0.0,0.0,1,1.0,0.5716542372803202
6673,0,3,0,0,0,0,0.0,0.0,0.0,0.0,0.0,0.0,0,0.0,0.0
6674,0,1,0,0,0,0,0.0,0.0,0.0,0.0,0.0,0.0,0,0.0,0.0
6675,10,38,2,10,4,6,0.4,0.6,0.5,0.011726027292065027,1.0,0.015873015873015872,1,0.5,0.6545257059702043
6676,0,39,0,0,0,0,0.0,0.0,0.0,0.0,0.0,0.0,0,0.0,0.0
6677,0,1,0,0,0,0,0.0,0.0,0.0,0.0,0.0,0.0,0,0.0,0.0
6678,4,6,1,4,2,2,0.5,0.5,0.5,0.006291547958214625,1.0,0.03225806451612903,0,0.0,0.8270874753469162
6679,7,12,1,7,5,2,0.7142857142857143,0.2857142857142857,0.8571428571428571,0.021177141632020217,0.0,0.0,1,1.0,0.8107144632819592
6680,12,35,4,12,8,4,0.6666666666666666,0.33333333333333337,1.5,0.025684571566924507,1.25,0.027534965034965036,2,0.5,0.7157627464825387
6681,0,35,0,0,0,0,0.0,0.0,0.0,0.0,0.0,0.0,0,0.0,0.0
6682,0,1,0,0,0,0,0.0,0.0,0.0,0.0,0.0,0.0,0,0.0,0.0
6683,0,2,0,0,0,0,0.0,0.0,0.0,0.0,0.0,0.0,0,0.0,0.0
6684,0,37,0,0,0,0,0.0,0.0,0.0,0.0,0.0,0.0,0,0.0,0.0
6685,0,39,0,0,0,0,0.0,0.0,0.0,0.0,0.0,0.0,0,0.0,0.0
6686,1,6,1,1,1,0,1.0,0.0,2.0,0.025974025974025976,2.0,0.027777777777777776,0,0.0,0.3562071871080222
6687,0,1,0,0,0,0,0.0,0.0,0.0,0.0,0.0,0.0,0,0.0,0.0
6688,0,1,0,0,0,0,0.0,0.0,0.0,0.0,0.0,0.0,0,0.0,0.0
6689,0,38,0,0,0,0,0.0,0.0,0.0,0.0,0.0,0.0,0,0.0,0.0
6690,2,39,1,2,1,1,0.5,0.5,3.5,0.04216867469879518,0.0,0.0,1,1.0,0.2978173459810155
6691,0,36,0,0,0,0,0.0,0.0,0.0,0.0,0.0,0.0,0,0.0,0.0
6692,0,1,0,0,0,0,0.0,0.0,0.0,0.0,0.0,0.0,0,0.0,0.0
6693,0,1,0,0,0,0,0.0,0.0,0.0,0.0,0.0,0.0,0,0.0,0.0
6694,1,14,1,1,0,1,0.0,1.0,0.0,0.0,0.0,0.0,1,1.0,0.2559580248098155
6695,0,21,0,0,0,0,0.0,0.0,0.0,0.0,0.0,0.0,0,0.0,0.0
6696,0,21,0,0,0,0,0.0,0.0,0.0,0.0,0.0,0.0,0,0.0,0.0
6697,0,6,0,0,0,0,0.0,0.0,0.0,0.0,0.0,0.0,0,0.0,0.0
6698,2,17,1,2,1,1,0.5,0.5,0.5,0.010638297872340425,0.0,0.0,1,1.0,0.3800937667159343
6699,0,31,0,0,0,0,0.0,0.0,0.0,0.0,0.0,0.0,0,0.0,0.0
6700,0,1,0,0,0,0,0.0,0.0,0.0,0.0,0.0,0.0,0,0.0,0.0
6701,0,2,0,0,0,0,0.0,0.0,0.0,0.0,0.0,0.0,0,0.0,0.0
6702,0,2,0,0,0,0,0.0,0.0,0.0,0.0,0.0,0.0,0,0.0,0.0
6703,0,5,0,0,0,0,0.0,0.0,0.0,0.0,0.0,0.0,0,0.0,0.0
6704,0,15,0,0,0,0,0.0,0.0,0.0,0.0,0.0,0.0,0,0.0,0.0
6705,0,1,0,0,0,0,0.0,0.0,0.0,0.0,0.0,0.0,0,0.0,0.0
6706,3,7,1,3,3,0,1.0,0.0,1.6666666666666667,0.022085356737600096,0.0,0.0,1,1.0,0.6666666666666667
6707,17,35,5,17,10,7,0.5882352941176471,0.4117647058823529,1.1764705882352942,0.017360089396500605,1.4,0.021228057832342488,2,0.4,0.8065735963827292
6708,0,23,0,0,0,0,0.0,0.0,0.0,0.0,0.0,0.0,0,0.0,0.0
6709,0,21,0,0,0,0,0.0,0.0,0.0,0.0,0.0,0.0,0,0.0,0.0
6710,0,1,0,0,0,0,0.0,0.0,0.0,0.0,0.0,0.0,0,0.0,0.0
6711,0,5,0,0,0,0,0.0,0.0,0.0,0.0,0.0,0.0,0,0.0,0.0
6712,12,25,4,12,3,9,0.25,0.75,0.4166666666666667,0.005267444423309752,0.75,0.011342592592592592,2,0.5,0.7872539464466368
6713,0,1,0,0,0,0,0.0,0.0,0.0,0.0,0.0,0.0,0,0.0,0.0
6714,24,25,7,24,6,18,0.25,0.75,0.3333333333333333,0.005654285900287254,0.5714285714285714,0.005234414002813876,5,0.7142857142857143,0.9879620776439305
6715,15,35,4,15,13,2,0.8666666666666667,0.1333333333333333,3.0,0.048625785138918305,5.75,0.14200698024227437,0,0.0,0.7737056144690831
6716,0,36,0,0,0,0,0.0,0.0,0.0,0.0,0.0,0.0,0,0.0,0.0
6717,0,2,0,0,0,0,0.0,0.0,0.0,0.0,0.0,0.0,0,0.0,0.0
6718,0,19,0,0,0,0,0.0,0.0,0.0,0.0,0.0,0.0,0,0.0,0.0
6719,2,29,1,2,1,1,0.5,0.5,0.5,0.023809523809523808,0.0,0.0,1,1.0,0.3230075074711545
6720,2,6,1,2,2,0,1.0,0.0,1.5,0.011956119807716012,0.0,0.0,1,1.0,0.5645750340535797
6721,0,2,0,0,0,0,0.0,0.0,0.0,0.0,0.0,0.0,0,0.0,0.0
6722,1,2,1,1,0,1,0.0,1.0,0.0,0.0,0.0,0.0,1,1.0,0.6309297535714574
6723,1,26,1,1,1,0,1.0,0.0,1.0,0.0078125,3.0,0.06521739130434782,0,0.0,0.21030991785715247
6724,0,6,0,0,0,0,0.0,0.0,0.0,0.0,0.0,0.0,0,0.0,0.0
6725,0,1,0,0,0,0,0.0,0.0,0.0,0.0,0.0,0.0,0,0.0,0.0
6726,0,39,0,0,0,0,0.0,0.0,0.0,0.0,0.0,0.0,0,0.0,0.0
6727,0,1,0,0,0,0,0.0,0.0,0.0,0.0,0.0,0.0,0,0.0,0.0
6728,7,36,2,7,5,2,0.7142857142857143,0.2857142857142857,4.142857142857143,0.05810922497227059,9.0,0.075,0,0.0,0.5758761600196804
6729,0,18,0,0,0,0,0.0,0.0,0.0,0.0,0.0,0.0,0,0.0,0.0
6730,0,8,0,0,0,0,0.0,0.0,0.0,0.0,0.0,0.0,0,0.0,0.0
6731,0,38,0,0,0,0,0.0,0.0,0.0,0.0,0.0,0.0,0,0.0,0.0
6732,10,38,3,10,6,4,0.6,0.4,1.2,0.01603670634920635,2.3333333333333335,0.020931142410015646,1,0.3333333333333333,0.6545257059702043
6733,4,36,1,4,4,0,1.0,0.0,2.5,0.03576654026630652,2.0,0.05263157894736842,0,0.0,0.4457143450418488
6734,0,10,0,0,0,0,0.0,0.0,0.0,0.0,0.0,0.0,0,0.0,0.0
6735,0,13,0,0,0,0,0.0,0.0,0.0,0.0,0.0,0.0,0,0.0,0.0
6736,0,1,0,0,0,0,0.0,0.0,0.0,0.0,0.0,0.0,0,0.0,0.0
6737,0,1,0,0,0,0,0.0,0.0,0.0,0.0,0.0,0.0,0,0.0,0.0
6738,0,39,0,0,0,0,0.0,0.0,0.0,0.0,0.0,0.0,0,0.0,0.0
6739,0,14,0,0,0,0,0.0,0.0,0.0,0.0,0.0,0.0,0,0.0,0.0
6740,0,18,0,0,0,0,0.0,0.0,0.0,0.0,0.0,0.0,0,0.0,0.0
6741,0,7,0,0,0,0,0.0,0.0,0.0,0.0,0.0,0.0,0,0.0,0.0
6742,9,38,2,9,3,6,0.3333333333333333,0.6666666666666667,0.6666666666666666,0.0075702889296092694,0.0,0.0,2,1.0,0.6285099898418802
6743,2,38,1,2,0,2,0.0,1.0,0.0,0.0,0.0,0.0,1,1.0,0.2998754749572002
6744,4,33,1,4,3,1,0.75,0.25,1.5,0.021594951878066135,4.0,0.03333333333333333,0,0.0,0.4564019762583081
6745,0,2,0,0,0,0,0.0,0.0,0.0,0.0,0.0,0.0,0,0.0,0.0
6746,0,1,0,0,0,0,0.0,0.0,0.0,0.0,0.0,0.0,0,0.0,0.0
6747,0,6,0,0,0,0,0.0,0.0,0.0,0.0,0.0,0.0,0,0.0,0.0
6748,0,36,0,0,0,0,0.0,0.0,0.0,0.0,0.0,0.0,0,0.0,0.0
6749,5,39,1,5,4,1,0.8,0.19999999999999996,2.0,0.07165085638998683,2.0,0.02702702702702703,0,0.0,0.48571917069012305
6750,2,39,1,2,2,0,1.0,0.0,2.0,0.03744661378889567,0.0,0.0,1,1.0,0.2978173459810155
6751,0,2,0,0,0,0,0.0,0.0,0.0,0.0,0.0,0.0,0,0.0,0.0
6752,0,5,0,0,0,0,0.0,0.0,0.0,0.0,0.0,0.0,0,0.0,0.0
6753,0,3,0,0,0,0,0.0,0.0,0.0,0.0,0.0,0.0,0,0.0,0.0
6754,1,7,1,1,0,1,0.0,1.0,0.0,0.0,0.0,0.0,1,1.0,0.33333333333333337
6755,4,23,1,4,4,0,1.0,0.0,1.5,0.02362636281892773,0.0,0.0,1,1.0,0.5064224831767222
6756,5,24,1,5,4,1,0.8,0.19999999999999996,2.2,0.03821823284789824,0.0,0.0,1,1.0,0.5566413762796892
6757,6,28,1,6,4,2,0.6666666666666666,0.33333333333333337,1.0,0.009693486590038316,1.0,0.022727272727272728,0,0.0,0.5778851182977677
6758,3,3,1,3,0,3,0.0,1.0,0.0,0.0,0.0,0.0,1,1.0,1.0
6759,0,35,0,0,0,0,0.0,0.0,0.0,0.0,0.0,0.0,0,0.0,0.0
6760,7,1,2,7,3,4,0.42857142857142855,0.5714285714285714,0.42857142857142855,0.007980599647266313,0.0,0.0,2,1.0,3.0
6761,0,39,0,0,0,0,0.0,0.0,0.0,0.0,0.0,0.0,0,0.0,0.0
6762,18,8,5,18,6,12,0.3333333333333333,0.6666666666666667,0.5,0.0074344061962864205,1.0,0.03324231324231324,1,0.2,1.3400719296231876
6763,0,10,0,0,0,0,0.0,0.0,0.0,0.0,0.0,0.0,0,0.0,0.0
6764,1,6,1,1,0,1,0.0,1.0,0.0,0.0,1.0,0.058823529411764705,0,0.0,0.3562071871080222
6765,1,19,1,1,0,1,0.0,1.0,0.0,0.0,4.0,0.0547945205479452,0,0.0,0.23137821315975918
6766,0,39,0,0,0,0,0.0,0.0,0.0,0.0,0.0,0.0,0,0.0,0.0
6767,0,1,0,0,0,0,0.0,0.0,0.0,0.0,0.0,0.0,0,0.0,0.0
6768,24,25,6,24,19,5,0.7916666666666666,0.20833333333333337,2.5,0.06171245831328257,3.6666666666666665,0.10394565222789702,0,0.0,0.9879620776439305
6769,0,24,0,0,0,0,0.0,0.0,0.0,0.0,0.0,0.0,0,0.0,0.0
6770,7,28,1,7,2,5,0.2857142857142857,0.7142857142857143,0.2857142857142857,0.004099075527646956,1.0,0.022727272727272728,0,0.0,0.6175404973813033
6771,0,2,0,0,0,0,0.0,0.0,0.0,0.0,0.0,0.0,0,0.0,0.0
6772,0,1,0,0,0,0,0.0,0.0,0.0,0.0,0.0,0.0,0,0.0,0.0
6773,7,23,2,7,5,2,0.7142857142857143,0.2857142857142857,1.2857142857142858,0.03202196487776166,0.5,0.016666666666666666,1,0.5,0.6543128759565946
6774,4,17,1,4,2,2,0.5,0.5,1.75,0.03382034632034632,0.0,0.0,1,1.0,0.5568273036287807
6775,0,1,0,0,0,0,0.0,0.0,0.0,0.0,0.0,0.0,0,0.0,0.0
6776,1,10,1,1,0,1,0.0,1.0,0.0,0.0,2.0,0.03773584905660377,0,0.0,0.2890648263178878
6777,0,7,0,0,0,0,0.0,0.0,0.0,0.0,0.0,0.0,0,0.0,0.0
6778,0,4,0,0,0,0,0.0,0.0,0.0,0.0,0.0,0.0,0,0.0,0.0
6779,12,16,3,12,10,2,0.8333333333333334,0.16666666666666663,1.5833333333333333,0.015644089608565555,3.0,0.06286985514926692,0,0.0,0.9053145831190337
6780,2,2,1,2,0,2,0.0,1.0,0.0,0.0,0.0,0.0,1,1.0,1.0
6781,5,19,1,5,2,3,0.4,0.6,0.4,0.021794871794871794,0.0,0.0,1,1.0,0.5981040045018439
6782,0,30,0,0,0,0,0.0,0.0,0.0,0.0,0.0,0.0,0,0.0,0.0
6783,0,39,0,0,0,0,0.0,0.0,0.0,0.0,0.0,0.0,0,0.0,0.0
6784,10,39,3,10,1,9,0.1,0.9,1.1,0.009016393442622951,0.6666666666666666,0.020282186948853614,1,0.3333333333333333,0.6500335135983297
6785,0,38,0,0,0,0,0.0,0.0,0.0,0.0,0.0,0.0,0,0.0,0.0
6786,0,39,0,0,0,0,0.0,0.0,0.0,0.0,0.0,0.0,0,0.0,0.0
6787,0,1,0,0,0,0,0.0,0.0,0.0,0.0,0.0,0.0,0,0.0,0.0
6788,4,38,1,4,4,0,1.0,0.0,1.75,0.031735856735856736,1.0,0.022222222222222223,0,0.0,0.4393096303250101
6789,0,39,0,0,0,0,0.0,0.0,0.0,0.0,0.0,0.0,0,0.0,0.0
6790,0,4,0,0,0,0,0.0,0.0,0.0,0.0,0.0,0.0,0,0.0,0.0
6791,0,8,0,0,0,0,0.0,0.0,0.0,0.0,0.0,0.0,0,0.0,0.0
6792,0,1,0,0,0,0,0.0,0.0,0.0,0.0,0.0,0.0,0,0.0,0.0
6793,0,2,0,0,0,0,0.0,0.0,0.0,0.0,0.0,0.0,0,0.0,0.0
6794,70,35,20,70,36,34,0.5142857142857142,0.48571428571428577,0.8285714285714286,0.011324579679727784,0.55,0.01024175951568336,13,0.65,1.189523468481461
6795,0,38,0,0,0,0,0.0,0.0,0.0,0.0,0.0,0.0,0,0.0,0.0
6796,1,36,1,1,1,0,1.0,0.0,2.0,0.044444444444444446,3.0,0.13043478260869565,0,0.0,0.19195872000656014
6797,0,1,0,0,0,0,0.0,0.0,0.0,0.0,0.0,0.0,0,0.0,0.0
6798,34,14,10,34,16,18,0.47058823529411764,0.5294117647058824,0.6764705882352942,0.010780755106107043,0.4,0.012475033738191633,7,0.7,1.3128811497077648
6799,0,37,0,0,0,0,0.0,0.0,0.0,0.0,0.0,0.0,0,0.0,0.0
6800,0,21,0,0,0,0,0.0,0.0,0.0,0.0,0.0,0.0,0,0.0,0.0
6801,0,38,0,0,0,0,0.0,0.0,0.0,0.0,0.0,0.0,0,0.0,0.0
6802,0,38,0,0,0,0,0.0,0.0,0.0,0.0,0.0,0.0,0,0.0,0.0
6803,7,13,1,7,4,3,0.5714285714285714,0.4285714285714286,0.5714285714285714,0.007896153108919066,2.0,0.0392156862745098,0,0.0,0.7879486051115806
6804,54,37,15,54,32,22,0.5925925925925926,0.40740740740740744,2.037037037037037,0.03512171641358147,1.5333333333333334,0.020466296164981704,7,0.4666666666666667,1.1016462591593699
6805,0,1,0,0,0,0,0.0,0.0,0.0,0.0,0.0,0.0,0,0.0,0.0
6806,2,4,1,2,1,1,0.5,0.5,0.5,0.008771929824561403,0.0,0.0,1,1.0,0.6826061944859854
6807,0,17,0,0,0,0,0.0,0.0,0.0,0.0,0.0,0.0,0,0.0,0.0
6808,0,11,0,0,0,0,0.0,0.0,0.0,0.0,0.0,0.0,0,0.0,0.0
6809,7,10,2,7,5,2,0.7142857142857143,0.2857142857142857,0.7142857142857143,0.011609201785730062,0.0,0.0,2,1.0,0.8671944789536634
6810,0,3,0,0,0,0,0.0,0.0,0.0,0.0,0.0,0.0,0,0.0,0.0
6811,0,37,0,0,0,0,0.0,0.0,0.0,0.0,0.0,0.0,0,0.0,0.0
6812,0,36,0,0,0,0,0.0,0.0,0.0,0.0,0.0,0.0,0,0.0,0.0
6813,0,1,0,0,0,0,0.0,0.0,0.0,0.0,0.0,0.0,0,0.0,0.0
6814,17,2,4,17,3,14,0.17647058823529413,0.8235294117647058,0.17647058823529413,0.0031854205096672815,0.0,0.0,4,1.0,2.630929753571457
6815,20,39,6,20,15,5,0.75,0.25,1.65,0.02611816081291831,1.1666666666666667,0.022630385487528343,4,0.6666666666666666,0.8253244584417337
6816,0,39,0,0,0,0,0.0,0.0,0.0,0.0,0.0,0.0,0,0.0,0.0
6817,0,31,0,0,0,0,0.0,0.0,0.0,0.0,0.0,0.0,0,0.0,0.0
6818,0,17,0,0,0,0,0.0,0.0,0.0,0.0,0.0,0.0,0,0.0,0.0
6819,8,11,2,8,1,7,0.125,0.875,0.125,0.003205128205128205,0.0,0.0,2,1.0,0.8842282173954806
6820,0,3,0,0,0,0,0.0,0.0,0.0,0.0,0.0,0.0,0,0.0,0.0
6821,0,5,0,0,0,0,0.0,0.0,0.0,0.0,0.0,0.0,0,0.0,0.0
6822,0,1,0,0,0,0,0.0,0.0,0.0,0.0,0.0,0.0,0,0.0,0.0
6823,4,8,1,4,2,2,0.5,0.5,0.5,0.008035714285714287,3.0,0.031914893617021274,0,0.0,0.7324867603589634
6824,10,3,3,10,1,9,0.1,0.9,0.1,0.0006666666666666668,0.0,0.0,3,1.0,1.7297158093186489
6825,31,19,9,31,16,15,0.5161290322580645,0.4838709677419355,1.1290322580645162,0.021605181535567463,0.6666666666666666,0.01177586635102975,5,0.5555555555555556,1.1568910657987959
6826,4,36,1,4,4,0,1.0,0.0,2.0,0.039412571555428697,9.0,0.06,0,0.0,0.4457143450418488
6827,0,31,0,0,0,0,0.0,0.0,0.0,0.0,0.0,0.0,0,0.0,0.0
6828,0,37,0,0,0,0,0.0,0.0,0.0,0.0,0.0,0.0,0,0.0,0.0
6829,0,38,0,0,0,0,0.0,0.0,0.0,0.0,0.0,0.0,0,0.0,0.0
6830,0,24,0,0,0,0,0.0,0.0,0.0,0.0,0.0,0.0,0,0.0,0.0
6831,1,1,1,1,0,1,0.0,1.0,0.0,0.0,0.0,0.0,1,1.0,1.0
6832,31,1,9,31,3,28,0.0967741935483871,0.9032258064516129,0.0967741935483871,0.0024121117902695826,0.1111111111111111,0.001001001001001001,8,0.8888888888888888,5.0
6833,0,1,0,0,0,0,0.0,0.0,0.0,0.0,0.0,0.0,0,0.0,0.0
6834,0,33,0,0,0,0,0.0,0.0,0.0,0.0,0.0,0.0,0,0.0,0.0
6835,0,36,0,0,0,0,0.0,0.0,0.0,0.0,0.0,0.0,0,0.0,0.0
6836,7,36,2,7,4,3,0.5714285714285714,0.4285714285714286,1.4285714285714286,0.01391941391941392,1.0,0.011627906976744186,1,0.5,0.5758761600196804
6837,0,21,0,0,0,0,0.0,0.0,0.0,0.0,0.0,0.0,0,0.0,0.0
6838,0,27,0,0,0,0,0.0,0.0,0.0,0.0,0.0,0.0,0,0.0,0.0
6839,5,37,1,5,5,0,1.0,0.0,1.6,0.036871172502137506,1.0,0.006802721088435374,0,0.0,0.49256825558266054
6840,0,10,0,0,0,0,0.0,0.0,0.0,0.0,0.0,0.0,0,0.0,0.0
6841,0,0,0,0,0,0,0.0,0.0,0.0,0.0,0.0,0.0,0,0.0,0.0
6842,0,2,0,0,0,0,0.0,0.0,0.0,0.0,0.0,0.0,0,0.0,0.0
6843,0,1,0,0,0,0,0.0,0.0,0.0,0.0,0.0,0.0,0,0.0,0.0
6844,0,28,0,0,0,0,0.0,0.0,0.0,0.0,0.0,0.0,0,0.0,0.0
6845,43,4,12,43,4,39,0.09302325581395349,0.9069767441860466,0.09302325581395349,0.0010278003073678325,0.0,0.0,12,1.0,2.3512492185517644
6846,13,34,4,13,12,1,0.9230769230769231,0.07692307692307687,3.5384615384615383,0.05070213413968469,2.0,0.06782569736637058,0,0.0,0.7422781916068435
6847,0,38,0,0,0,0,0.0,0.0,0.0,0.0,0.0,0.0,0,0.0,0.0
6848,31,1,9,31,1,30,0.03225806451612903,0.967741935483871,0.03225806451612903,0.00026881720430107527,0.0,0.0,9,1.0,5.0
6849,0,1,0,0,0,0,0.0,0.0,0.0,0.0,0.0,0.0,0,0.0,0.0
6850,1,3,1,1,0,1,0.0,1.0,0.0,0.0,0.0,0.0,1,1.0,0.5
6851,0,14,0,0,0,0,0.0,0.0,0.0,0.0,0.0,0.0,0,0.0,0.0
6852,0,2,0,0,0,0,0.0,0.0,0.0,0.0,0.0,0.0,0,0.0,0.0
6853,0,25,0,0,0,0,0.0,0.0,0.0,0.0,0.0,0.0,0,0.0,0.0
6854,10,5,2,10,1,9,0.1,0.9,0.1,0.002040816326530612,0.0,0.0,2,1.0,1.3382908331057726
6855,0,5,0,0,0,0,0.0,0.0,0.0,0.0,0.0,0.0,0,0.0,0.0
6856,0,1,0,0,0,0,0.0,0.0,0.0,0.0,0.0,0.0,0,0.0,0.0
6857,0,1,0,0,0,0,0.0,0.0,0.0,0.0,0.0,0.0,0,0.0,0.0
6858,0,5,0,0,0,0,0.0,0.0,0.0,0.0,0.0,0.0,0,0.0,0.0
6859,0,2,0,0,0,0,0.0,0.0,0.0,0.0,0.0,0.0,0,0.0,0.0
6860,0,36,0,0,0,0,0.0,0.0,0.0,0.0,0.0,0.0,0,0.0,0.0
6861,1,21,1,1,1,0,1.0,0.0,1.0,0.023255813953488372,0.0,0.0,1,1.0,0.2242438242175754
6862,28,18,8,28,5,23,0.17857142857142858,0.8214285714285714,0.35714285714285715,0.0059512590176587854,0.375,0.015406976744186047,6,0.75,1.1436120272187618
6863,1,31,1,1,1,0,1.0,0.0,1.0,0.007142857142857143,0.0,0.0,1,1.0,0.19999999999999998
6864,31,38,8,31,23,8,0.7419354838709677,0.25806451612903225,1.8064516129032258,0.03174677278340836,1.5,0.018440996134002758,3,0.375,0.9460017975843502
6865,1,21,1,1,0,1,0.0,1.0,0.0,0.0,5.0,0.05813953488372093,0,0.0,0.2242438242175754
6866,0,35,0,0,0,0,0.0,0.0,0.0,0.0,0.0,0.0,0,0.0,0.0
6867,0,28,0,0,0,0,0.0,0.0,0.0,0.0,0.0,0.0,0,0.0,0.0
6868,0,1,0,0,0,0,0.0,0.0,0.0,0.0,0.0,0.0,0,0.0,0.0
6869,2,5,1,2,0,2,0.0,1.0,0.0,0.0,0.0,0.0,1,1.0,0.6131471927654585
6870,0,29,0,0,0,0,0.0,0.0,0.0,0.0,0.0,0.0,0,0.0,0.0
6871,1,20,1,1,1,0,1.0,0.0,2.0,0.0392156862745098,1.0,0.029411764705882353,0,0.0,0.227670248696953
6872,0,37,0,0,0,0,0.0,0.0,0.0,0.0,0.0,0.0,0,0.0,0.0
6873,0,3,0,0,0,0,0.0,0.0,0.0,0.0,0.0,0.0,0,0.0,0.0
6874,0,7,0,0,0,0,0.0,0.0,0.0,0.0,0.0,0.0,0,0.0,0.0
6875,0,1,0,0,0,0,0.0,0.0,0.0,0.0,0.0,0.0,0,0.0,0.0
6876,0,3,0,0,0,0,0.0,0.0,0.0,0.0,0.0,0.0,0,0.0,0.0
6877,0,25,0,0,0,0,0.0,0.0,0.0,0.0,0.0,0.0,0,0.0,0.0
6878,0,30,0,0,0,0,0.0,0.0,0.0,0.0,0.0,0.0,0,0.0,0.0
6879,0,3,0,0,0,0,0.0,0.0,0.0,0.0,0.0,0.0,0,0.0,0.0
6880,4,3,1,4,0,4,0.0,1.0,0.0,0.0,1.0,0.006711409395973154,0,0.0,1.160964047443681
6881,26,38,7,26,16,10,0.6153846153846154,0.3846153846153846,1.1923076923076923,0.023083300424866542,1.1428571428571428,0.019299545418948405,3,0.42857142857142855,0.8996264248716005
6882,0,1,0,0,0,0,0.0,0.0,0.0,0.0,0.0,0.0,0,0.0,0.0
6883,14,20,4,14,4,10,0.2857142857142857,0.7142857142857143,0.5714285714285714,0.0046584124403673275,0.75,0.005987394957983193,2,0.5,0.8894827535339782
6884,0,2,0,0,0,0,0.0,0.0,0.0,0.0,0.0,0.0,0,0.0,0.0
6885,0,0,0,0,0,0,0.0,0.0,0.0,0.0,0.0,0.0,0,0.0,0.0
6886,0,1,0,0,0,0,0.0,0.0,0.0,0.0,0.0,0.0,0,0.0,0.0
6887,0,3,0,0,0,0,0.0,0.0,0.0,0.0,0.0,0.0,0,0.0,0.0
6888,0,1,0,0,0,0,0.0,0.0,0.0,0.0,0.0,0.0,0,0.0,0.0
6889,24,37,6,24,19,5,0.7916666666666666,0.20833333333333337,2.7083333333333335,0.035723657849845505,1.5,0.0325311593168736,2,0.3333333333333333,0.8848933560683879
6890,0,1,0,0,0,0,0.0,0.0,0.0,0.0,0.0,0.0,0,0.0,0.0
6891,0,39,0,0,0,0,0.0,0.0,0.0,0.0,0.0,0.0,0,0.0,0.0
6892,5,37,1,5,5,0,1.0,0.0,3.2,0.10310584476101718,5.0,0.10638297872340426,0,0.0,0.49256825558266054
6893,8,38,2,8,5,3,0.625,0.375,1.625,0.02084022457419946,3.5,0.06673114119922631,0,0.0,0.5997509499144004
6894,0,37,0,0,0,0,0.0,0.0,0.0,0.0,0.0,0.0,0,0.0,0.0
6895,0,5,0,0,0,0,0.0,0.0,0.0,0.0,0.0,0.0,0,0.0,0.0
6896,0,2,0,0,0,0,0.0,0.0,0.0,0.0,0.0,0.0,0,0.0,0.0
6897,3,1,1,3,0,3,0.0,1.0,0.0,0.0,0.0,0.0,1,1.0,2.0
6898,48,6,14,48,6,42,0.125,0.875,0.16666666666666666,0.0028228174061507394,0.2857142857142857,0.0027380952380952383,11,0.7857142857142857,2.0
6899,0,21,0,0,0,0,0.0,0.0,0.0,0.0,0.0,0.0,0,0.0,0.0
6900,0,1,0,0,0,0,0.0,0.0,0.0,0.0,0.0,0.0,0,0.0,0.0
6901,0,0,0,0,0,0,0.0,0.0,0.0,0.0,0.0,0.0,0,0.0,0.0
6902,0,13,0,0,0,0,0.0,0.0,0.0,0.0,0.0,0.0,0,0.0,0.0
6903,0,19,0,0,0,0,0.0,0.0,0.0,0.0,0.0,0.0,0,0.0,0.0
6904,0,6,0,0,0,0,0.0,0.0,0.0,0.0,0.0,0.0,0,0.0,0.0
6905,0,1,0,0,0,0,0.0,0.0,0.0,0.0,0.0,0.0,0,0.0,0.0
6906,8,1,2,8,0,8,0.0,1.0,0.0,0.0,0.0,0.0,2,1.0,3.1699250014423126
6907,0,18,0,0,0,0,0.0,0.0,0.0,0.0,0.0,0.0,0,0.0,0.0
6908,8,36,2,8,6,2,0.75,0.25,2.75,0.04786625411853289,4.5,0.09342334494773519,0,0.0,0.6084947457936597
6909,70,33,20,70,47,23,0.6714285714285714,0.3285714285714286,1.4428571428571428,0.021467392200831596,1.1,0.009599728757285311,11,0.55,1.2088043316289394
6910,3,2,1,3,0,3,0.0,1.0,0.0,0.0,0.0,0.0,1,1.0,1.2618595071429148
6911,0,18,0,0,0,0,0.0,0.0,0.0,0.0,0.0,0.0,0,0.0,0.0
6912,0,1,0,0,0,0,0.0,0.0,0.0,0.0,0.0,0.0,0,0.0,0.0
6913,0,1,0,0,0,0,0.0,0.0,0.0,0.0,0.0,0.0,0,0.0,0.0
6914,1,17,1,1,0,1,0.0,1.0,0.0,0.0,0.0,0.0,1,1.0,0.23981246656813146
6915,3,13,1,3,1,2,0.3333333333333333,0.6666666666666667,0.6666666666666666,0.0045351473922902496,3.0,0.02142857142857143,0,0.0,0.5252990700743871
6916,10,33,2,10,7,3,0.7,0.30000000000000004,1.8,0.03835007922175276,5.5,0.07352941176470588,0,0.0,0.6799915255571827
6917,0,2,0,0,0,0,0.0,0.0,0.0,0.0,0.0,0.0,0,0.0,0.0
6918,2,28,1,2,1,1,0.5,0.5,2.0,0.017241379310344827,1.0,0.006756756756756757,0,0.0,0.32625951034201905
6919,0,11,0,0,0,0,0.0,0.0,0.0,0.0,0.0,0.0,0,0.0,0.0
6920,35,39,10,35,14,21,0.4,0.6,0.7428571428571429,0.017324715514258203,0.8,0.010255772537460083,6,0.6,0.9714383413802461
6921,0,39,0,0,0,0,0.0,0.0,0.0,0.0,0.0,0.0,0,0.0,0.0
6922,43,39,12,43,21,22,0.4883720930232558,0.5116279069767442,1.0,0.016178476884490124,0.8333333333333334,0.013745669294018352,6,0.5,1.0258371630165448
6923,0,6,0,0,0,0,0.0,0.0,0.0,0.0,0.0,0.0,0,0.0,0.0
6924,0,1,0,0,0,0,0.0,0.0,0.0,0.0,0.0,0.0,0,0.0,0.0
6925,0,2,0,0,0,0,0.0,0.0,0.0,0.0,0.0,0.0,0,0.0,0.0
6926,0,4,0,0,0,0,0.0,0.0,0.0,0.0,0.0,0.0,0,0.0,0.0
6927,0,9,0,0,0,0,0.0,0.0,0.0,0.0,0.0,0.0,0,0.0,0.0
6928,0,1,0,0,0,0,0.0,0.0,0.0,0.0,0.0,0.0,0,0.0,0.0
6929,13,39,4,13,3,10,0.23076923076923078,0.7692307692307692,0.3076923076923077,0.005389880389880391,1.0,0.021919879062736205,2,0.5,0.7154089371698258
6930,1,26,1,1,0,1,0.0,1.0,0.0,0.0,0.0,0.0,1,1.0,0.21030991785715247
6931,0,24,0,0,0,0,0.0,0.0,0.0,0.0,0.0,0.0,0,0.0,0.0
6932,0,21,0,0,0,0,0.0,0.0,0.0,0.0,0.0,0.0,0,0.0,0.0
6933,10,30,3,10,8,2,0.8,0.19999999999999996,2.3,0.03121096903767322,1.6666666666666667,0.022910521140609635,1,0.3333333333333333,0.6982831123151737
6934,2,24,1,2,1,1,0.5,0.5,0.5,0.00641025641025641,0.0,0.0,1,1.0,0.3413030972429927
6935,0,8,0,0,0,0,0.0,0.0,0.0,0.0,0.0,0.0,0,0.0,0.0
6936,9,14,2,9,3,6,0.3333333333333333,0.6666666666666667,0.7777777777777778,0.02143515310468839,0.5,0.041666666666666664,1,0.5,0.8502741537276026
6937,0,5,0,0,0,0,0.0,0.0,0.0,0.0,0.0,0.0,0,0.0,0.0
6938,0,2,0,0,0,0,0.0,0.0,0.0,0.0,0.0,0.0,0,0.0,0.0
6939,0,39,0,0,0,0,0.0,0.0,0.0,0.0,0.0,0.0,0,0.0,0.0
6940,2,4,1,2,0,2,0.0,1.0,0.0,0.0,2.0,0.025974025974025976,0,0.0,0.6826061944859854
6941,4,5,1,4,1,3,0.25,0.75,0.25,0.004310344827586207,1.0,0.006666666666666667,0,0.0,0.8982444017039272
6942,1,37,1,1,1,0,1.0,0.0,2.0,0.031746031746031744,3.0,0.02,0,0.0,0.1905514124267734
6943,0,5,0,0,0,0,0.0,0.0,0.0,0.0,0.0,0.0,0,0.0,0.0
6944,7,33,1,7,5,2,0.7142857142857143,0.2857142857142857,1.8571428571428572,0.026480936903472117,8.0,0.08695652173913043,0,0.0,0.5896848966984678
6945,0,1,0,0,0,0,0.0,0.0,0.0,0.0,0.0,0.0,0,0.0,0.0
6946,2,12,1,2,1,1,0.5,0.5,0.5,0.007462686567164179,0.0,0.0,1,1.0,0.42831734103139474
6947,0,4,0,0,0,0,0.0,0.0,0.0,0.0,0.0,0.0,0,0.0,0.0
6948,0,11,0,0,0,0,0.0,0.0,0.0,0.0,0.0,0.0,0,0.0,0.0
6949,0,9,0,0,0,0,0.0,0.0,0.0,0.0,0.0,0.0,0,0.0,0.0
6950,0,20,0,0,0,0,0.0,0.0,0.0,0.0,0.0,0.0,0,0.0,0.0
6951,3,7,1,3,0,3,0.0,1.0,0.0,0.0,0.0,0.0,1,1.0,0.6666666666666667
6952,0,35,0,0,0,0,0.0,0.0,0.0,0.0,0.0,0.0,0,0.0,0.0
6953,0,6,0,0,0,0,0.0,0.0,0.0,0.0,0.0,0.0,0,0.0,0.0
6954,13,2,4,13,0,13,0.0,1.0,0.0,0.0,0.0,0.0,4,1.0,2.402173502732879
6955,2,18,1,2,2,0,1.0,0.0,2.5,0.03488372093023256,3.0,0.025,0,0.0,0.373114300021637
6956,0,2,0,0,0,0,0.0,0.0,0.0,0.0,0.0,0.0,0,0.0,0.0
6957,0,39,0,0,0,0,0.0,0.0,0.0,0.0,0.0,0.0,0,0.0,0.0
6958,0,37,0,0,0,0,0.0,0.0,0.0,0.0,0.0,0.0,0,0.0,0.0
6959,1,33,1,1,1,0,1.0,0.0,3.0,0.12,3.0,0.04,0,0.0,0.19656163223282258
6960,0,34,0,0,0,0,0.0,0.0,0.0,0.0,0.0,0.0,0,0.0,0.0
6961,0,3,0,0,0,0,0.0,0.0,0.0,0.0,0.0,0.0,0,0.0,0.0
6962,0,12,0,0,0,0,0.0,0.0,0.0,0.0,0.0,0.0,0,0.0,0.0
6963,0,16,0,0,0,0,0.0,0.0,0.0,0.0,0.0,0.0,0,0.0,0.0
6964,0,16,0,0,0,0,0.0,0.0,0.0,0.0,0.0,0.0,0,0.0,0.0
6965,3,35,1,3,2,1,0.6666666666666666,0.33333333333333337,2.3333333333333335,0.1299927378358751,1.0,0.14285714285714285,0,0.0,0.3868528072345416
6966,0,26,0,0,0,0,0.0,0.0,0.0,0.0,0.0,0.0,0,0.0,0.0
6967,11,8,3,11,1,10,0.09090909090909091,0.9090909090909091,0.18181818181818182,0.0012121212121212121,0.0,0.0,3,1.0,1.1309297535714573
6968,0,6,0,0,0,0,0.0,0.0,0.0,0.0,0.0,0.0,0,0.0,0.0
6969,0,10,0,0,0,0,0.0,0.0,0.0,0.0,0.0,0.0,0,0.0,0.0
6970,0,2,0,0,0,0,0.0,0.0,0.0,0.0,0.0,0.0,0,0.0,0.0
6971,0,38,0,0,0,0,0.0,0.0,0.0,0.0,0.0,0.0,0,0.0,0.0
6972,49,20,14,49,29,20,0.5918367346938775,0.40816326530612246,0.7959183673469388,0.01746838779022984,1.1428571428571428,0.030572467294680838,2,0.14285714285714285,1.284938142335849
6973,0,37,0,0,0,0,0.0,0.0,0.0,0.0,0.0,0.0,0,0.0,0.0
6974,4,33,1,4,0,4,0.0,1.0,0.0,0.0,0.0,0.0,1,1.0,0.4564019762583081
6975,0,1,0,0,0,0,0.0,0.0,0.0,0.0,0.0,0.0,0,0.0,0.0
6976,0,7,0,0,0,0,0.0,0.0,0.0,0.0,0.0,0.0,0,0.0,0.0
6977,0,1,0,0,0,0,0.0,0.0,0.0,0.0,0.0,0.0,0,0.0,0.0
6978,0,24,0,0,0,0,0.0,0.0,0.0,0.0,0.0,0.0,0,0.0,0.0
6979,6,7,1,6,3,3,0.5,0.5,0.6666666666666666,0.02332954401919919,0.0,0.0,1,1.0,0.9357849740192015
6980,2,30,1,2,2,0,1.0,0.0,2.0,0.034421715184893786,0.0,0.0,1,1.0,0.3199232330374462
6981,0,4,0,0,0,0,0.0,0.0,0.0,0.0,0.0,0.0,0,0.0,0.0
6982,15,38,4,15,0,15,0.0,1.0,0.0,0.0,0.25,0.0016666666666666668,3,0.75,0.7568014380674801
6983,0,1,0,0,0,0,0.0,0.0,0.0,0.0,0.0,0.0,0,0.0,0.0
6984,10,2,2,10,3,7,0.3,0.7,0.3,0.0022379554903399364,0.0,0.0,2,1.0,2.182658338644138
6985,0,39,0,0,0,0,0.0,0.0,0.0,0.0,0.0,0.0,0,0.0,0.0
6986,0,31,0,0,0,0,0.0,0.0,0.0,0.0,0.0,0.0,0,0.0,0.0
6987,0,38,0,0,0,0,0.0,0.0,0.0,0.0,0.0,0.0,0,0.0,0.0
6988,0,2,0,0,0,0,0.0,0.0,0.0,0.0,0.0,0.0,0,0.0,0.0
6989,32,1,9,32,3,29,0.09375,0.90625,0.09375,0.0023248044913186973,0.0,0.0,9,1.0,5.044394119358453
6990,0,2,0,0,0,0,0.0,0.0,0.0,0.0,0.0,0.0,0,0.0,0.0
6991,0,5,0,0,0,0,0.0,0.0,0.0,0.0,0.0,0.0,0,0.0,0.0
6992,7,35,1,7,4,3,0.5714285714285714,0.4285714285714286,0.8571428571428571,0.009880999984270208,0.0,0.0,1,1.0,0.5802792108518123
6993,0,1,0,0,0,0,0.0,0.0,0.0,0.0,0.0,0.0,0,0.0,0.0
6994,12,38,4,12,6,6,0.5,0.5,1.0,0.009721212509865337,1.25,0.011592409240924091,1,0.25,0.7001245250427999
6995,0,14,0,0,0,0,0.0,0.0,0.0,0.0,0.0,0.0,0,0.0,0.0
6996,0,32,0,0,0,0,0.0,0.0,0.0,0.0,0.0,0.0,0,0.0,0.0
6997,1,1,1,1,0,1,0.0,1.0,0.0,0.0,0.0,0.0,1,1.0,1.0
6998,2,1,1,2,0,2,0.0,1.0,0.0,0.0,0.0,0.0,1,1.0,1.5849625007211563
6999,0,2,0,0,0,0,0.0,0.0,0.0,0.0,0.0,0.0,0,0.0,0.0
7000,1,16,1,1,0,1,0.0,1.0,0.0,0.0,1.0,0.006993006993006993,0,0.0,0.244650542118226
7001,0,19,0,0,0,0,0.0,0.0,0.0,0.0,0.0,0.0,0,0.0,0.0
7002,9,39,2,9,4,5,0.4444444444444444,0.5555555555555556,1.0,0.014757962830985146,1.0,0.02564102564102564,1,0.5,0.6241963505817849
7003,0,38,0,0,0,0,0.0,0.0,0.0,0.0,0.0,0.0,0,0.0,0.0
7004,0,9,0,0,0,0,0.0,0.0,0.0,0.0,0.0,0.0,0,0.0,0.0
7005,0,4,0,0,0,0,0.0,0.0,0.0,0.0,0.0,0.0,0,0.0,0.0
7006,0,1,0,0,0,0,0.0,0.0,0.0,0.0,0.0,0.0,0,0.0,0.0
7007,5,11,1,5,0,5,0.0,1.0,0.0,0.0,0.0,0.0,1,1.0,0.7210570543488701
7008,2,35,1,2,1,1,0.5,0.5,3.5,0.023333333333333334,0.0,0.0,1,1.0,0.30657359638272924
7009,0,33,0,0,0,0,0.0,0.0,0.0,0.0,0.0,0.0,0,0.0,0.0
7010,10,14,3,10,4,6,0.4,0.6,0.4,0.012062013348164627,0.3333333333333333,0.006172839506172839,2,0.6666666666666666,0.8854692840710255
7011,0,1,0,0,0,0,0.0,0.0,0.0,0.0,0.0,0.0,0,0.0,0.0
7012,0,1,0,0,0,0,0.0,0.0,0.0,0.0,0.0,0.0,0,0.0,0.0
7013,16,33,4,16,12,4,0.75,0.25,1.5,0.03475074939864657,0.75,0.005034013605442177,2,0.5,0.8034383677671774
7014,12,39,4,12,8,4,0.6666666666666666,0.33333333333333337,1.25,0.02203435040172762,0.75,0.008150937081659974,1,0.25,0.695319375264767
7015,14,39,4,14,9,5,0.6428571428571429,0.3571428571428571,0.9285714285714286,0.01311527170418697,0.75,0.02119047619047619,2,0.5,0.7341118718536928
7016,0,2,0,0,0,0,0.0,0.0,0.0,0.0,0.0,0.0,0,0.0,0.0
7017,14,37,4,14,9,5,0.6428571428571429,0.3571428571428571,1.3571428571428572,0.017119434393841542,2.25,0.05429976774264782,0,0.0,0.7444635211900812
7018,2,36,1,2,0,2,0.0,1.0,0.0,0.0,0.0,0.0,1,1.0,0.30424737289682985
7019,0,1,0,0,0,0,0.0,0.0,0.0,0.0,0.0,0.0,0,0.0,0.0
7020,0,39,0,0,0,0,0.0,0.0,0.0,0.0,0.0,0.0,0,0.0,0.0
7021,0,5,0,0,0,0,0.0,0.0,0.0,0.0,0.0,0.0,0,0.0,0.0
7022,0,33,0,0,0,0,0.0,0.0,0.0,0.0,0.0,0.0,0,0.0,0.0
7023,10,11,3,10,0,10,0.0,1.0,0.0,0.0,0.0,0.0,3,1.0,0.9649840459813438
7024,0,38,0,0,0,0,0.0,0.0,0.0,0.0,0.0,0.0,0,0.0,0.0
7025,14,30,4,14,12,2,0.8571428571428571,0.1428571428571429,1.5714285714285714,0.029236827783606336,2.0,0.021450326428097147,0,0.0,0.7886022980997756
7026,0,3,0,0,0,0,0.0,0.0,0.0,0.0,0.0,0.0,0,0.0,0.0
7027,0,8,0,0,0,0,0.0,0.0,0.0,0.0,0.0,0.0,0,0.0,0.0
7028,0,1,0,0,0,0,0.0,0.0,0.0,0.0,0.0,0.0,0,0.0,0.0
7029,0,1,0,0,0,0,0.0,0.0,0.0,0.0,0.0,0.0,0,0.0,0.0
7030,0,4,0,0,0,0,0.0,0.0,0.0,0.0,0.0,0.0,0,0.0,0.0
7031,0,2,0,0,0,0,0.0,0.0,0.0,0.0,0.0,0.0,0,0.0,0.0
7032,0,5,0,0,0,0,0.0,0.0,0.0,0.0,0.0,0.0,0,0.0,0.0
7033,15,36,4,15,9,6,0.6,0.4,1.2666666666666666,0.04950619792076374,2.0,0.017582559339525284,0,0.0,0.7678348800262406
7034,11,35,3,11,9,2,0.8181818181818182,0.18181818181818177,3.272727272727273,0.11134406569359546,4.0,0.10976594027441484,1,0.3333333333333333,0.6934264036172708
7035,0,30,0,0,0,0,0.0,0.0,0.0,0.0,0.0,0.0,0,0.0,0.0
7036,4,34,1,4,0,4,0.0,1.0,0.0,0.0,0.0,0.0,1,1.0,0.4526808302869428
7037,3,5,1,3,2,1,0.6666666666666666,0.33333333333333337,1.3333333333333333,0.013733532189908028,0.0,0.0,1,1.0,0.7737056144690831
7038,4,5,1,4,0,4,0.0,1.0,0.0,0.0,0.0,0.0,1,1.0,0.8982444017039272
7039,0,38,0,0,0,0,0.0,0.0,0.0,0.0,0.0,0.0,0,0.0,0.0
7040,0,39,0,0,0,0,0.0,0.0,0.0,0.0,0.0,0.0,0,0.0,0.0
7041,44,33,12,44,21,23,0.4772727272727273,0.5227272727272727,1.1818181818181819,0.020680183013300924,1.3333333333333333,0.02021573776876426,7,0.5833333333333334,1.0794876085974416
7042,0,12,0,0,0,0,0.0,0.0,0.0,0.0,0.0,0.0,0,0.0,0.0
7043,28,38,8,28,7,21,0.25,0.75,0.39285714285714285,0.013869619027552552,0.0,0.0,8,1.0,0.9191317508042588
7044,0,3,0,0,0,0,0.0,0.0,0.0,0.0,0.0,0.0,0,0.0,0.0
7045,3,5,1,3,0,3,0.0,1.0,0.0,0.0,0.0,0.0,1,1.0,0.7737056144690831
7046,0,1,0,0,0,0,0.0,0.0,0.0,0.0,0.0,0.0,0,0.0,0.0
7047,0,5,0,0,0,0,0.0,0.0,0.0,0.0,0.0,0.0,0,0.0,0.0
7048,0,3,0,0,0,0,0.0,0.0,0.0,0.0,0.0,0.0,0,0.0,0.0
7049,0,6,0,0,0,0,0.0,0.0,0.0,0.0,0.0,0.0,0,0.0,0.0
7050,1,38,1,1,0,1,0.0,1.0,0.0,0.0,2.0,0.03389830508474576,0,0.0,0.18920035951687003
7051,0,5,0,0,0,0,0.0,0.0,0.0,0.0,0.0,0.0,0,0.0,0.0
7052,0,2,0,0,0,0,0.0,0.0,0.0,0.0,0.0,0.0,0,0.0,0.0
7053,1,17,1,1,0,1,0.0,1.0,0.0,0.0,1.0,0.006666666666666667,0,0.0,0.23981246656813146
7054,0,27,0,0,0,0,0.0,0.0,0.0,0.0,0.0,0.0,0,0.0,0.0
7055,7,27,2,7,5,2,0.7142857142857143,0.2857142857142857,1.5714285714285714,0.019706253245483314,0.5,0.05,1,0.5,0.6240437930295284
7056,1,30,1,1,0,1,0.0,1.0,0.0,0.0,0.0,0.0,1,1.0,0.20184908658209985
7057,1,38,1,1,0,1,0.0,1.0,0.0,0.0,0.0,0.0,1,1.0,0.18920035951687003
7058,0,2,0,0,0,0,0.0,0.0,0.0,0.0,0.0,0.0,0,0.0,0.0
7059,0,39,0,0,0,0,0.0,0.0,0.0,0.0,0.0,0.0,0,0.0,0.0
7060,6,39,1,6,5,1,0.8333333333333334,0.16666666666666663,1.8333333333333333,0.0255220314159052,2.0,0.2,0,0.0,0.5275071124607182
7061,0,32,0,0,0,0,0.0,0.0,0.0,0.0,0.0,0.0,0,0.0,0.0
7062,2,1,1,2,0,2,0.0,1.0,0.0,0.0,0.0,0.0,1,1.0,1.5849625007211563
7063,0,4,0,0,0,0,0.0,0.0,0.0,0.0,0.0,0.0,0,0.0,0.0
7064,9,2,2,9,1,8,0.1111111111111111,0.8888888888888888,0.2222222222222222,0.00261437908496732,0.0,0.0,2,1.0,2.095903274289385
7065,1,27,1,1,1,0,1.0,0.0,4.0,0.09090909090909091,5.0,0.08620689655172414,0,0.0,0.20801459767650946
7066,15,35,4,15,6,9,0.4,0.6,0.6,0.013455031092021704,0.25,0.003205128205128205,3,0.75,0.7737056144690831
7067,0,1,0,0,0,0,0.0,0.0,0.0,0.0,0.0,0.0,0,0.0,0.0
7068,70,37,20,70,48,22,0.6857142857142857,0.3142857142857143,1.1428571428571428,0.02540193245422767,1.65,0.02310662700751579,6,0.3,1.1718429996890984
7069,0,28,0,0,0,0,0.0,0.0,0.0,0.0,0.0,0.0,0,0.0,0.0
7070,0,2,0,0,0,0,0.0,0.0,0.0,0.0,0.0,0.0,0,0.0,0.0
7071,0,13,0,0,0,0,0.0,0.0,0.0,0.0,0.0,0.0,0,0.0,0.0
7072,0,2,0,0,0,0,0.0,0.0,0.0,0.0,0.0,0.0,0,0.0,0.0
7073,0,11,0,0,0,0,0.0,0.0,0.0,0.0,0.0,0.0,0,0.0,0.0
7074,0,32,0,0,0,0,0.0,0.0,0.0,0.0,0.0,0.0,0,0.0,0.0
7075,0,4,0,0,0,0,0.0,0.0,0.0,0.0,0.0,0.0,0,0.0,0.0
7076,0,16,0,0,0,0,0.0,0.0,0.0,0.0,0.0,0.0,0,0.0,0.0
7077,0,37,0,0,0,0,0.0,0.0,0.0,0.0,0.0,0.0,0,0.0,0.0
7078,12,34,4,12,4,8,0.3333333333333333,0.6666666666666667,0.75,0.007381555900025673,1.5,0.03268798866149581,0,0.0,0.7214341080257056
7079,0,35,0,0,0,0,0.0,0.0,0.0,0.0,0.0,0.0,0,0.0,0.0
7080,0,35,0,0,0,0,0.0,0.0,0.0,0.0,0.0,0.0,0,0.0,0.0
7081,0,5,0,0,0,0,0.0,0.0,0.0,0.0,0.0,0.0,0,0.0,0.0
7082,1,3,1,1,0,1,0.0,1.0,0.0,0.0,0.0,0.0,1,1.0,0.5
7083,0,2,0,0,0,0,0.0,0.0,0.0,0.0,0.0,0.0,0,0.0,0.0
7084,17,21,4,17,3,14,0.17647058823529413,0.8235294117647058,0.17647058823529413,0.0035268323914014747,0.0,0.0,4,1.0,0.9350799290239028
7085,1,39,1,1,0,1,0.0,1.0,0.0,0.0,0.0,0.0,1,1.0,0.18790182470910757
7086,0,7,0,0,0,0,0.0,0.0,0.0,0.0,0.0,0.0,0,0.0,0.0
7087,0,27,0,0,0,0,0.0,0.0,0.0,0.0,0.0,0.0,0,0.0,0.0
7088,68,28,19,68,12,56,0.17647058823529413,0.8235294117647058,0.22058823529411764,0.007943719873875198,0.7894736842105263,0.03264378199607138,12,0.631578947368421,1.2574204104348823
7089,0,2,0,0,0,0,0.0,0.0,0.0,0.0,0.0,0.0,0,0.0,0.0
7090,0,9,0,0,0,0,0.0,0.0,0.0,0.0,0.0,0.0,0,0.0,0.0
7091,0,4,0,0,0,0,0.0,0.0,0.0,0.0,0.0,0.0,0,0.0,0.0
7092,48,38,14,48,14,34,0.2916666666666667,0.7083333333333333,1.0,0.019785904735957788,1.2857142857142858,0.0348630629740075,9,0.6428571428571429,1.0623051210895067
7093,0,34,0,0,0,0,0.0,0.0,0.0,0.0,0.0,0.0,0,0.0,0.0
7094,0,6,0,0,0,0,0.0,0.0,0.0,0.0,0.0,0.0,0,0.0,0.0
7095,0,3,0,0,0,0,0.0,0.0,0.0,0.0,0.0,0.0,0,0.0,0.0
7096,0,1,0,0,0,0,0.0,0.0,0.0,0.0,0.0,0.0,0,0.0,0.0
7097,0,39,0,0,0,0,0.0,0.0,0.0,0.0,0.0,0.0,0,0.0,0.0
7098,7,4,2,7,1,6,0.14285714285714285,0.8571428571428572,0.14285714285714285,0.0009523809523809525,1.0,0.022727272727272728,1,0.5,1.2920296742201791
7099,64,36,18,64,28,36,0.4375,0.5625,0.953125,0.013956214610464231,1.6111111111111112,0.03970412566387799,8,0.4444444444444444,1.156046016797649
7100,0,6,0,0,0,0,0.0,0.0,0.0,0.0,0.0,0.0,0,0.0,0.0
7101,3,2,1,3,0,3,0.0,1.0,0.0,0.0,0.0,0.0,1,1.0,1.2618595071429148
7102,0,14,0,0,0,0,0.0,0.0,0.0,0.0,0.0,0.0,0,0.0,0.0
7103,1,10,1,1,1,0,1.0,0.0,4.0,0.02666666666666667,0.0,0.0,1,1.0,0.2890648263178878
7104,7,3,2,7,1,6,0.14285714285714285,0.8571428571428572,0.14285714285714285,0.0012531328320802004,0.0,0.0,2,1.0,1.5
7105,0,34,0,0,0,0,0.0,0.0,0.0,0.0,0.0,0.0,0,0.0,0.0
7106,0,23,0,0,0,0,0.0,0.0,0.0,0.0,0.0,0.0,0,0.0,0.0
7107,0,4,0,0,0,0,0.0,0.0,0.0,0.0,0.0,0.0,0,0.0,0.0
7108,4,4,1,4,0,4,0.0,1.0,0.0,0.0,0.0,0.0,1,1.0,1.0
7109,0,35,0,0,0,0,0.0,0.0,0.0,0.0,0.0,0.0,0,0.0,0.0
7110,0,1,0,0,0,0,0.0,0.0,0.0,0.0,0.0,0.0,0,0.0,0.0
7111,0,7,0,0,0,0,0.0,0.0,0.0,0.0,0.0,0.0,0,0.0,0.0
7112,0,38,0,0,0,0,0.0,0.0,0.0,0.0,0.0,0.0,0,0.0,0.0
7113,0,6,0,0,0,0,0.0,0.0,0.0,0.0,0.0,0.0,0,0.0,0.0
7114,0,1,0,0,0,0,0.0,0.0,0.0,0.0,0.0,0.0,0,0.0,0.0
7115,0,1,0,0,0,0,0.0,0.0,0.0,0.0,0.0,0.0,0,0.0,0.0
7116,0,2,0,0,0,0,0.0,0.0,0.0,0.0,0.0,0.0,0,0.0,0.0
7117,0,3,0,0,0,0,0.0,0.0,0.0,0.0,0.0,0.0,0,0.0,0.0
7118,26,39,7,26,8,18,0.3076923076923077,0.6923076923076923,0.5384615384615384,0.01046391686194103,0.7142857142857143,0.017192331478045764,5,0.7142857142857143,0.8934520379430465
7119,0,17,0,0,0,0,0.0,0.0,0.0,0.0,0.0,0.0,0,0.0,0.0
7120,7,37,1,7,5,2,0.7142857142857143,0.2857142857142857,1.7142857142857142,0.018582516593263442,0.0,0.0,1,1.0,0.5716542372803202
7121,0,39,0,0,0,0,0.0,0.0,0.0,0.0,0.0,0.0,0,0.0,0.0
7122,0,2,0,0,0,0,0.0,0.0,0.0,0.0,0.0,0.0,0,0.0,0.0
7123,0,26,0,0,0,0,0.0,0.0,0.0,0.0,0.0,0.0,0,0.0,0.0
7124,0,36,0,0,0,0,0.0,0.0,0.0,0.0,0.0,0.0,0,0.0,0.0
7125,0,11,0,0,0,0,0.0,0.0,0.0,0.0,0.0,0.0,0,0.0,0.0
7126,19,5,5,19,10,9,0.5263157894736842,0.4736842105263158,0.631578947368421,0.01627788365978351,0.2,0.0058823529411764705,4,0.8,1.6719500161730103
7127,6,35,1,6,2,4,0.3333333333333333,0.6666666666666667,0.5,0.00914702581369248,2.0,0.045454545454545456,0,0.0,0.5430165662508459
7128,0,30,0,0,0,0,0.0,0.0,0.0,0.0,0.0,0.0,0,0.0,0.0
7129,0,1,0,0,0,0,0.0,0.0,0.0,0.0,0.0,0.0,0,0.0,0.0
7130,0,2,0,0,0,0,0.0,0.0,0.0,0.0,0.0,0.0,0,0.0,0.0
7131,0,1,0,0,0,0,0.0,0.0,0.0,0.0,0.0,0.0,0,0.0,0.0
7132,11,33,3,11,8,3,0.7272727272727273,0.2727272727272727,2.909090909090909,0.040678780761115,3.6666666666666665,0.05223665223665224,0,0.0,0.704666080635212
7133,0,4,0,0,0,0,0.0,0.0,0.0,0.0,0.0,0.0,0,0.0,0.0
7134,38,18,10,38,13,25,0.34210526315789475,0.6578947368421053,0.39473684210526316,0.00588602966059873,0.7,0.024171027156233447,4,0.4,1.2442307930479806
7135,10,36,2,10,3,7,0.3,0.7,0.4,0.0038380481172338257,2.5,0.016666666666666666,1,0.5,0.6640680654638381
7136,7,4,2,7,4,3,0.5714285714285714,0.4285714285714286,0.5714285714285714,0.014616618064838355,0.0,0.0,2,1.0,1.2920296742201791
7137,0,6,0,0,0,0,0.0,0.0,0.0,0.0,0.0,0.0,0,0.0,0.0
7138,0,24,0,0,0,0,0.0,0.0,0.0,0.0,0.0,0.0,0,0.0,0.0
7139,0,30,0,0,0,0,0.0,0.0,0.0,0.0,0.0,0.0,0,0.0,0.0
7140,0,8,0,0,0,0,0.0,0.0,0.0,0.0,0.0,0.0,0,0.0,0.0
7141,5,38,1,5,2,3,0.4,0.6,0.4,0.004111111111111111,3.0,0.02,0,0.0,0.48907583447407016
7142,26,32,8,26,16,10,0.6153846153846154,0.3846153846153846,1.1923076923076923,0.01963585245118972,0.375,0.0026595744680851063,7,0.875,0.9426082478202944
7143,0,7,0,0,0,0,0.0,0.0,0.0,0.0,0.0,0.0,0,0.0,0.0
7144,0,1,0,0,0,0,0.0,0.0,0.0,0.0,0.0,0.0,0,0.0,0.0
7145,0,3,0,0,0,0,0.0,0.0,0.0,0.0,0.0,0.0,0,0.0,0.0
7146,5,9,1,5,1,4,0.2,0.8,0.2,0.008695652173913044,0.0,0.0,1,1.0,0.7781512503836435
7147,7,18,2,7,2,5,0.2857142857142857,0.7142857142857143,0.2857142857142857,0.0035978835978835977,1.0,0.0237593984962406,0,0.0,0.7062267400999147
7148,6,31,1,6,4,2,0.6666666666666666,0.33333333333333337,1.8333333333333333,0.020520270221762758,0.0,0.0,1,1.0,0.5614709844115208
7149,21,39,6,21,12,9,0.5714285714285714,0.4285714285714286,1.6666666666666667,0.023166740576696106,0.5,0.009532828282828282,4,0.6666666666666666,0.8379353383074374
7150,0,1,0,0,0,0,0.0,0.0,0.0,0.0,0.0,0.0,0,0.0,0.0
7151,7,39,2,7,3,4,0.42857142857142855,0.5714285714285714,1.2857142857142858,0.01102969151866563,0.5,0.011363636363636364,1,0.5,0.5637054741273227
7152,2,1,1,2,0,2,0.0,1.0,0.0,0.0,0.0,0.0,1,1.0,1.5849625007211563
7153,10,37,2,10,7,3,0.7,0.30000000000000004,1.4,0.02655586292538033,2.5,0.016666666666666666,1,0.5,0.659199581125176
7154,0,8,0,0,0,0,0.0,0.0,0.0,0.0,0.0,0.0,0,0.0,0.0
7155,0,5,0,0,0,0,0.0,0.0,0.0,0.0,0.0,0.0,0,0.0,0.0
7156,0,1,0,0,0,0,0.0,0.0,0.0,0.0,0.0,0.0,0,0.0,0.0
7157,0,39,0,0,0,0,0.0,0.0,0.0,0.0,0.0,0.0,0,0.0,0.0
7158,0,36,0,0,0,0,0.0,0.0,0.0,0.0,0.0,0.0,0,0.0,0.0
7159,0,6,0,0,0,0,0.0,0.0,0.0,0.0,0.0,0.0,0,0.0,0.0
7160,0,1,0,0,0,0,0.0,0.0,0.0,0.0,0.0,0.0,0,0.0,0.0
7161,10,1,3,10,1,9,0.1,0.9,0.1,0.0011627906976744186,0.0,0.0,3,1.0,3.4594316186372978
7162,0,38,0,0,0,0,0.0,0.0,0.0,0.0,0.0,0.0,0,0.0,0.0
7163,0,26,0,0,0,0,0.0,0.0,0.0,0.0,0.0,0.0,0,0.0,0.0
7164,0,16,0,0,0,0,0.0,0.0,0.0,0.0,0.0,0.0,0,0.0,0.0
7165,0,14,0,0,0,0,0.0,0.0,0.0,0.0,0.0,0.0,0,0.0,0.0
7166,3,37,1,3,2,1,0.6666666666666666,0.33333333333333337,1.3333333333333333,0.13257575757575757,8.0,0.1038961038961039,0,0.0,0.3811028248535468
7167,16,2,4,16,0,16,0.0,1.0,0.0,0.0,0.0,0.0,4,1.0,2.5789019231625656
7168,0,1,0,0,0,0,0.0,0.0,0.0,0.0,0.0,0.0,0,0.0,0.0
7169,0,24,0,0,0,0,0.0,0.0,0.0,0.0,0.0,0.0,0,0.0,0.0
7170,70,39,20,70,50,20,0.7142857142857143,0.2857142857142857,3.0285714285714285,0.04355006846962133,4.1,0.03999586749594525,7,0.35,1.1555487052545081
7171,0,14,0,0,0,0,0.0,0.0,0.0,0.0,0.0,0.0,0,0.0,0.0
7172,45,15,13,45,25,20,0.5555555555555556,0.4444444444444444,0.8888888888888888,0.019959411641999977,0.9230769230769231,0.026110700247950726,6,0.46153846153846156,1.3808904890142533
7173,0,4,0,0,0,0,0.0,0.0,0.0,0.0,0.0,0.0,0,0.0,0.0
7174,0,1,0,0,0,0,0.0,0.0,0.0,0.0,0.0,0.0,0,0.0,0.0
7175,0,7,0,0,0,0,0.0,0.0,0.0,0.0,0.0,0.0,0,0.0,0.0
7176,6,7,1,6,2,4,0.3333333333333333,0.6666666666666667,0.5,0.046840958605664486,1.0,0.125,0,0.0,0.9357849740192015
7177,0,3,0,0,0,0,0.0,0.0,0.0,0.0,0.0,0.0,0,0.0,0.0
7178,5,2,1,5,0,5,0.0,1.0,0.0,0.0,0.0,0.0,1,1.0,1.6309297535714573
7179,0,36,0,0,0,0,0.0,0.0,0.0,0.0,0.0,0.0,0,0.0,0.0
7180,7,14,2,7,5,2,0.7142857142857143,0.2857142857142857,1.2857142857142858,0.019125859878606107,0.0,0.0,2,1.0,0.7678740744294464
7181,0,3,0,0,0,0,0.0,0.0,0.0,0.0,0.0,0.0,0,0.0,0.0
7182,4,20,1,4,0,4,0.0,1.0,0.0,0.0,1.0,0.007142857142857143,0,0.0,0.5286339468194481
7183,0,10,0,0,0,0,0.0,0.0,0.0,0.0,0.0,0.0,0,0.0,0.0
7184,6,36,1,6,6,0,1.0,0.0,1.3333333333333333,0.029646481050421936,1.0,0.045454545454545456,0,0.0,0.5388962574422941
7185,3,39,1,3,3,0,1.0,0.0,4.333333333333333,0.07593073593073592,2.0,0.05128205128205128,0,0.0,0.37580364941821515
7186,3,8,1,3,0,3,0.0,1.0,0.0,0.0,0.0,0.0,1,1.0,0.6309297535714574
7187,0,15,0,0,0,0,0.0,0.0,0.0,0.0,0.0,0.0,0,0.0,0.0
7188,0,26,0,0,0,0,0.0,0.0,0.0,0.0,0.0,0.0,0,0.0,0.0
7189,31,39,9,31,13,18,0.41935483870967744,0.5806451612903225,0.4838709677419355,0.012164864489569665,0.4444444444444444,0.007532956685499058,8,0.8888888888888888,0.939509123545538
7190,3,38,1,3,2,1,0.6666666666666666,0.33333333333333337,1.0,0.019254658385093167,0.0,0.0,1,1.0,0.37840071903374006
7191,0,11,0,0,0,0,0.0,0.0,0.0,0.0,0.0,0.0,0,0.0,0.0
7192,9,6,2,9,2,7,0.2222222222222222,0.7777777777777778,0.3333333333333333,0.0037136465324384784,0.0,0.0,2,1.0,1.1832946624549385
7193,0,4,0,0,0,0,0.0,0.0,0.0,0.0,0.0,0.0,0,0.0,0.0
7194,7,38,1,7,4,3,0.5714285714285714,0.4285714285714286,2.0,0.021848632772235227,0.0,0.0,1,1.0,0.56760107855061
7195,22,14,6,22,2,20,0.09090909090909091,0.9090909090909091,0.09090909090909091,0.001995659924048671,0.0,0.0,6,1.0,1.1578419833771785
7196,0,1,0,0,0,0,0.0,0.0,0.0,0.0,0.0,0.0,0,0.0,0.0
7197,0,5,0,0,0,0,0.0,0.0,0.0,0.0,0.0,0.0,0,0.0,0.0
7198,0,35,0,0,0,0,0.0,0.0,0.0,0.0,0.0,0.0,0,0.0,0.0
7199,7,32,2,7,3,4,0.42857142857142855,0.5714285714285714,0.5714285714285714,0.005763299108463261,0.5,0.0035714285714285713,1,0.5,0.5947195895116816
7200,0,12,0,0,0,0,0.0,0.0,0.0,0.0,0.0,0.0,0,0.0,0.0
7201,0,9,0,0,0,0,0.0,0.0,0.0,0.0,0.0,0.0,0,0.0,0.0
7202,22,20,6,22,12,10,0.5454545454545454,0.4545454545454546,0.8636363636363636,0.03079947491180587,0.5,0.004166666666666667,5,0.8333333333333334,1.0298804755315754
7203,14,6,4,14,1,13,0.07142857142857142,0.9285714285714286,0.07142857142857142,0.00117096018735363,0.75,0.012378313776618861,1,0.25,1.3916625094004957
7204,0,1,0,0,0,0,0.0,0.0,0.0,0.0,0.0,0.0,0,0.0,0.0
7205,3,32,1,3,1,2,0.3333333333333333,0.6666666666666667,0.3333333333333333,0.002976190476190476,0.0,0.0,1,1.0,0.39647972634112105
7206,0,27,0,0,0,0,0.0,0.0,0.0,0.0,0.0,0.0,0,0.0,0.0
7207,0,6,0,0,0,0,0.0,0.0,0.0,0.0,0.0,0.0,0,0.0,0.0
7208,8,37,2,8,3,5,0.375,0.625,0.5,0.011087729763167197,0.5,0.009259259259259259,1,0.5,0.6040336863117743
7209,5,36,1,5,0,5,0.0,1.0,0.0,0.0,0.0,0.0,1,1.0,0.49620609290338996
7210,0,17,0,0,0,0,0.0,0.0,0.0,0.0,0.0,0.0,0,0.0,0.0
7211,0,36,0,0,0,0,0.0,0.0,0.0,0.0,0.0,0.0,0,0.0,0.0
7212,15,32,4,15,10,5,0.6666666666666666,0.33333333333333337,1.0,0.01782563246603302,0.75,0.007352941176470588,3,0.75,0.7929594526822421
7213,0,27,0,0,0,0,0.0,0.0,0.0,0.0,0.0,0.0,0,0.0,0.0
7214,0,7,0,0,0,0,0.0,0.0,0.0,0.0,0.0,0.0,0,0.0,0.0
7215,1,12,1,1,1,0,1.0,0.0,2.0,0.017699115044247787,0.0,0.0,1,1.0,0.27023815442731974
7216,2,39,1,2,2,0,1.0,0.0,3.0,0.05664488017429194,1.0,0.01282051282051282,0,0.0,0.2978173459810155
7217,0,1,0,0,0,0,0.0,0.0,0.0,0.0,0.0,0.0,0,0.0,0.0
7218,0,2,0,0,0,0,0.0,0.0,0.0,0.0,0.0,0.0,0,0.0,0.0
7219,0,37,0,0,0,0,0.0,0.0,0.0,0.0,0.0,0.0,0,0.0,0.0
7220,9,37,2,9,5,4,0.5555555555555556,0.4444444444444444,2.2222222222222223,0.06978255049665817,4.5,0.08392857142857142,0,0.0,0.6329980904609674
7221,0,1,0,0,0,0,0.0,0.0,0.0,0.0,0.0,0.0,0,0.0,0.0
7222,2,1,1,2,0,2,0.0,1.0,0.0,0.0,0.0,0.0,1,1.0,1.5849625007211563
7223,0,1,0,0,0,0,0.0,0.0,0.0,0.0,0.0,0.0,0,0.0,0.0
7224,9,36,2,9,8,1,0.8888888888888888,0.11111111111111116,2.5555555555555554,0.023907631546144288,1.5,0.014512086668283613,0,0.0,0.637673065048409
7225,0,3,0,0,0,0,0.0,0.0,0.0,0.0,0.0,0.0,0,0.0,0.0
7226,0,38,0,0,0,0,0.0,0.0,0.0,0.0,0.0,0.0,0,0.0,0.0
7227,9,1,2,9,1,8,0.1111111111111111,0.8888888888888888,0.1111111111111111,0.0022675736961451243,0.5,0.041666666666666664,1,0.5,3.3219280948873626
7228,0,17,0,0,0,0,0.0,0.0,0.0,0.0,0.0,0.0,0,0.0,0.0
7229,1,14,1,1,0,1,0.0,1.0,0.0,0.0,0.0,0.0,1,1.0,0.2559580248098155
7230,0,2,0,0,0,0,0.0,0.0,0.0,0.0,0.0,0.0,0,0.0,0.0
7231,0,38,0,0,0,0,0.0,0.0,0.0,0.0,0.0,0.0,0,0.0,0.0
7232,0,2,0,0,0,0,0.0,0.0,0.0,0.0,0.0,0.0,0,0.0,0.0
7233,0,12,0,0,0,0,0.0,0.0,0.0,0.0,0.0,0.0,0,0.0,0.0
7234,0,30,0,0,0,0,0.0,0.0,0.0,0.0,0.0,0.0,0,0.0,0.0
7235,0,38,0,0,0,0,0.0,0.0,0.0,0.0,0.0,0.0,0,0.0,0.0
7236,0,12,0,0,0,0,0.0,0.0,0.0,0.0,0.0,0.0,0,0.0,0.0
7237,0,4,0,0,0,0,0.0,0.0,0.0,0.0,0.0,0.0,0,0.0,0.0
7238,0,36,0,0,0,0,0.0,0.0,0.0,0.0,0.0,0.0,0,0.0,0.0
7239,0,1,0,0,0,0,0.0,0.0,0.0,0.0,0.0,0.0,0,0.0,0.0
7240,51,1,14,51,1,50,0.0196078431372549,0.9803921568627451,0.0196078431372549,0.00065359477124183,0.0,0.0,14,1.0,5.700439718141093
7241,1,7,1,1,1,0,1.0,0.0,2.0,0.02564102564102564,0.0,0.0,1,1.0,0.33333333333333337
7242,0,1,0,0,0,0,0.0,0.0,0.0,0.0,0.0,0.0,0,0.0,0.0
7243,70,37,20,70,48,22,0.6857142857142857,0.3142857142857143,1.3,0.02043100936661586,1.6,0.022971341488794025,5,0.25,1.1718429996890984
7244,0,6,0,0,0,0,0.0,0.0,0.0,0.0,0.0,0.0,0,0.0,0.0
7245,13,16,4,13,8,5,0.6153846153846154,0.3846153846153846,0.8461538461538461,0.014489653159207073,0.5,0.007348484848484849,2,0.5,0.931471445717889
7246,0,39,0,0,0,0,0.0,0.0,0.0,0.0,0.0,0.0,0,0.0,0.0
7247,1,38,1,1,1,0,1.0,0.0,2.0,0.045454545454545456,0.0,0.0,1,1.0,0.18920035951687003
7248,42,38,12,42,26,16,0.6190476190476191,0.38095238095238093,2.4047619047619047,0.03143431723822809,1.75,0.023915992763822155,4,0.3333333333333333,1.0266512424233576
7249,5,35,1,5,5,0,1.0,0.0,2.6,0.042726995830559486,0.0,0.0,1,1.0,0.5
7250,0,28,0,0,0,0,0.0,0.0,0.0,0.0,0.0,0.0,0,0.0,0.0
7251,0,1,0,0,0,0,0.0,0.0,0.0,0.0,0.0,0.0,0,0.0,0.0
7252,0,38,0,0,0,0,0.0,0.0,0.0,0.0,0.0,0.0,0,0.0,0.0
7253,0,35,0,0,0,0,0.0,0.0,0.0,0.0,0.0,0.0,0,0.0,0.0
7254,0,31,0,0,0,0,0.0,0.0,0.0,0.0,0.0,0.0,0,0.0,0.0
7255,0,1,0,0,0,0,0.0,0.0,0.0,0.0,0.0,0.0,0,0.0,0.0
7256,68,33,20,68,24,44,0.35294117647058826,0.6470588235294117,0.5,0.008798586008300496,0.75,0.008328323688537965,12,0.6,1.200701537758433
7257,0,38,0,0,0,0,0.0,0.0,0.0,0.0,0.0,0.0,0,0.0,0.0
7258,3,32,1,3,2,1,0.6666666666666666,0.33333333333333337,1.6666666666666667,0.041484260996456114,1.0,0.011494252873563218,0,0.0,0.39647972634112105
7259,0,1,0,0,0,0,0.0,0.0,0.0,0.0,0.0,0.0,0,0.0,0.0
7260,30,34,8,30,20,10,0.6666666666666666,0.33333333333333337,1.7333333333333334,0.04100452749946015,1.75,0.05750358217757759,2,0.25,0.9658652669428301
7261,1,39,1,1,0,1,0.0,1.0,0.0,0.0,0.0,0.0,1,1.0,0.18790182470910757
7262,0,1,0,0,0,0,0.0,0.0,0.0,0.0,0.0,0.0,0,0.0,0.0
7263,6,13,1,6,5,1,0.8333333333333334,0.16666666666666663,2.3333333333333335,0.037942238292910414,0.0,0.0,1,1.0,0.7373504649628064
7264,0,32,0,0,0,0,0.0,0.0,0.0,0.0,0.0,0.0,0,0.0,0.0
7265,8,2,2,8,3,5,0.375,0.625,0.375,0.0043997387984729755,0.0,0.0,2,1.0,2.0
7266,2,37,1,2,2,0,1.0,0.0,3.0,0.027243589743589744,0.0,0.0,1,1.0,0.30201684315588717
7267,0,38,0,0,0,0,0.0,0.0,0.0,0.0,0.0,0.0,0,0.0,0.0
7268,0,2,0,0,0,0,0.0,0.0,0.0,0.0,0.0,0.0,0,0.0,0.0
7269,0,3,0,0,0,0,0.0,0.0,0.0,0.0,0.0,0.0,0,0.0,0.0
7270,0,31,0,0,0,0,0.0,0.0,0.0,0.0,0.0,0.0,0,0.0,0.0
7271,9,37,2,9,6,3,0.6666666666666666,0.33333333333333337,0.7777777777777778,0.013325812830446898,1.0,0.006711409395973154,1,0.5,0.6329980904609674
7272,0,1,0,0,0,0,0.0,0.0,0.0,0.0,0.0,0.0,0,0.0,0.0
7273,0,8,0,0,0,0,0.0,0.0,0.0,0.0,0.0,0.0,0,0.0,0.0
7274,0,1,0,0,0,0,0.0,0.0,0.0,0.0,0.0,0.0,0,0.0,0.0
7275,3,13,1,3,2,1,0.6666666666666666,0.33333333333333337,0.6666666666666666,0.012691570881226055,0.0,0.0,1,1.0,0.5252990700743871
7276,0,3,0,0,0,0,0.0,0.0,0.0,0.0,0.0,0.0,0,0.0,0.0
7277,35,21,10,35,16,19,0.45714285714285713,0.5428571428571429,0.8857142857142857,0.01545491663080299,1.2,0.027967127674024227,4,0.4,1.1593237532414782
7278,0,2,0,0,0,0,0.0,0.0,0.0,0.0,0.0,0.0,0,0.0,0.0
7279,0,10,0,0,0,0,0.0,0.0,0.0,0.0,0.0,0.0,0,0.0,0.0
7280,0,35,0,0,0,0,0.0,0.0,0.0,0.0,0.0,0.0,0,0.0,0.0
7281,12,27,3,12,7,5,0.5833333333333334,0.41666666666666663,1.6666666666666667,0.022532754560590302,1.3333333333333333,0.02189486920638294,0,0.0,0.7697454791952953
7282,0,2,0,0,0,0,0.0,0.0,0.0,0.0,0.0,0.0,0,0.0,0.0
7283,0,39,0,0,0,0,0.0,0.0,0.0,0.0,0.0,0.0,0,0.0,0.0
7284,0,21,0,0,0,0,0.0,0.0,0.0,0.0,0.0,0.0,0,0.0,0.0
7285,70,38,20,70,18,52,0.2571428571428571,0.7428571428571429,0.45714285714285713,0.006748663537143281,0.6,0.006421126171749303,14,0.7,1.1635343659481219
7286,23,34,6,23,8,15,0.34782608695652173,0.6521739130434783,0.782608695652174,0.01031025945023005,0.3333333333333333,0.008547008547008546,5,0.8333333333333334,0.8938798045602852
7287,0,2,0,0,0,0,0.0,0.0,0.0,0.0,0.0,0.0,0,0.0,0.0
7288,0,1,0,0,0,0,0.0,0.0,0.0,0.0,0.0,0.0,0,0.0,0.0
7289,0,3,0,0,0,0,0.0,0.0,0.0,0.0,0.0,0.0,0,0.0,0.0
7290,1,1,1,1,0,1,0.0,1.0,0.0,0.0,0.0,0.0,1,1.0,1.0
7291,5,37,1,5,5,0,1.0,0.0,3.6,0.04373264154175277,2.0,0.045454545454545456,0,0.0,0.49256825558266054
7292,0,2,0,0,0,0,0.0,0.0,0.0,0.0,0.0,0.0,0,0.0,0.0
7293,16,5,4,16,1,15,0.0625,0.9375,0.0625,0.0020833333333333333,0.25,0.0022123893805309734,3,0.75,1.5812464746045694
7294,0,23,0,0,0,0,0.0,0.0,0.0,0.0,0.0,0.0,0,0.0,0.0
7295,0,39,0,0,0,0,0.0,0.0,0.0,0.0,0.0,0.0,0,0.0,0.0
7296,0,13,0,0,0,0,0.0,0.0,0.0,0.0,0.0,0.0,0,0.0,0.0
7297,4,39,1,4,3,1,0.75,0.25,1.0,0.037450980392156864,2.0,0.029850746268656716,0,0.0,0.43629452587267725
7298,1,39,1,1,0,1,0.0,1.0,0.0,0.0,0.0,0.0,1,1.0,0.18790182470910757
7299,2,24,1,2,0,2,0.0,1.0,0.0,0.0,5.0,0.11363636363636363,0,0.0,0.3413030972429927
7300,0,5,0,0,0,0,0.0,0.0,0.0,0.0,0.0,0.0,0,0.0,0.0
7301,37,4,10,37,3,34,0.08108108108108109,0.9189189189189189,0.08108108108108109,0.003569283569283569,0.1,0.00196078431372549,9,0.9,2.2601593585085435
7302,0,2,0,0,0,0,0.0,0.0,0.0,0.0,0.0,0.0,0,0.0,0.0
7303,0,27,0,0,0,0,0.0,0.0,0.0,0.0,0.0,0.0,0,0.0,0.0
7304,7,33,1,7,6,1,0.8571428571428571,0.1428571428571429,3.5714285714285716,0.06397346371579837,0.0,0.0,1,1.0,0.5896848966984678
7305,0,4,0,0,0,0,0.0,0.0,0.0,0.0,0.0,0.0,0,0.0,0.0
7306,0,29,0,0,0,0,0.0,0.0,0.0,0.0,0.0,0.0,0,0.0,0.0
7307,0,1,0,0,0,0,0.0,0.0,0.0,0.0,0.0,0.0,0,0.0,0.0
7308,1,8,1,1,0,1,0.0,1.0,0.0,0.0,0.0,0.0,1,1.0,0.3154648767857287
7309,21,38,6,21,7,14,0.3333333333333333,0.6666666666666667,0.5714285714285714,0.023477387675082565,0.5,0.026455026455026454,4,0.6666666666666666,0.8437260654870744
7310,0,1,0,0,0,0,0.0,0.0,0.0,0.0,0.0,0.0,0,0.0,0.0
7311,0,1,0,0,0,0,0.0,0.0,0.0,0.0,0.0,0.0,0,0.0,0.0
7312,2,37,1,2,2,0,1.0,0.0,2.0,0.05866858237547892,0.0,0.0,1,1.0,0.30201684315588717
7313,2,13,1,2,0,2,0.0,1.0,0.0,0.0,0.0,0.0,1,1.0,0.4162896638657993
7314,10,39,2,10,9,1,0.9,0.09999999999999998,3.4,0.054004834867039164,3.5,0.026763776763776767,0,0.0,0.6500335135983297
7315,0,38,0,0,0,0,0.0,0.0,0.0,0.0,0.0,0.0,0,0.0,0.0
7316,13,25,4,13,9,4,0.6923076923076923,0.3076923076923077,1.0769230769230769,0.027206758771884824,0.75,0.013676303854875282,2,0.5,0.8099997341447277
7317,9,39,2,9,5,4,0.5555555555555556,0.4444444444444444,1.1111111111111112,0.02518615007932769,0.0,0.0,2,1.0,0.6241963505817849
7318,6,38,1,6,3,3,0.5,0.5,1.8333333333333333,0.013055555555555556,0.0,0.0,1,1.0,0.5311525605447533
7319,60,39,17,60,33,27,0.55,0.44999999999999996,0.9333333333333333,0.017740427037930676,0.7647058823529411,0.012842100165214265,10,0.5882352941176471,1.114396367598501
7320,0,2,0,0,0,0,0.0,0.0,0.0,0.0,0.0,0.0,0,0.0,0.0
7321,0,3,0,0,0,0,0.0,0.0,0.0,0.0,0.0,0.0,0,0.0,0.0
7322,0,37,0,0,0,0,0.0,0.0,0.0,0.0,0.0,0.0,0,0.0,0.0
7323,0,2,0,0,0,0,0.0,0.0,0.0,0.0,0.0,0.0,0,0.0,0.0
7324,1,37,1,1,1,0,1.0,0.0,1.0,0.006993006993006993,0.0,0.0,1,1.0,0.1905514124267734
7325,0,10,0,0,0,0,0.0,0.0,0.0,0.0,0.0,0.0,0,0.0,0.0
7326,3,1,1,3,0,3,0.0,1.0,0.0,0.0,0.0,0.0,1,1.0,2.0
7327,0,1,0,0,0,0,0.0,0.0,0.0,0.0,0.0,0.0,0,0.0,0.0
7328,0,26,0,0,0,0,0.0,0.0,0.0,0.0,0.0,0.0,0,0.0,0.0
7329,0,21,0,0,0,0,0.0,0.0,0.0,0.0,0.0,0.0,0,0.0,0.0
7330,0,15,0,0,0,0,0.0,0.0,0.0,0.0,0.0,0.0,0,0.0,0.0
7331,0,7,0,0,0,0,0.0,0.0,0.0,0.0,0.0,0.0,0,0.0,0.0
7332,0,31,0,0,0,0,0.0,0.0,0.0,0.0,0.0,0.0,0,0.0,0.0
7333,2,35,1,2,2,0,1.0,0.0,1.5,0.07478632478632478,0.0,0.0,1,1.0,0.30657359638272924
7334,0,28,0,0,0,0,0.0,0.0,0.0,0.0,0.0,0.0,0,0.0,0.0
7335,10,29,3,10,7,3,0.7,0.30000000000000004,1.3,0.032731644828269374,0.3333333333333333,0.027777777777777776,2,0.6666666666666666,0.705015029626574
7336,38,28,10,38,8,30,0.21052631578947367,0.7894736842105263,0.34210526315789475,0.004103599184630867,1.0,0.013282558613628223,5,0.5,1.0879833050321457
7337,0,5,0,0,0,0,0.0,0.0,0.0,0.0,0.0,0.0,0,0.0,0.0
7338,0,32,0,0,0,0,0.0,0.0,0.0,0.0,0.0,0.0,0,0.0,0.0
7339,0,16,0,0,0,0,0.0,0.0,0.0,0.0,0.0,0.0,0,0.0,0.0
7340,7,39,1,7,5,2,0.7142857142857143,0.2857142857142857,0.8571428571428571,0.03206006956006956,1.0,0.018518518518518517,0,0.0,0.5637054741273227
7341,0,24,0,0,0,0,0.0,0.0,0.0,0.0,0.0,0.0,0,0.0,0.0
7342,0,33,0,0,0,0,0.0,0.0,0.0,0.0,0.0,0.0,0,0.0,0.0
7343,0,8,0,0,0,0,0.0,0.0,0.0,0.0,0.0,0.0,0,0.0,0.0
7344,0,18,0,0,0,0,0.0,0.0,0.0,0.0,0.0,0.0,0,0.0,0.0
7345,10,31,3,10,8,2,0.8,0.19999999999999996,2.3,0.04577553057580497,1.0,0.04679144385026738,1,0.3333333333333333,0.6918863237274595
7346,5,34,1,5,5,0,1.0,0.0,3.6,0.09579113019078367,5.0,0.03816793893129771,0,0.0,0.5039617607727125
7347,0,14,0,0,0,0,0.0,0.0,0.0,0.0,0.0,0.0,0,0.0,0.0
7348,0,10,0,0,0,0,0.0,0.0,0.0,0.0,0.0,0.0,0,0.0,0.0
7349,0,27,0,0,0,0,0.0,0.0,0.0,0.0,0.0,0.0,0,0.0,0.0
7350,14,38,4,14,10,4,0.7142857142857143,0.2857142857142857,1.6428571428571428,0.02552642113445561,1.0,0.01768092105263158,2,0.5,0.7391851052822103
7351,3,4,1,3,1,2,0.3333333333333333,0.6666666666666667,0.3333333333333333,0.003875968992248062,0.0,0.0,1,1.0,0.8613531161467861
7352,0,23,0,0,0,0,0.0,0.0,0.0,0.0,0.0,0.0,0,0.0,0.0
7353,7,37,2,7,1,6,0.14285714285714285,0.8571428571428572,0.14285714285714285,0.0009587727708533077,0.0,0.0,2,1.0,0.5716542372803202
7354,4,3,1,4,1,3,0.25,0.75,0.25,0.009259259259259259,0.0,0.0,1,1.0,1.160964047443681
7355,3,33,1,3,2,1,0.6666666666666666,0.33333333333333337,2.3333333333333335,0.04491341991341991,1.0,0.016666666666666666,0,0.0,0.39312326446564516
7356,0,20,0,0,0,0,0.0,0.0,0.0,0.0,0.0,0.0,0,0.0,0.0
7357,70,39,20,70,39,31,0.5571428571428572,0.44285714285714284,1.1285714285714286,0.01638955058128008,1.4,0.020281751021963675,9,0.45,1.1555487052545081
7358,0,37,0,0,0,0,0.0,0.0,0.0,0.0,0.0,0.0,0,0.0,0.0
7359,0,1,0,0,0,0,0.0,0.0,0.0,0.0,0.0,0.0,0,0.0,0.0
7360,28,18,8,28,7,21,0.25,0.75,0.2857142857142857,0.0035607226824899236,0.5,0.006438216772846814,4,0.5,1.1436120272187618
7361,9,34,2,9,3,6,0.3333333333333333,0.6666666666666667,0.4444444444444444,0.006353643571688684,1.0,0.008620689655172414,1,0.5,0.6476398521807292
7362,0,3,0,0,0,0,0.0,0.0,0.0,0.0,0.0,0.0,0,0.0,0.0
7363,2,32,1,2,1,1,0.5,0.5,0.5,0.007692307692307693,1.0,0.00980392156862745,0,0.0,0.3142027492734315
7364,0,1,0,0,0,0,0.0,0.0,0.0,0.0,0.0,0.0,0,0.0,0.0
7365,0,1,0,0,0,0,0.0,0.0,0.0,0.0,0.0,0.0,0,0.0,0.0
7366,0,26,0,0,0,0,0.0,0.0,0.0,0.0,0.0,0.0,0,0.0,0.0
7367,5,38,1,5,4,1,0.8,0.19999999999999996,1.8,0.021402460188822404,0.0,0.0,1,1.0,0.48907583447407016
7368,7,39,2,7,7,0,1.0,0.0,4.428571428571429,0.041009592031873474,0.5,0.014705882352941176,1,0.5,0.5637054741273227
7369,7,37,2,7,5,2,0.7142857142857143,0.2857142857142857,1.5714285714285714,0.024299817415973562,0.0,0.0,2,1.0,0.5716542372803202
7370,0,1,0,0,0,0,0.0,0.0,0.0,0.0,0.0,0.0,0,0.0,0.0
7371,0,34,0,0,0,0,0.0,0.0,0.0,0.0,0.0,0.0,0,0.0,0.0
7372,0,5,0,0,0,0,0.0,0.0,0.0,0.0,0.0,0.0,0,0.0,0.0
7373,0,33,0,0,0,0,0.0,0.0,0.0,0.0,0.0,0.0,0,0.0,0.0
7374,0,39,0,0,0,0,0.0,0.0,0.0,0.0,0.0,0.0,0,0.0,0.0
7375,0,38,0,0,0,0,0.0,0.0,0.0,0.0,0.0,0.0,0,0.0,0.0
7376,0,2,0,0,0,0,0.0,0.0,0.0,0.0,0.0,0.0,0,0.0,0.0
7377,0,1,0,0,0,0,0.0,0.0,0.0,0.0,0.0,0.0,0,0.0,0.0
7378,0,5,0,0,0,0,0.0,0.0,0.0,0.0,0.0,0.0,0,0.0,0.0
7379,0,16,0,0,0,0,0.0,0.0,0.0,0.0,0.0,0.0,0,0.0,0.0
7380,10,11,3,10,4,6,0.4,0.6,0.5,0.010753407628407628,0.0,0.0,3,1.0,0.9649840459813438
7381,18,34,5,18,6,12,0.3333333333333333,0.6666666666666667,0.6111111111111112,0.022294558957140657,0.2,0.011764705882352941,4,0.8,0.8281717930966652
7382,0,25,0,0,0,0,0.0,0.0,0.0,0.0,0.0,0.0,0,0.0,0.0
7383,10,37,3,10,7,3,0.7,0.30000000000000004,1.1,0.02198099718693599,2.6666666666666665,0.07698476343223737,0,0.0,0.659199581125176
7384,1,19,1,1,1,0,1.0,0.0,2.0,0.029411764705882353,0.0,0.0,1,1.0,0.23137821315975918
7385,10,13,3,10,7,3,0.7,0.30000000000000004,0.9,0.02310461287306925,0.6666666666666666,0.005555555555555556,2,0.6666666666666666,0.9086181061280522
7386,3,39,1,3,2,1,0.6666666666666666,0.33333333333333337,1.0,0.015954415954415952,0.0,0.0,1,1.0,0.37580364941821515
7387,0,4,0,0,0,0,0.0,0.0,0.0,0.0,0.0,0.0,0,0.0,0.0
7388,5,37,1,5,1,4,0.2,0.8,0.4,0.007407407407407407,0.0,0.0,1,1.0,0.49256825558266054
7389,0,35,0,0,0,0,0.0,0.0,0.0,0.0,0.0,0.0,0,0.0,0.0
7390,2,33,1,2,1,1,0.5,0.5,1.0,0.029411764705882353,0.0,0.0,1,1.0,0.31154281616956675
7391,0,5,0,0,0,0,0.0,0.0,0.0,0.0,0.0,0.0,0,0.0,0.0
7392,0,6,0,0,0,0,0.0,0.0,0.0,0.0,0.0,0.0,0,0.0,0.0
7393,0,32,0,0,0,0,0.0,0.0,0.0,0.0,0.0,0.0,0,0.0,0.0
7394,0,7,0,0,0,0,0.0,0.0,0.0,0.0,0.0,0.0,0,0.0,0.0
7395,0,5,0,0,0,0,0.0,0.0,0.0,0.0,0.0,0.0,0,0.0,0.0
7396,0,1,0,0,0,0,0.0,0.0,0.0,0.0,0.0,0.0,0,0.0,0.0
7397,0,7,0,0,0,0,0.0,0.0,0.0,0.0,0.0,0.0,0,0.0,0.0
7398,2,37,1,2,0,2,0.0,1.0,0.0,0.0,1.0,0.038461538461538464,0,0.0,0.30201684315588717
7399,0,2,0,0,0,0,0.0,0.0,0.0,0.0,0.0,0.0,0,0.0,0.0
7400,18,35,5,18,13,5,0.7222222222222222,0.2777777777777778,2.1666666666666665,0.03624842619310612,3.6,0.03233063353364105,1,0.2,0.8216613417522485
7401,4,36,1,4,2,2,0.5,0.5,1.0,0.02987012987012987,1.0,0.01282051282051282,0,0.0,0.4457143450418488
7402,0,21,0,0,0,0,0.0,0.0,0.0,0.0,0.0,0.0,0,0.0,0.0
7403,23,22,6,23,11,12,0.4782608695652174,0.5217391304347826,0.6086956521739131,0.016779340910665966,0.16666666666666666,0.003144654088050314,5,0.8333333333333334,1.0135734947947224
7404,7,39,1,7,7,0,1.0,0.0,2.142857142857143,0.04649564311841164,5.0,0.16129032258064516,0,0.0,0.5637054741273227
7405,0,1,0,0,0,0,0.0,0.0,0.0,0.0,0.0,0.0,0,0.0,0.0
7406,14,39,4,14,3,11,0.21428571428571427,0.7857142857142857,0.5,0.006903059794144739,0.75,0.008611111111111111,2,0.5,0.7341118718536928
7407,0,1,0,0,0,0,0.0,0.0,0.0,0.0,0.0,0.0,0,0.0,0.0
7408,0,1,0,0,0,0,0.0,0.0,0.0,0.0,0.0,0.0,0,0.0,0.0
7409,0,37,0,0,0,0,0.0,0.0,0.0,0.0,0.0,0.0,0,0.0,0.0
7410,0,33,0,0,0,0,0.0,0.0,0.0,0.0,0.0,0.0,0,0.0,0.0
7411,14,37,4,14,5,9,0.35714285714285715,0.6428571428571428,0.5714285714285714,0.005642161241131647,0.75,0.01493453355155483,2,0.5,0.7444635211900812
7412,16,13,4,16,7,9,0.4375,0.5625,0.5625,0.005809646450480998,0.25,0.0020833333333333333,3,0.75,1.0735702147362078
7413,17,6,5,17,6,11,0.35294117647058826,0.6470588235294117,0.35294117647058826,0.0068011992758443066,0.8,0.008564560743410781,2,0.4,1.4853572552151815
7414,0,18,0,0,0,0,0.0,0.0,0.0,0.0,0.0,0.0,0,0.0,0.0
7415,42,32,12,42,14,28,0.3333333333333333,0.6666666666666667,0.5238095238095238,0.012909326461521068,0.8333333333333334,0.017596894095432105,5,0.4166666666666667,1.075701982499379
7416,0,10,0,0,0,0,0.0,0.0,0.0,0.0,0.0,0.0,0,0.0,0.0
7417,0,27,0,0,0,0,0.0,0.0,0.0,0.0,0.0,0.0,0,0.0,0.0
7418,0,5,0,0,0,0,0.0,0.0,0.0,0.0,0.0,0.0,0,0.0,0.0
7419,0,26,0,0,0,0,0.0,0.0,0.0,0.0,0.0,0.0,0,0.0,0.0
7420,0,5,0,0,0,0,0.0,0.0,0.0,0.0,0.0,0.0,0,0.0,0.0
7421,0,5,0,0,0,0,0.0,0.0,0.0,0.0,0.0,0.0,0,0.0,0.0
7422,0,1,0,0,0,0,0.0,0.0,0.0,0.0,0.0,0.0,0,0.0,0.0
7423,1,6,1,1,0,1,0.0,1.0,0.0,0.0,3.0,0.06818181818181818,0,0.0,0.3562071871080222
7424,0,4,0,0,0,0,0.0,0.0,0.0,0.0,0.0,0.0,0,0.0,0.0
7425,0,12,0,0,0,0,0.0,0.0,0.0,0.0,0.0,0.0,0,0.0,0.0
7426,1,13,1,1,0,1,0.0,1.0,0.0,0.0,0.0,0.0,1,1.0,0.26264953503719357
7427,0,35,0,0,0,0,0.0,0.0,0.0,0.0,0.0,0.0,0,0.0,0.0
7428,0,1,0,0,0,0,0.0,0.0,0.0,0.0,0.0,0.0,0,0.0,0.0
7429,0,33,0,0,0,0,0.0,0.0,0.0,0.0,0.0,0.0,0,0.0,0.0
7430,0,8,0,0,0,0,0.0,0.0,0.0,0.0,0.0,0.0,0,0.0,0.0
7431,5,24,1,5,4,1,0.8,0.19999999999999996,1.0,0.015856869498660546,2.0,0.01818181818181818,0,0.0,0.5566413762796892
7432,0,3,0,0,0,0,0.0,0.0,0.0,0.0,0.0,0.0,0,0.0,0.0
7433,0,1,0,0,0,0,0.0,0.0,0.0,0.0,0.0,0.0,0,0.0,0.0
7434,0,1,0,0,0,0,0.0,0.0,0.0,0.0,0.0,0.0,0,0.0,0.0
7435,14,39,4,14,9,5,0.6428571428571429,0.3571428571428571,1.5,0.035027900527548665,1.0,0.00882936507936508,2,0.5,0.7341118718536928
7436,10,25,3,10,7,3,0.7,0.30000000000000004,1.3,0.015454137593672475,1.0,0.01588201928530913,1,0.3333333333333333,0.7359804244028082
7437,0,1,0,0,0,0,0.0,0.0,0.0,0.0,0.0,0.0,0,0.0,0.0
7438,6,38,1,6,4,2,0.6666666666666666,0.33333333333333337,1.5,0.058317307944914694,0.0,0.0,1,1.0,0.5311525605447533
7439,0,12,0,0,0,0,0.0,0.0,0.0,0.0,0.0,0.0,0,0.0,0.0
7440,0,11,0,0,0,0,0.0,0.0,0.0,0.0,0.0,0.0,0,0.0,0.0
7441,0,6,0,0,0,0,0.0,0.0,0.0,0.0,0.0,0.0,0,0.0,0.0
7442,61,25,18,61,15,46,0.2459016393442623,0.7540983606557377,0.32786885245901637,0.008408743437895227,0.16666666666666666,0.006159060846560847,15,0.8333333333333334,1.2667317671168035
7443,6,27,1,6,2,4,0.3333333333333333,0.6666666666666667,0.3333333333333333,0.004232804232804233,0.0,0.0,1,1.0,0.583970804646981
7444,0,33,0,0,0,0,0.0,0.0,0.0,0.0,0.0,0.0,0,0.0,0.0
7445,1,6,1,1,1,0,1.0,0.0,1.0,0.045454545454545456,0.0,0.0,1,1.0,0.3562071871080222
7446,0,1,0,0,0,0,0.0,0.0,0.0,0.0,0.0,0.0,0,0.0,0.0
7447,0,1,0,0,0,0,0.0,0.0,0.0,0.0,0.0,0.0,0,0.0,0.0
7448,12,26,3,12,6,6,0.5,0.5,1.1666666666666667,0.020463455868072106,1.3333333333333333,0.02932098765432099,0,0.0,0.7782391731575976
7449,26,7,7,26,6,20,0.23076923076923078,0.7692307692307692,0.3076923076923077,0.0039065176854928664,0.2857142857142857,0.012188208616780046,5,0.7142857142857143,1.5849625007211563
7450,0,1,0,0,0,0,0.0,0.0,0.0,0.0,0.0,0.0,0,0.0,0.0
7451,6,35,1,6,5,1,0.8333333333333334,0.16666666666666663,1.5,0.02698573471350363,2.0,0.125,0,0.0,0.5430165662508459
7452,2,35,1,2,2,0,1.0,0.0,2.5,0.03727891156462585,1.0,0.013513513513513514,0,0.0,0.30657359638272924
7453,2,16,1,2,0,2,0.0,1.0,0.0,0.0,0.0,0.0,1,1.0,0.3877619350384901
7454,44,33,12,44,12,32,0.2727272727272727,0.7272727272727273,1.0,0.012987587697196901,1.5,0.017382123368781865,8,0.6666666666666666,1.0794876085974416
7455,0,35,0,0,0,0,0.0,0.0,0.0,0.0,0.0,0.0,0,0.0,0.0
7456,1,37,1,1,0,1,0.0,1.0,0.0,0.0,0.0,0.0,1,1.0,0.1905514124267734
7457,0,2,0,0,0,0,0.0,0.0,0.0,0.0,0.0,0.0,0,0.0,0.0
7458,0,1,0,0,0,0,0.0,0.0,0.0,0.0,0.0,0.0,0,0.0,0.0
7459,0,22,0,0,0,0,0.0,0.0,0.0,0.0,0.0,0.0,0,0.0,0.0
7460,0,1,0,0,0,0,0.0,0.0,0.0,0.0,0.0,0.0,0,0.0,0.0
7461,0,7,0,0,0,0,0.0,0.0,0.0,0.0,0.0,0.0,0,0.0,0.0
7462,0,9,0,0,0,0,0.0,0.0,0.0,0.0,0.0,0.0,0,0.0,0.0
7463,2,6,1,2,1,1,0.5,0.5,0.5,0.03125,1.0,0.012048192771084338,0,0.0,0.5645750340535797
7464,0,1,0,0,0,0,0.0,0.0,0.0,0.0,0.0,0.0,0,0.0,0.0
7465,2,34,1,2,2,0,1.0,0.0,1.5,0.03365384615384615,1.0,0.012987012987012988,0,0.0,0.3090027388789262
7466,0,6,0,0,0,0,0.0,0.0,0.0,0.0,0.0,0.0,0,0.0,0.0
7467,0,13,0,0,0,0,0.0,0.0,0.0,0.0,0.0,0.0,0,0.0,0.0
7468,2,31,1,2,0,2,0.0,1.0,0.0,0.0,0.0,0.0,1,1.0,0.31699250014423125
7469,0,20,0,0,0,0,0.0,0.0,0.0,0.0,0.0,0.0,0,0.0,0.0
7470,0,37,0,0,0,0,0.0,0.0,0.0,0.0,0.0,0.0,0,0.0,0.0
7471,35,33,10,35,13,22,0.37142857142857144,0.6285714285714286,0.6285714285714286,0.010995360254608443,1.4,0.06115003792545248,1,0.1,1.0162088968047787
7472,14,11,4,14,0,14,0.0,1.0,0.0,0.0,0.25,0.009259259259259259,3,0.75,1.0897995710757373
7473,5,11,1,5,1,4,0.2,0.8,0.4,0.002666666666666667,0.0,0.0,1,1.0,0.7210570543488701
7474,24,29,6,24,20,4,0.8333333333333334,0.16666666666666663,1.9583333333333333,0.05314971823052814,1.3333333333333333,0.024112978524743228,2,0.3333333333333333,0.9463948908766786
7475,0,3,0,0,0,0,0.0,0.0,0.0,0.0,0.0,0.0,0,0.0,0.0
7476,0,12,0,0,0,0,0.0,0.0,0.0,0.0,0.0,0.0,0,0.0,0.0
7477,22,26,6,22,16,6,0.7272727272727273,0.2727272727272727,1.3181818181818181,0.019130635683216327,2.8333333333333335,0.028664937127161477,0,0.0,0.9513499434000904
7478,7,38,1,7,3,4,0.42857142857142855,0.5714285714285714,0.5714285714285714,0.005438812730479398,2.0,0.013333333333333334,0,0.0,0.56760107855061
7479,5,33,1,5,4,1,0.8,0.19999999999999996,1.8,0.018430530709600476,0.0,0.0,1,1.0,0.5081044484023893
7480,0,3,0,0,0,0,0.0,0.0,0.0,0.0,0.0,0.0,0,0.0,0.0
7481,0,28,0,0,0,0,0.0,0.0,0.0,0.0,0.0,0.0,0,0.0,0.0
7482,0,5,0,0,0,0,0.0,0.0,0.0,0.0,0.0,0.0,0,0.0,0.0
7483,2,37,1,2,1,1,0.5,0.5,2.5,0.03205128205128205,0.0,0.0,1,1.0,0.30201684315588717
7484,0,12,0,0,0,0,0.0,0.0,0.0,0.0,0.0,0.0,0,0.0,0.0
7485,0,4,0,0,0,0,0.0,0.0,0.0,0.0,0.0,0.0,0,0.0,0.0
7486,0,2,0,0,0,0,0.0,0.0,0.0,0.0,0.0,0.0,0,0.0,0.0
7487,0,1,0,0,0,0,0.0,0.0,0.0,0.0,0.0,0.0,0,0.0,0.0
7488,0,36,0,0,0,0,0.0,0.0,0.0,0.0,0.0,0.0,0,0.0,0.0
7489,0,7,0,0,0,0,0.0,0.0,0.0,0.0,0.0,0.0,0,0.0,0.0
7490,12,35,3,12,3,9,0.25,0.75,0.75,0.013357047364400305,0.3333333333333333,0.003003003003003003,2,0.6666666666666666,0.7157627464825387
7491,21,11,6,21,13,8,0.6190476190476191,0.38095238095238093,0.9523809523809523,0.03373858945287518,1.0,0.02755077095011088,3,0.5,1.2439269916324736
7492,0,28,0,0,0,0,0.0,0.0,0.0,0.0,0.0,0.0,0,0.0,0.0
7493,10,37,3,10,5,5,0.5,0.5,1.6,0.027013977819346946,0.3333333333333333,0.006289308176100628,2,0.6666666666666666,0.659199581125176
7494,42,21,12,42,25,17,0.5952380952380952,0.40476190476190477,1.3571428571428572,0.03786610709843659,1.4166666666666667,0.07760521739143163,3,0.25,1.2168063598114423
7495,3,2,1,3,0,3,0.0,1.0,0.0,0.0,0.0,0.0,1,1.0,1.2618595071429148
7496,0,2,0,0,0,0,0.0,0.0,0.0,0.0,0.0,0.0,0,0.0,0.0
7497,0,18,0,0,0,0,0.0,0.0,0.0,0.0,0.0,0.0,0,0.0,0.0
7498,0,2,0,0,0,0,0.0,0.0,0.0,0.0,0.0,0.0,0,0.0,0.0
7499,4,31,1,4,1,3,0.25,0.75,0.5,0.01282051282051282,3.0,0.041666666666666664,0,0.0,0.46438561897747244
7500,0,12,0,0,0,0,0.0,0.0,0.0,0.0,0.0,0.0,0,0.0,0.0
7501,0,15,0,0,0,0,0.0,0.0,0.0,0.0,0.0,0.0,0,0.0,0.0
7502,0,25,0,0,0,0,0.0,0.0,0.0,0.0,0.0,0.0,0,0.0,0.0
7503,4,11,1,4,4,0,1.0,0.0,1.25,0.02107036374478235,1.0,0.02040816326530612,0,0.0,0.647685462377997
7504,0,1,0,0,0,0,0.0,0.0,0.0,0.0,0.0,0.0,0,0.0,0.0
7505,0,3,0,0,0,0,0.0,0.0,0.0,0.0,0.0,0.0,0,0.0,0.0
7506,4,5,1,4,0,4,0.0,1.0,0.0,0.0,0.0,0.0,1,1.0,0.8982444017039272
7507,0,7,0,0,0,0,0.0,0.0,0.0,0.0,0.0,0.0,0,0.0,0.0
7508,4,39,1,4,4,0,1.0,0.0,3.25,0.04063913969870416,0.0,0.0,1,1.0,0.43629452587267725
7509,0,2,0,0,0,0,0.0,0.0,0.0,0.0,0.0,0.0,0,0.0,0.0
7510,0,14,0,0,0,0,0.0,0.0,0.0,0.0,0.0,0.0,0,0.0,0.0
7511,0,35,0,0,0,0,0.0,0.0,0.0,0.0,0.0,0.0,0,0.0,0.0
7512,10,31,2,10,5,5,0.5,0.5,0.8,0.02297219793670222,1.5,0.026785714285714284,1,0.5,0.6918863237274595
7513,0,35,0,0,0,0,0.0,0.0,0.0,0.0,0.0,0.0,0,0.0,0.0
7514,2,29,1,2,2,0,1.0,0.0,2.5,0.027153234175025943,1.0,0.008403361344537815,0,0.0,0.3230075074711545
7515,0,19,0,0,0,0,0.0,0.0,0.0,0.0,0.0,0.0,0,0.0,0.0
7516,0,11,0,0,0,0,0.0,0.0,0.0,0.0,0.0,0.0,0,0.0,0.0
7517,0,11,0,0,0,0,0.0,0.0,0.0,0.0,0.0,0.0,0,0.0,0.0
7518,9,38,2,9,2,7,0.2222222222222222,0.7777777777777778,0.2222222222222222,0.011234796949082663,1.5,0.021701388888888888,0,0.0,0.6285099898418802
7519,0,37,0,0,0,0,0.0,0.0,0.0,0.0,0.0,0.0,0,0.0,0.0
7520,59,39,17,59,32,27,0.5423728813559322,0.4576271186440678,1.1694915254237288,0.027100109649645383,0.9411764705882353,0.03992388034017791,6,0.35294117647058826,1.1099155212719078
7521,10,34,2,10,9,1,0.9,0.09999999999999998,2.4,0.039784574664660136,0.5,0.009259259259259259,1,0.5,0.6744474046779655
7522,0,1,0,0,0,0,0.0,0.0,0.0,0.0,0.0,0.0,0,0.0,0.0
7523,0,1,0,0,0,0,0.0,0.0,0.0,0.0,0.0,0.0,0,0.0,0.0
7524,0,1,0,0,0,0,0.0,0.0,0.0,0.0,0.0,0.0,0,0.0,0.0
7525,0,1,0,0,0,0,0.0,0.0,0.0,0.0,0.0,0.0,0,0.0,0.0
7526,9,7,2,9,1,8,0.1111111111111111,0.8888888888888888,0.1111111111111111,0.000782472613458529,0.0,0.0,2,1.0,1.1073093649624544
7527,0,1,0,0,0,0,0.0,0.0,0.0,0.0,0.0,0.0,0,0.0,0.0
7528,0,1,0,0,0,0,0.0,0.0,0.0,0.0,0.0,0.0,0,0.0,0.0
7529,0,38,0,0,0,0,0.0,0.0,0.0,0.0,0.0,0.0,0,0.0,0.0
7530,22,30,6,22,18,4,0.8181818181818182,0.18181818181818177,2.090909090909091,0.04165751020226506,1.3333333333333333,0.016402087288000716,1,0.16666666666666666,0.913076848927645
7531,7,12,1,7,3,4,0.42857142857142855,0.5714285714285714,0.5714285714285714,0.007524926927053975,0.0,0.0,1,1.0,0.8107144632819592
7532,12,39,4,12,8,4,0.6666666666666666,0.33333333333333337,1.0833333333333333,0.019300422655551135,0.75,0.04712121212121212,2,0.5,0.695319375264767
7533,0,26,0,0,0,0,0.0,0.0,0.0,0.0,0.0,0.0,0,0.0,0.0
7534,0,6,0,0,0,0,0.0,0.0,0.0,0.0,0.0,0.0,0,0.0,0.0
7535,0,8,0,0,0,0,0.0,0.0,0.0,0.0,0.0,0.0,0,0.0,0.0
7536,0,1,0,0,0,0,0.0,0.0,0.0,0.0,0.0,0.0,0,0.0,0.0
7537,0,10,0,0,0,0,0.0,0.0,0.0,0.0,0.0,0.0,0,0.0,0.0
7538,0,1,0,0,0,0,0.0,0.0,0.0,0.0,0.0,0.0,0,0.0,0.0
7539,16,23,4,16,12,4,0.75,0.25,1.25,0.02573495543076755,1.25,0.012610229276895944,2,0.5,0.8914931890080744
7540,0,1,0,0,0,0,0.0,0.0,0.0,0.0,0.0,0.0,0,0.0,0.0
7541,0,1,0,0,0,0,0.0,0.0,0.0,0.0,0.0,0.0,0,0.0,0.0
7542,0,1,0,0,0,0,0.0,0.0,0.0,0.0,0.0,0.0,0,0.0,0.0
7543,0,1,0,0,0,0,0.0,0.0,0.0,0.0,0.0,0.0,0,0.0,0.0
7544,1,1,1,1,0,1,0.0,1.0,0.0,0.0,0.0,0.0,1,1.0,1.0
7545,0,7,0,0,0,0,0.0,0.0,0.0,0.0,0.0,0.0,0,0.0,0.0
7546,1,28,1,1,1,0,1.0,0.0,2.0,0.024096385542168676,1.0,0.023255813953488372,0,0.0,0.20584683246043445
7547,56,36,16,56,44,12,0.7857142857142857,0.2142857142857143,2.892857142857143,0.08795640612399257,3.125,0.07547835658046047,2,0.125,1.1196741010581104
7548,0,39,0,0,0,0,0.0,0.0,0.0,0.0,0.0,0.0,0,0.0,0.0
7549,5,11,1,5,0,5,0.0,1.0,0.0,0.0,0.0,0.0,1,1.0,0.7210570543488701
7550,0,2,0,0,0,0,0.0,0.0,0.0,0.0,0.0,0.0,0,0.0,0.0
7551,0,20,0,0,0,0,0.0,0.0,0.0,0.0,0.0,0.0,0,0.0,0.0
7552,20,29,6,20,13,7,0.65,0.35,1.3,0.01660836659000502,1.5,0.027074730450668213,1,0.16666666666666666,0.8951325360116482
7553,0,4,0,0,0,0,0.0,0.0,0.0,0.0,0.0,0.0,0,0.0,0.0
7554,5,34,1,5,2,3,0.4,0.6,2.2,0.023333333333333334,0.0,0.0,1,1.0,0.5039617607727125
7555,0,1,0,0,0,0,0.0,0.0,0.0,0.0,0.0,0.0,0,0.0,0.0
7556,0,39,0,0,0,0,0.0,0.0,0.0,0.0,0.0,0.0,0,0.0,0.0
7557,0,3,0,0,0,0,0.0,0.0,0.0,0.0,0.0,0.0,0,0.0,0.0
7558,0,7,0,0,0,0,0.0,0.0,0.0,0.0,0.0,0.0,0,0.0,0.0
7559,0,39,0,0,0,0,0.0,0.0,0.0,0.0,0.0,0.0,0,0.0,0.0
7560,0,1,0,0,0,0,0.0,0.0,0.0,0.0,0.0,0.0,0,0.0,0.0
7561,7,27,2,7,7,0,1.0,0.0,2.7142857142857144,0.04425825063351715,2.5,0.020638297872340425,0,0.0,0.6240437930295284
7562,7,38,1,7,3,4,0.42857142857142855,0.5714285714285714,1.0,0.012440023031156036,1.0,0.02631578947368421,0,0.0,0.56760107855061
7563,0,2,0,0,0,0,0.0,0.0,0.0,0.0,0.0,0.0,0,0.0,0.0
7564,17,1,4,17,1,16,0.058823529411764705,0.9411764705882353,0.058823529411764705,0.0011534025374855825,0.0,0.0,4,1.0,4.169925001442312
7565,0,6,0,0,0,0,0.0,0.0,0.0,0.0,0.0,0.0,0,0.0,0.0
7566,1,2,1,1,1,0,1.0,0.0,1.0,0.008620689655172414,1.0,0.008333333333333333,0,0.0,0.6309297535714574
7567,0,1,0,0,0,0,0.0,0.0,0.0,0.0,0.0,0.0,0,0.0,0.0
7568,0,31,0,0,0,0,0.0,0.0,0.0,0.0,0.0,0.0,0,0.0,0.0
7569,0,19,0,0,0,0,0.0,0.0,0.0,0.0,0.0,0.0,0,0.0,0.0
7570,0,3,0,0,0,0,0.0,0.0,0.0,0.0,0.0,0.0,0,0.0,0.0
7571,0,29,0,0,0,0,0.0,0.0,0.0,0.0,0.0,0.0,0,0.0,0.0
7572,2,4,1,2,0,2,0.0,1.0,0.0,0.0,1.0,0.013513513513513514,0,0.0,0.6826061944859854
7573,2,36,1,2,1,1,0.5,0.5,0.5,0.0125,5.0,0.18518518518518517,0,0.0,0.30424737289682985
7574,11,33,3,11,5,6,0.45454545454545453,0.5454545454545454,0.6363636363636364,0.009373823391863479,2.6666666666666665,0.018472355385107064,1,0.3333333333333333,0.704666080635212
7575,0,10,0,0,0,0,0.0,0.0,0.0,0.0,0.0,0.0,0,0.0,0.0
7576,3,32,1,3,3,0,1.0,0.0,2.0,0.06058554971598449,3.0,0.06818181818181818,0,0.0,0.39647972634112105
7577,0,17,0,0,0,0,0.0,0.0,0.0,0.0,0.0,0.0,0,0.0,0.0
7578,10,7,2,10,2,8,0.2,0.8,0.2,0.00718105423987777,0.5,0.003968253968253968,1,0.5,1.1531438728790993
7579,0,13,0,0,0,0,0.0,0.0,0.0,0.0,0.0,0.0,0,0.0,0.0
7580,2,33,1,2,0,2,0.0,1.0,0.0,0.0,0.0,0.0,1,1.0,0.31154281616956675
7581,0,6,0,0,0,0,0.0,0.0,0.0,0.0,0.0,0.0,0,0.0,0.0
7582,19,24,6,19,10,9,0.5263157894736842,0.4736842105263158,1.6842105263157894,0.016055750702523557,0.6666666666666666,0.01044358311800172,4,0.6666666666666666,0.9306765580733931
7583,0,1,0,0,0,0,0.0,0.0,0.0,0.0,0.0,0.0,0,0.0,0.0
7584,2,1,1,2,1,1,0.5,0.5,0.5,0.01,1.0,0.047619047619047616,0,0.0,1.5849625007211563
7585,0,5,0,0,0,0,0.0,0.0,0.0,0.0,0.0,0.0,0,0.0,0.0
7586,11,7,3,11,0,11,0.0,1.0,0.0,0.0,0.0,0.0,3,1.0,1.1949875002403856
7587,0,7,0,0,0,0,0.0,0.0,0.0,0.0,0.0,0.0,0,0.0,0.0
7588,0,0,0,0,0,0,0.0,0.0,0.0,0.0,0.0,0.0,0,0.0,0.0
7589,0,5,0,0,0,0,0.0,0.0,0.0,0.0,0.0,0.0,0,0.0,0.0
7590,19,37,6,19,15,4,0.7894736842105263,0.21052631578947367,1.9473684210526316,0.04878828823149299,3.8333333333333335,0.09491176650013339,0,0.0,0.8235495028877408
7591,0,13,0,0,0,0,0.0,0.0,0.0,0.0,0.0,0.0,0,0.0,0.0
7592,0,37,0,0,0,0,0.0,0.0,0.0,0.0,0.0,0.0,0,0.0,0.0
7593,1,38,1,1,1,0,1.0,0.0,2.0,0.045454545454545456,0.0,0.0,1,1.0,0.18920035951687003
7594,0,17,0,0,0,0,0.0,0.0,0.0,0.0,0.0,0.0,0,0.0,0.0
7595,16,4,4,16,1,15,0.0625,0.9375,0.0625,0.0011574074074074073,0.0,0.0,4,1.0,1.7603744277225881
7596,0,3,0,0,0,0,0.0,0.0,0.0,0.0,0.0,0.0,0,0.0,0.0
7597,5,38,1,5,2,3,0.4,0.6,0.4,0.03098106712564544,0.0,0.0,1,1.0,0.48907583447407016
7598,0,16,0,0,0,0,0.0,0.0,0.0,0.0,0.0,0.0,0,0.0,0.0
7599,45,36,12,45,10,35,0.2222222222222222,0.7777777777777778,0.8444444444444444,0.010828178350536137,0.08333333333333333,0.001937984496124031,11,0.9166666666666666,1.0602958829616358
7600,0,30,0,0,0,0,0.0,0.0,0.0,0.0,0.0,0.0,0,0.0,0.0
7601,0,34,0,0,0,0,0.0,0.0,0.0,0.0,0.0,0.0,0,0.0,0.0
7602,0,10,0,0,0,0,0.0,0.0,0.0,0.0,0.0,0.0,0,0.0,0.0
7603,0,35,0,0,0,0,0.0,0.0,0.0,0.0,0.0,0.0,0,0.0,0.0
7604,3,6,1,3,1,2,0.3333333333333333,0.6666666666666667,0.3333333333333333,0.0044444444444444444,0.0,0.0,1,1.0,0.7124143742160444
7605,0,1,0,0,0,0,0.0,0.0,0.0,0.0,0.0,0.0,0,0.0,0.0
7606,0,16,0,0,0,0,0.0,0.0,0.0,0.0,0.0,0.0,0,0.0,0.0
7607,6,38,1,6,5,1,0.8333333333333334,0.16666666666666663,1.8333333333333333,0.0196312009581714,2.0,0.14285714285714285,0,0.0,0.5311525605447533
7608,0,6,0,0,0,0,0.0,0.0,0.0,0.0,0.0,0.0,0,0.0,0.0
7609,0,19,0,0,0,0,0.0,0.0,0.0,0.0,0.0,0.0,0,0.0,0.0
7610,0,11,0,0,0,0,0.0,0.0,0.0,0.0,0.0,0.0,0,0.0,0.0
7611,2,2,1,2,0,2,0.0,1.0,0.0,0.0,0.0,0.0,1,1.0,1.0
7612,0,5,0,0,0,0,0.0,0.0,0.0,0.0,0.0,0.0,0,0.0,0.0
7613,0,1,0,0,0,0,0.0,0.0,0.0,0.0,0.0,0.0,0,0.0,0.0
7614,0,1,0,0,0,0,0.0,0.0,0.0,0.0,0.0,0.0,0,0.0,0.0
7615,0,7,0,0,0,0,0.0,0.0,0.0,0.0,0.0,0.0,0,0.0,0.0
7616,0,1,0,0,0,0,0.0,0.0,0.0,0.0,0.0,0.0,0,0.0,0.0
7617,0,22,0,0,0,0,0.0,0.0,0.0,0.0,0.0,0.0,0,0.0,0.0
7618,0,1,0,0,0,0,0.0,0.0,0.0,0.0,0.0,0.0,0,0.0,0.0
7619,3,1,1,3,0,3,0.0,1.0,0.0,0.0,0.0,0.0,1,1.0,2.0
7620,0,38,0,0,0,0,0.0,0.0,0.0,0.0,0.0,0.0,0,0.0,0.0
7621,3,36,1,3,2,1,0.6666666666666666,0.33333333333333337,1.3333333333333333,0.03843090402230187,3.0,0.022727272727272728,0,0.0,0.3839174400131203
7622,0,37,0,0,0,0,0.0,0.0,0.0,0.0,0.0,0.0,0,0.0,0.0
7623,35,5,10,35,8,27,0.22857142857142856,0.7714285714285715,0.2857142857142857,0.005415118894710732,0.1,0.0008333333333333333,9,0.9,2.0
7624,0,38,0,0,0,0,0.0,0.0,0.0,0.0,0.0,0.0,0,0.0,0.0
7625,0,6,0,0,0,0,0.0,0.0,0.0,0.0,0.0,0.0,0,0.0,0.0
7626,0,2,0,0,0,0,0.0,0.0,0.0,0.0,0.0,0.0,0,0.0,0.0
7627,0,1,0,0,0,0,0.0,0.0,0.0,0.0,0.0,0.0,0,0.0,0.0
7628,0,28,0,0,0,0,0.0,0.0,0.0,0.0,0.0,0.0,0,0.0,0.0
7629,0,1,0,0,0,0,0.0,0.0,0.0,0.0,0.0,0.0,0,0.0,0.0
7630,0,22,0,0,0,0,0.0,0.0,0.0,0.0,0.0,0.0,0,0.0,0.0
7631,1,2,1,1,0,1,0.0,1.0,0.0,0.0,0.0,0.0,1,1.0,0.6309297535714574
7632,0,3,0,0,0,0,0.0,0.0,0.0,0.0,0.0,0.0,0,0.0,0.0
7633,8,7,2,8,1,7,0.125,0.875,0.125,0.0008445945945945946,0.0,0.0,2,1.0,1.0566416671474377
7634,0,26,0,0,0,0,0.0,0.0,0.0,0.0,0.0,0.0,0,0.0,0.0
7635,0,2,0,0,0,0,0.0,0.0,0.0,0.0,0.0,0.0,0,0.0,0.0
7636,3,2,1,3,0,3,0.0,1.0,0.0,0.0,1.0,0.006666666666666667,0,0.0,1.2618595071429148
7637,0,39,0,0,0,0,0.0,0.0,0.0,0.0,0.0,0.0,0,0.0,0.0
7638,2,39,1,2,0,2,0.0,1.0,0.0,0.0,3.0,0.036585365853658534,0,0.0,0.2978173459810155
7639,12,35,4,12,10,2,0.8333333333333334,0.16666666666666663,2.5833333333333335,0.0357911425286934,1.0,0.007916666666666667,2,0.5,0.7157627464825387
7640,1,21,1,1,0,1,0.0,1.0,0.0,0.0,0.0,0.0,1,1.0,0.2242438242175754
7641,0,37,0,0,0,0,0.0,0.0,0.0,0.0,0.0,0.0,0,0.0,0.0
7642,31,37,9,31,18,13,0.5806451612903226,0.4193548387096774,0.8064516129032258,0.01706640860101863,0.2222222222222222,0.0042684528500131335,7,0.7777777777777778,0.952757062133867
7643,0,39,0,0,0,0,0.0,0.0,0.0,0.0,0.0,0.0,0,0.0,0.0
7644,45,28,13,45,16,29,0.35555555555555557,0.6444444444444444,0.4444444444444444,0.006902349374415959,1.3076923076923077,0.02618647306534405,5,0.38461538461538464,1.1370077325532975
7645,0,34,0,0,0,0,0.0,0.0,0.0,0.0,0.0,0.0,0,0.0,0.0
7646,0,37,0,0,0,0,0.0,0.0,0.0,0.0,0.0,0.0,0,0.0,0.0
7647,0,4,0,0,0,0,0.0,0.0,0.0,0.0,0.0,0.0,0,0.0,0.0
7648,0,38,0,0,0,0,0.0,0.0,0.0,0.0,0.0,0.0,0,0.0,0.0
7649,3,2,1,3,0,3,0.0,1.0,0.0,0.0,0.0,0.0,1,1.0,1.2618595071429148
7650,15,15,4,15,7,8,0.4666666666666667,0.5333333333333333,0.5333333333333333,0.011814029675847123,0.0,0.0,4,1.0,1.0
7651,28,39,8,28,20,8,0.7142857142857143,0.2857142857142857,2.0357142857142856,0.03236674610528474,1.5,0.027945366712736758,1,0.125,0.912823493386637
7652,47,37,14,47,9,38,0.19148936170212766,0.8085106382978724,0.3191489361702128,0.01100876035734882,0.6428571428571429,0.022316172013958104,8,0.5714285714285714,1.0642224928629809
7653,1,13,1,1,0,1,0.0,1.0,0.0,0.0,0.0,0.0,1,1.0,0.26264953503719357
7654,10,13,3,10,3,7,0.3,0.7,0.4,0.0046672914714151826,0.6666666666666666,0.005012531328320802,2,0.6666666666666666,0.9086181061280522
7655,3,39,1,3,1,2,0.3333333333333333,0.6666666666666667,0.3333333333333333,0.002777777777777778,0.0,0.0,1,1.0,0.37580364941821515
7656,11,37,3,11,9,2,0.8181818181818182,0.18181818181818177,1.2727272727272727,0.06406585735992228,1.6666666666666667,0.0348820379215516,1,0.3333333333333333,0.6831196680094339
7657,0,0,0,0,0,0,0.0,0.0,0.0,0.0,0.0,0.0,0,0.0,0.0
7658,0,7,0,0,0,0,0.0,0.0,0.0,0.0,0.0,0.0,0,0.0,0.0
7659,0,1,0,0,0,0,0.0,0.0,0.0,0.0,0.0,0.0,0,0.0,0.0
7660,0,16,0,0,0,0,0.0,0.0,0.0,0.0,0.0,0.0,0,0.0,0.0
7661,0,1,0,0,0,0,0.0,0.0,0.0,0.0,0.0,0.0,0,0.0,0.0
7662,0,9,0,0,0,0,0.0,0.0,0.0,0.0,0.0,0.0,0,0.0,0.0
7663,0,37,0,0,0,0,0.0,0.0,0.0,0.0,0.0,0.0,0,0.0,0.0
7664,0,4,0,0,0,0,0.0,0.0,0.0,0.0,0.0,0.0,0,0.0,0.0
7665,0,1,0,0,0,0,0.0,0.0,0.0,0.0,0.0,0.0,0,0.0,0.0
7666,0,1,0,0,0,0,0.0,0.0,0.0,0.0,0.0,0.0,0,0.0,0.0
7667,0,22,0,0,0,0,0.0,0.0,0.0,0.0,0.0,0.0,0,0.0,0.0
7668,0,3,0,0,0,0,0.0,0.0,0.0,0.0,0.0,0.0,0,0.0,0.0
7669,0,32,0,0,0,0,0.0,0.0,0.0,0.0,0.0,0.0,0,0.0,0.0
7670,6,39,1,6,5,1,0.8333333333333334,0.16666666666666663,1.3333333333333333,0.024866379957944884,1.0,0.023255813953488372,0,0.0,0.5275071124607182
7671,2,32,1,2,2,0,1.0,0.0,2.0,0.07606490872210953,4.0,0.11428571428571428,0,0.0,0.3142027492734315
7672,3,24,1,3,3,0,1.0,0.0,1.3333333333333333,0.03212682379349046,1.0,0.015873015873015872,0,0.0,0.43067655807339306
7673,0,8,0,0,0,0,0.0,0.0,0.0,0.0,0.0,0.0,0,0.0,0.0
7674,2,37,1,2,1,1,0.5,0.5,0.5,0.01020408163265306,1.0,0.02564102564102564,0,0.0,0.30201684315588717
7675,0,26,0,0,0,0,0.0,0.0,0.0,0.0,0.0,0.0,0,0.0,0.0
7676,0,1,0,0,0,0,0.0,0.0,0.0,0.0,0.0,0.0,0,0.0,0.0
7677,0,20,0,0,0,0,0.0,0.0,0.0,0.0,0.0,0.0,0,0.0,0.0
7678,0,12,0,0,0,0,0.0,0.0,0.0,0.0,0.0,0.0,0,0.0,0.0
7679,0,3,0,0,0,0,0.0,0.0,0.0,0.0,0.0,0.0,0,0.0,0.0
7680,2,38,1,2,2,0,1.0,0.0,2.5,0.03513198757763975,0.0,0.0,1,1.0,0.2998754749572002
7681,0,1,0,0,0,0,0.0,0.0,0.0,0.0,0.0,0.0,0,0.0,0.0
7682,0,6,0,0,0,0,0.0,0.0,0.0,0.0,0.0,0.0,0,0.0,0.0
7683,0,1,0,0,0,0,0.0,0.0,0.0,0.0,0.0,0.0,0,0.0,0.0
7684,0,1,0,0,0,0,0.0,0.0,0.0,0.0,0.0,0.0,0,0.0,0.0
7685,9,35,2,9,9,0,1.0,0.0,2.2222222222222223,0.08410783235790946,2.5,0.16269841269841268,0,0.0,0.6425486044692345
7686,0,37,0,0,0,0,0.0,0.0,0.0,0.0,0.0,0.0,0,0.0,0.0
7687,9,38,2,9,9,0,1.0,0.0,5.222222222222222,0.09499398579802554,2.0,0.017543859649122806,1,0.5,0.6285099898418802
7688,0,38,0,0,0,0,0.0,0.0,0.0,0.0,0.0,0.0,0,0.0,0.0
7689,0,15,0,0,0,0,0.0,0.0,0.0,0.0,0.0,0.0,0,0.0,0.0
7690,0,3,0,0,0,0,0.0,0.0,0.0,0.0,0.0,0.0,0,0.0,0.0
7691,14,5,4,14,3,11,0.21428571428571427,0.7857142857142857,0.2857142857142857,0.007062382062382062,0.0,0.0,4,1.0,1.5113915944693856
7692,0,39,0,0,0,0,0.0,0.0,0.0,0.0,0.0,0.0,0,0.0,0.0
7693,0,3,0,0,0,0,0.0,0.0,0.0,0.0,0.0,0.0,0,0.0,0.0
7694,0,39,0,0,0,0,0.0,0.0,0.0,0.0,0.0,0.0,0,0.0,0.0
7695,3,35,1,3,2,1,0.6666666666666666,0.33333333333333337,1.0,0.007222222222222223,2.0,0.04081632653061224,0,0.0,0.3868528072345416
7696,0,38,0,0,0,0,0.0,0.0,0.0,0.0,0.0,0.0,0,0.0,0.0
7697,0,32,0,0,0,0,0.0,0.0,0.0,0.0,0.0,0.0,0,0.0,0.0
7698,0,1,0,0,0,0,0.0,0.0,0.0,0.0,0.0,0.0,0,0.0,0.0
7699,2,6,1,2,0,2,0.0,1.0,0.0,0.0,1.0,0.058823529411764705,0,0.0,0.5645750340535797
7700,0,18,0,0,0,0,0.0,0.0,0.0,0.0,0.0,0.0,0,0.0,0.0
7701,2,12,1,2,1,1,0.5,0.5,0.5,0.05555555555555555,1.0,0.022727272727272728,0,0.0,0.42831734103139474
7702,0,1,0,0,0,0,0.0,0.0,0.0,0.0,0.0,0.0,0,0.0,0.0
7703,0,2,0,0,0,0,0.0,0.0,0.0,0.0,0.0,0.0,0,0.0,0.0
7704,1,14,1,1,0,1,0.0,1.0,0.0,0.0,0.0,0.0,1,1.0,0.2559580248098155
7705,0,12,0,0,0,0,0.0,0.0,0.0,0.0,0.0,0.0,0,0.0,0.0
7706,5,2,1,5,0,5,0.0,1.0,0.0,0.0,0.0,0.0,1,1.0,1.6309297535714573
7707,52,38,14,52,32,20,0.6153846153846154,0.3846153846153846,1.2884615384615385,0.0231656288172349,0.6428571428571429,0.015272216301274332,8,0.5714285714285714,1.0837246092873911
7708,7,38,1,7,7,0,1.0,0.0,3.0,0.0639985249518718,3.0,0.09375,0,0.0,0.56760107855061
7709,6,4,1,6,0,6,0.0,1.0,0.0,0.0,0.0,0.0,1,1.0,1.2090619551221675
7710,2,12,1,2,1,1,0.5,0.5,0.5,0.011627906976744186,3.0,0.022388059701492536,0,0.0,0.42831734103139474
7711,0,4,0,0,0,0,0.0,0.0,0.0,0.0,0.0,0.0,0,0.0,0.0
7712,13,34,4,13,7,6,0.5384615384615384,0.46153846153846156,1.2307692307692308,0.031836849870598954,1.25,0.038564213564213565,1,0.25,0.7422781916068435
7713,0,1,0,0,0,0,0.0,0.0,0.0,0.0,0.0,0.0,0,0.0,0.0
7714,0,5,0,0,0,0,0.0,0.0,0.0,0.0,0.0,0.0,0,0.0,0.0
7715,0,32,0,0,0,0,0.0,0.0,0.0,0.0,0.0,0.0,0,0.0,0.0
7716,11,39,3,11,6,5,0.5454545454545454,0.4545454545454546,0.5454545454545454,0.008885172556992926,0.6666666666666666,0.013071895424836602,2,0.6666666666666666,0.6736209953992307
7717,0,2,0,0,0,0,0.0,0.0,0.0,0.0,0.0,0.0,0,0.0,0.0
7718,5,3,1,5,0,5,0.0,1.0,0.0,0.0,0.0,0.0,1,1.0,1.292481250360578
7719,16,1,4,16,0,16,0.0,1.0,0.0,0.0,0.0,0.0,4,1.0,4.08746284125034
7720,0,1,0,0,0,0,0.0,0.0,0.0,0.0,0.0,0.0,0,0.0,0.0
7721,0,1,0,0,0,0,0.0,0.0,0.0,0.0,0.0,0.0,0,0.0,0.0
7722,10,25,2,10,9,1,0.9,0.09999999999999998,3.5,0.03065026191098085,1.5,0.02054794520547945,1,0.5,0.7359804244028082
7723,0,22,0,0,0,0,0.0,0.0,0.0,0.0,0.0,0.0,0,0.0,0.0
7724,1,8,1,1,1,0,1.0,0.0,1.0,0.012195121951219513,0.0,0.0,1,1.0,0.3154648767857287
7725,0,2,0,0,0,0,0.0,0.0,0.0,0.0,0.0,0.0,0,0.0,0.0
7726,0,32,0,0,0,0,0.0,0.0,0.0,0.0,0.0,0.0,0,0.0,0.0
7727,0,2,0,0,0,0,0.0,0.0,0.0,0.0,0.0,0.0,0,0.0,0.0
7728,0,34,0,0,0,0,0.0,0.0,0.0,0.0,0.0,0.0,0,0.0,0.0
7729,0,11,0,0,0,0,0.0,0.0,0.0,0.0,0.0,0.0,0,0.0,0.0
7730,0,1,0,0,0,0,0.0,0.0,0.0,0.0,0.0,0.0,0,0.0,0.0
7731,0,2,0,0,0,0,0.0,0.0,0.0,0.0,0.0,0.0,0,0.0,0.0
7732,12,2,4,12,0,12,0.0,1.0,0.0,0.0,0.75,0.006089648837553055,1,0.25,2.3347175194727927
7733,0,12,0,0,0,0,0.0,0.0,0.0,0.0,0.0,0.0,0,0.0,0.0
7734,2,1,1,2,0,2,0.0,1.0,0.0,0.0,0.0,0.0,1,1.0,1.5849625007211563
7735,34,17,10,34,18,16,0.5294117647058824,0.47058823529411764,0.7941176470588235,0.01976692120708919,0.6,0.008993212669683257,7,0.7,1.2300660120195992
7736,0,29,0,0,0,0,0.0,0.0,0.0,0.0,0.0,0.0,0,0.0,0.0
7737,8,39,2,8,5,3,0.625,0.375,0.875,0.010583000248653744,4.0,0.029743589743589746,0,0.0,0.595634691962031
7738,1,2,1,1,0,1,0.0,1.0,0.0,0.0,0.0,0.0,1,1.0,0.6309297535714574
7739,0,5,0,0,0,0,0.0,0.0,0.0,0.0,0.0,0.0,0,0.0,0.0
7740,1,19,1,1,1,0,1.0,0.0,3.0,0.075,0.0,0.0,1,1.0,0.23137821315975918
7741,56,38,16,56,21,35,0.375,0.625,0.7321428571428571,0.01461393009940142,1.8125,0.01695735560599194,8,0.5,1.1035848877023304
7742,3,7,1,3,2,1,0.6666666666666666,0.33333333333333337,1.0,0.027359781121751026,0.0,0.0,1,1.0,0.6666666666666667
7743,0,5,0,0,0,0,0.0,0.0,0.0,0.0,0.0,0.0,0,0.0,0.0
7744,0,32,0,0,0,0,0.0,0.0,0.0,0.0,0.0,0.0,0,0.0,0.0
7745,0,7,0,0,0,0,0.0,0.0,0.0,0.0,0.0,0.0,0,0.0,0.0
7746,13,37,4,13,6,7,0.46153846153846156,0.5384615384615384,1.3076923076923077,0.018062540990691843,0.25,0.005813953488372093,3,0.75,0.7254968580081042
7747,0,2,0,0,0,0,0.0,0.0,0.0,0.0,0.0,0.0,0,0.0,0.0
7748,0,1,0,0,0,0,0.0,0.0,0.0,0.0,0.0,0.0,0,0.0,0.0
7749,0,17,0,0,0,0,0.0,0.0,0.0,0.0,0.0,0.0,0,0.0,0.0
7750,0,8,0,0,0,0,0.0,0.0,0.0,0.0,0.0,0.0,0,0.0,0.0
7751,0,6,0,0,0,0,0.0,0.0,0.0,0.0,0.0,0.0,0,0.0,0.0
7752,0,37,0,0,0,0,0.0,0.0,0.0,0.0,0.0,0.0,0,0.0,0.0
7753,2,39,1,2,2,0,1.0,0.0,1.5,0.027777777777777776,0.0,0.0,1,1.0,0.2978173459810155
7754,8,33,2,8,2,6,0.25,0.75,0.375,0.0034131205673758862,0.0,0.0,2,1.0,0.6230856323391335
7755,0,39,0,0,0,0,0.0,0.0,0.0,0.0,0.0,0.0,0,0.0,0.0
7756,43,38,12,43,30,13,0.6976744186046512,0.3023255813953488,1.4883720930232558,0.03497121491761091,2.0,0.05096107784924412,4,0.3333333333333333,1.0329264250039443
7757,0,1,0,0,0,0,0.0,0.0,0.0,0.0,0.0,0.0,0,0.0,0.0
7758,10,12,2,10,6,4,0.6,0.4,1.7,0.06590812172901725,0.5,0.038461538461538464,1,0.5,0.9348704159880586
7759,0,18,0,0,0,0,0.0,0.0,0.0,0.0,0.0,0.0,0,0.0,0.0
7760,0,30,0,0,0,0,0.0,0.0,0.0,0.0,0.0,0.0,0,0.0,0.0
7761,0,16,0,0,0,0,0.0,0.0,0.0,0.0,0.0,0.0,0,0.0,0.0
7762,0,4,0,0,0,0,0.0,0.0,0.0,0.0,0.0,0.0,0,0.0,0.0
7763,0,1,0,0,0,0,0.0,0.0,0.0,0.0,0.0,0.0,0,0.0,0.0
7764,0,5,0,0,0,0,0.0,0.0,0.0,0.0,0.0,0.0,0,0.0,0.0
7765,0,9,0,0,0,0,0.0,0.0,0.0,0.0,0.0,0.0,0,0.0,0.0
7766,3,39,1,3,1,2,0.3333333333333333,0.6666666666666667,0.3333333333333333,0.022222222222222223,4.0,0.08,0,0.0,0.37580364941821515
7767,0,38,0,0,0,0,0.0,0.0,0.0,0.0,0.0,0.0,0,0.0,0.0
7768,1,2,1,1,0,1,0.0,1.0,0.0,0.0,0.0,0.0,1,1.0,0.6309297535714574
7769,2,37,1,2,2,0,1.0,0.0,7.0,0.07697934595524958,1.0,0.07142857142857142,0,0.0,0.30201684315588717
7770,0,12,0,0,0,0,0.0,0.0,0.0,0.0,0.0,0.0,0,0.0,0.0
7771,0,1,0,0,0,0,0.0,0.0,0.0,0.0,0.0,0.0,0,0.0,0.0
7772,0,4,0,0,0,0,0.0,0.0,0.0,0.0,0.0,0.0,0,0.0,0.0
7773,0,1,0,0,0,0,0.0,0.0,0.0,0.0,0.0,0.0,0,0.0,0.0
7774,9,2,2,9,1,8,0.1111111111111111,0.8888888888888888,0.1111111111111111,0.0027100271002710027,0.0,0.0,2,1.0,2.095903274289385
7775,0,4,0,0,0,0,0.0,0.0,0.0,0.0,0.0,0.0,0,0.0,0.0
7776,0,5,0,0,0,0,0.0,0.0,0.0,0.0,0.0,0.0,0,0.0,0.0
7777,0,11,0,0,0,0,0.0,0.0,0.0,0.0,0.0,0.0,0,0.0,0.0
7778,10,2,2,10,0,10,0.0,1.0,0.0,0.0,0.0,0.0,2,1.0,2.182658338644138
7779,0,39,0,0,0,0,0.0,0.0,0.0,0.0,0.0,0.0,0,0.0,0.0
7780,2,37,1,2,1,1,0.5,0.5,0.5,0.011363636363636364,0.0,0.0,1,1.0,0.30201684315588717
7781,6,19,1,6,4,2,0.6666666666666666,0.33333333333333337,1.8333333333333333,0.03273208273208273,1.0,0.030303030303030304,0,0.0,0.6495607655709434
7782,3,2,1,3,0,3,0.0,1.0,0.0,0.0,0.0,0.0,1,1.0,1.2618595071429148
7783,0,34,0,0,0,0,0.0,0.0,0.0,0.0,0.0,0.0,0,0.0,0.0
7784,0,39,0,0,0,0,0.0,0.0,0.0,0.0,0.0,0.0,0,0.0,0.0
7785,16,36,4,16,11,5,0.6875,0.3125,1.4375,0.016779085335917696,1.75,0.018369199974639747,1,0.25,0.7846241350807928
7786,17,38,5,17,12,5,0.7058823529411765,0.2941176470588235,2.5294117647058822,0.03940062645174331,1.0,0.020303145130731337,2,0.4,0.7889513094312703
7787,0,1,0,0,0,0,0.0,0.0,0.0,0.0,0.0,0.0,0,0.0,0.0
7788,0,1,0,0,0,0,0.0,0.0,0.0,0.0,0.0,0.0,0,0.0,0.0
7789,0,7,0,0,0,0,0.0,0.0,0.0,0.0,0.0,0.0,0,0.0,0.0
7790,1,10,1,1,1,0,1.0,0.0,1.0,0.019230769230769232,2.0,0.044444444444444446,0,0.0,0.2890648263178878
7791,0,1,0,0,0,0,0.0,0.0,0.0,0.0,0.0,0.0,0,0.0,0.0
7792,0,10,0,0,0,0,0.0,0.0,0.0,0.0,0.0,0.0,0,0.0,0.0
7793,7,11,1,7,4,3,0.5714285714285714,0.4285714285714286,0.7142857142857143,0.011709730415738636,0.0,0.0,1,1.0,0.8368288369533894
7794,0,1,0,0,0,0,0.0,0.0,0.0,0.0,0.0,0.0,0,0.0,0.0
7795,4,38,1,4,1,3,0.25,0.75,0.5,0.005813953488372093,1.0,0.012048192771084338,0,0.0,0.4393096303250101
7796,3,15,1,3,2,1,0.6666666666666666,0.33333333333333337,0.6666666666666666,0.009444444444444445,2.0,0.06451612903225806,0,0.0,0.5
7797,0,1,0,0,0,0,0.0,0.0,0.0,0.0,0.0,0.0,0,0.0,0.0
7798,8,37,2,8,3,5,0.375,0.625,1.125,0.009859874279727607,2.0,0.013422818791946308,1,0.5,0.6040336863117743
7799,0,38,0,0,0,0,0.0,0.0,0.0,0.0,0.0,0.0,0,0.0,0.0
7800,0,3,0,0,0,0,0.0,0.0,0.0,0.0,0.0,0.0,0,0.0,0.0
7801,0,20,0,0,0,0,0.0,0.0,0.0,0.0,0.0,0.0,0,0.0,0.0
7802,0,39,0,0,0,0,0.0,0.0,0.0,0.0,0.0,0.0,0,0.0,0.0
7803,0,33,0,0,0,0,0.0,0.0,0.0,0.0,0.0,0.0,0,0.0,0.0
7804,0,1,0,0,0,0,0.0,0.0,0.0,0.0,0.0,0.0,0,0.0,0.0
7805,0,2,0,0,0,0,0.0,0.0,0.0,0.0,0.0,0.0,0,0.0,0.0
7806,0,2,0,0,0,0,0.0,0.0,0.0,0.0,0.0,0.0,0,0.0,0.0
7807,6,1,1,6,0,6,0.0,1.0,0.0,0.0,0.0,0.0,1,1.0,2.807354922057604
7808,3,39,1,3,2,1,0.6666666666666666,0.33333333333333337,0.6666666666666666,0.010927960927960929,1.0,0.045454545454545456,0,0.0,0.37580364941821515
7809,0,14,0,0,0,0,0.0,0.0,0.0,0.0,0.0,0.0,0,0.0,0.0
7810,8,32,2,8,3,5,0.375,0.625,0.375,0.0043810386473429955,2.0,0.04081632653061224,1,0.5,0.628405498546863
7811,0,5,0,0,0,0,0.0,0.0,0.0,0.0,0.0,0.0,0,0.0,0.0
7812,0,35,0,0,0,0,0.0,0.0,0.0,0.0,0.0,0.0,0,0.0,0.0
7813,0,33,0,0,0,0,0.0,0.0,0.0,0.0,0.0,0.0,0,0.0,0.0
7814,0,25,0,0,0,0,0.0,0.0,0.0,0.0,0.0,0.0,0,0.0,0.0
7815,10,38,2,10,3,7,0.3,0.7,0.5,0.008424362793776894,0.5,0.004166666666666667,1,0.5,0.6545257059702043
7816,0,37,0,0,0,0,0.0,0.0,0.0,0.0,0.0,0.0,0,0.0,0.0
7817,0,22,0,0,0,0,0.0,0.0,0.0,0.0,0.0,0.0,0,0.0,0.0
7818,3,37,1,3,2,1,0.6666666666666666,0.33333333333333337,7.333333333333333,0.0802675585284281,0.0,0.0,1,1.0,0.3811028248535468
7819,14,5,4,14,2,12,0.14285714285714285,0.8571428571428572,0.14285714285714285,0.00095557686161713,0.0,0.0,4,1.0,1.5113915944693856
7820,1,36,1,1,1,0,1.0,0.0,2.0,0.02564102564102564,0.0,0.0,1,1.0,0.19195872000656014
7821,0,1,0,0,0,0,0.0,0.0,0.0,0.0,0.0,0.0,0,0.0,0.0
7822,31,4,8,31,5,26,0.16129032258064516,0.8387096774193549,0.16129032258064516,0.0034168428024310546,0.375,0.009310344827586206,6,0.75,2.1533827903669653
7823,0,4,0,0,0,0,0.0,0.0,0.0,0.0,0.0,0.0,0,0.0,0.0
7824,0,1,0,0,0,0,0.0,0.0,0.0,0.0,0.0,0.0,0,0.0,0.0
7825,19,39,6,19,13,6,0.6842105263157895,0.3157894736842105,1.736842105263158,0.036150280563906956,2.3333333333333335,0.06180305646492984,0,0.0,0.8120981752908923
7826,0,39,0,0,0,0,0.0,0.0,0.0,0.0,0.0,0.0,0,0.0,0.0
7827,0,1,0,0,0,0,0.0,0.0,0.0,0.0,0.0,0.0,0,0.0,0.0
7828,0,31,0,0,0,0,0.0,0.0,0.0,0.0,0.0,0.0,0,0.0,0.0
7829,0,2,0,0,0,0,0.0,0.0,0.0,0.0,0.0,0.0,0,0.0,0.0
7830,5,8,1,5,2,3,0.4,0.6,0.6,0.01495457721872816,0.0,0.0,1,1.0,0.8154648767857287
7831,0,6,0,0,0,0,0.0,0.0,0.0,0.0,0.0,0.0,0,0.0,0.0
7832,2,10,1,2,1,1,0.5,0.5,1.0,0.014705882352941176,0.0,0.0,1,1.0,0.45815690999132624
7833,0,1,0,0,0,0,0.0,0.0,0.0,0.0,0.0,0.0,0,0.0,0.0
7834,18,2,5,18,0,18,0.0,1.0,0.0,0.0,0.0,0.0,5,1.0,2.680143859246375
7835,0,3,0,0,0,0,0.0,0.0,0.0,0.0,0.0,0.0,0,0.0,0.0
7836,0,15,0,0,0,0,0.0,0.0,0.0,0.0,0.0,0.0,0,0.0,0.0
7837,0,3,0,0,0,0,0.0,0.0,0.0,0.0,0.0,0.0,0,0.0,0.0
7838,0,34,0,0,0,0,0.0,0.0,0.0,0.0,0.0,0.0,0,0.0,0.0
7839,0,4,0,0,0,0,0.0,0.0,0.0,0.0,0.0,0.0,0,0.0,0.0
7840,0,2,0,0,0,0,0.0,0.0,0.0,0.0,0.0,0.0,0,0.0,0.0
7841,0,7,0,0,0,0,0.0,0.0,0.0,0.0,0.0,0.0,0,0.0,0.0
7842,0,1,0,0,0,0,0.0,0.0,0.0,0.0,0.0,0.0,0,0.0,0.0
7843,16,16,4,16,7,9,0.4375,0.5625,0.625,0.008168652642993341,0.75,0.020833333333333332,3,0.75,1.0
7844,7,31,1,7,4,3,0.5714285714285714,0.4285714285714286,0.7142857142857143,0.008278388278388279,0.0,0.0,1,1.0,0.6
7845,40,38,12,40,14,26,0.35,0.65,0.675,0.007748376162479091,1.25,0.020347642579583308,4,0.3333333333333333,1.0136507654040692
7846,0,2,0,0,0,0,0.0,0.0,0.0,0.0,0.0,0.0,0,0.0,0.0
7847,0,1,0,0,0,0,0.0,0.0,0.0,0.0,0.0,0.0,0,0.0,0.0
7848,0,10,0,0,0,0,0.0,0.0,0.0,0.0,0.0,0.0,0,0.0,0.0
7849,0,33,0,0,0,0,0.0,0.0,0.0,0.0,0.0,0.0,0,0.0,0.0
7850,0,36,0,0,0,0,0.0,0.0,0.0,0.0,0.0,0.0,0,0.0,0.0
7851,24,21,7,24,14,10,0.5833333333333334,0.41666666666666663,0.7083333333333334,0.030767421363857433,1.1428571428571428,0.017066736781306976,4,0.5714285714285714,1.0413560711115428
7852,0,37,0,0,0,0,0.0,0.0,0.0,0.0,0.0,0.0,0,0.0,0.0
7853,0,1,0,0,0,0,0.0,0.0,0.0,0.0,0.0,0.0,0,0.0,0.0
7854,1,39,1,1,0,1,0.0,1.0,0.0,0.0,1.0,0.008771929824561403,0,0.0,0.18790182470910757
7855,4,1,1,4,0,4,0.0,1.0,0.0,0.0,0.0,0.0,1,1.0,2.321928094887362
7856,6,36,1,6,6,0,1.0,0.0,4.0,0.055072807816964116,4.0,0.11764705882352941,0,0.0,0.5388962574422941
7857,10,38,3,10,6,4,0.6,0.4,1.1,0.017848792336614384,1.0,0.017263328910871668,0,0.0,0.6545257059702043
7858,45,1,12,45,2,43,0.044444444444444446,0.9555555555555556,0.044444444444444446,0.0005526226420919392,0.08333333333333333,0.0013020833333333333,11,0.9166666666666666,5.523561956057013
7859,3,34,1,3,0,3,0.0,1.0,0.0,0.0,0.0,0.0,1,1.0,0.3899180437875726
7860,0,2,0,0,0,0,0.0,0.0,0.0,0.0,0.0,0.0,0,0.0,0.0
7861,0,5,0,0,0,0,0.0,0.0,0.0,0.0,0.0,0.0,0,0.0,0.0
7862,0,6,0,0,0,0,0.0,0.0,0.0,0.0,0.0,0.0,0,0.0,0.0
7863,0,39,0,0,0,0,0.0,0.0,0.0,0.0,0.0,0.0,0,0.0,0.0
7864,0,1,0,0,0,0,0.0,0.0,0.0,0.0,0.0,0.0,0,0.0,0.0
7865,6,13,1,6,2,4,0.3333333333333333,0.6666666666666667,0.3333333333333333,0.006012721129000198,0.0,0.0,1,1.0,0.7373504649628064
7866,2,38,1,2,1,1,0.5,0.5,2.5,0.056818181818181816,1.0,0.03225806451612903,0,0.0,0.2998754749572002
7867,5,3,1,5,1,4,0.2,0.8,0.2,0.0064516129032258064,1.0,0.01282051282051282,0,0.0,1.292481250360578
7868,2,33,1,2,0,2,0.0,1.0,0.0,0.0,1.0,0.023255813953488372,0,0.0,0.31154281616956675
7869,0,2,0,0,0,0,0.0,0.0,0.0,0.0,0.0,0.0,0,0.0,0.0
7870,14,2,4,14,2,12,0.14285714285714285,0.8571428571428572,0.14285714285714285,0.008348794063079777,0.25,0.005,3,0.75,2.464973520717927
7871,70,34,20,70,52,18,0.7428571428571429,0.2571428571428571,1.5142857142857142,0.039565730755448454,2.4,0.05498778363261249,1,0.05,1.1989486833127627
7872,10,25,3,10,9,1,0.9,0.09999999999999998,2.5,0.04830949413265005,0.3333333333333333,0.00980392156862745,2,0.6666666666666666,0.7359804244028082
7873,0,1,0,0,0,0,0.0,0.0,0.0,0.0,0.0,0.0,0,0.0,0.0
7874,2,38,1,2,2,0,1.0,0.0,3.5,0.07107843137254902,2.0,0.02127659574468085,0,0.0,0.2998754749572002
7875,11,21,3,11,6,5,0.5454545454545454,0.4545454545454546,1.1818181818181819,0.013150330695966274,1.6666666666666667,0.0284966784966785,0,0.0,0.8039057008383146
7876,0,1,0,0,0,0,0.0,0.0,0.0,0.0,0.0,0.0,0,0.0,0.0
7877,0,3,0,0,0,0,0.0,0.0,0.0,0.0,0.0,0.0,0,0.0,0.0
7878,7,38,2,7,1,6,0.14285714285714285,0.8571428571428572,0.2857142857142857,0.002976190476190476,0.0,0.0,2,1.0,0.56760107855061
7879,22,39,6,22,5,17,0.22727272727272727,0.7727272727272727,0.45454545454545453,0.004920227887393202,0.3333333333333333,0.003598673300165837,4,0.6666666666666666,0.8499855457278126
7880,0,2,0,0,0,0,0.0,0.0,0.0,0.0,0.0,0.0,0,0.0,0.0
7881,9,36,2,9,8,1,0.8888888888888888,0.11111111111111116,4.111111111111111,0.058103966539601655,2.0,0.014285714285714285,0,0.0,0.637673065048409
7882,9,7,2,9,0,9,0.0,1.0,0.0,0.0,0.0,0.0,2,1.0,1.1073093649624544
7883,1,38,1,1,1,0,1.0,0.0,3.0,0.03896103896103896,3.0,0.08108108108108109,0,0.0,0.18920035951687003
7884,70,30,20,70,31,39,0.44285714285714284,0.5571428571428572,0.6571428571428571,0.010564864634136448,1.05,0.018872488823123736,7,0.35,1.2413208387829198
7885,0,1,0,0,0,0,0.0,0.0,0.0,0.0,0.0,0.0,0,0.0,0.0
7886,0,2,0,0,0,0,0.0,0.0,0.0,0.0,0.0,0.0,0,0.0,0.0
7887,0,34,0,0,0,0,0.0,0.0,0.0,0.0,0.0,0.0,0,0.0,0.0
7888,0,1,0,0,0,0,0.0,0.0,0.0,0.0,0.0,0.0,0,0.0,0.0
7889,0,35,0,0,0,0,0.0,0.0,0.0,0.0,0.0,0.0,0,0.0,0.0
7890,0,1,0,0,0,0,0.0,0.0,0.0,0.0,0.0,0.0,0,0.0,0.0
7891,0,37,0,0,0,0,0.0,0.0,0.0,0.0,0.0,0.0,0,0.0,0.0
7892,3,23,1,3,2,1,0.6666666666666666,0.33333333333333337,0.6666666666666666,0.0044444444444444444,2.0,0.034482758620689655,0,0.0,0.4362085839710631
7893,2,21,1,2,2,0,1.0,0.0,2.0,0.05333951762523191,0.0,0.0,1,1.0,0.35541805240316376
7894,0,37,0,0,0,0,0.0,0.0,0.0,0.0,0.0,0.0,0,0.0,0.0
7895,0,36,0,0,0,0,0.0,0.0,0.0,0.0,0.0,0.0,0,0.0,0.0
7896,19,20,6,19,4,15,0.21052631578947367,0.7894736842105263,0.3684210526315789,0.013342566943674977,0.16666666666666666,0.0023148148148148147,5,0.8333333333333334,0.983974444213354
7897,10,5,2,10,2,8,0.2,0.8,0.2,0.002761904761904762,0.5,0.010638297872340425,1,0.5,1.3382908331057726
7898,0,24,0,0,0,0,0.0,0.0,0.0,0.0,0.0,0.0,0,0.0,0.0
7899,0,6,0,0,0,0,0.0,0.0,0.0,0.0,0.0,0.0,0,0.0,0.0
7900,28,39,8,28,1,27,0.03571428571428571,0.9642857142857143,0.03571428571428571,0.0015527950310559005,0.0,0.0,8,1.0,0.912823493386637
7901,0,39,0,0,0,0,0.0,0.0,0.0,0.0,0.0,0.0,0,0.0,0.0
7902,4,37,1,4,3,1,0.75,0.25,3.75,0.052650925445424664,10.0,0.06666666666666667,0,0.0,0.44244667803419396
7903,0,1,0,0,0,0,0.0,0.0,0.0,0.0,0.0,0.0,0,0.0,0.0
7904,59,14,16,59,12,47,0.2033898305084746,0.7966101694915254,0.2033898305084746,0.0036190707785612626,0.1875,0.004188754259750094,14,0.875,1.5119160496196309
7905,4,38,1,4,4,0,1.0,0.0,2.25,0.027981235706342644,0.0,0.0,1,1.0,0.4393096303250101
7906,0,4,0,0,0,0,0.0,0.0,0.0,0.0,0.0,0.0,0,0.0,0.0
7907,7,7,1,7,4,3,0.5714285714285714,0.4285714285714286,0.5714285714285714,0.007773717761015315,0.0,0.0,1,1.0,1.0
7908,2,14,1,2,1,1,0.5,0.5,0.5,0.011627906976744186,0.0,0.0,1,1.0,0.40568387108221293
7909,0,39,0,0,0,0,0.0,0.0,0.0,0.0,0.0,0.0,0,0.0,0.0
7910,0,37,0,0,0,0,0.0,0.0,0.0,0.0,0.0,0.0,0,0.0,0.0
7911,0,1,0,0,0,0,0.0,0.0,0.0,0.0,0.0,0.0,0,0.0,0.0
7912,0,15,0,0,0,0,0.0,0.0,0.0,0.0,0.0,0.0,0,0.0,0.0
7913,0,2,0,0,0,0,0.0,0.0,0.0,0.0,0.0,0.0,0,0.0,0.0
7914,3,21,1,3,2,1,0.6666666666666666,0.33333333333333337,2.0,0.01611111111111111,1.0,0.017543859649122806,0,0.0,0.4484876484351508
7915,0,6,0,0,0,0,0.0,0.0,0.0,0.0,0.0,0.0,0,0.0,0.0
7916,0,1,0,0,0,0,0.0,0.0,0.0,0.0,0.0,0.0,0,0.0,0.0
7917,0,0,0,0,0,0,0.0,0.0,0.0,0.0,0.0,0.0,0,0.0,0.0
7918,13,9,4,13,7,6,0.5384615384615384,0.46153846153846156,0.5384615384615384,0.006799390908325451,0.0,0.0,4,1.0,1.1461280356782377
7919,0,31,0,0,0,0,0.0,0.0,0.0,0.0,0.0,0.0,0,0.0,0.0
7920,0,37,0,0,0,0,0.0,0.0,0.0,0.0,0.0,0.0,0,0.0,0.0
7921,0,25,0,0,0,0,0.0,0.0,0.0,0.0,0.0,0.0,0,0.0,0.0
7922,0,6,0,0,0,0,0.0,0.0,0.0,0.0,0.0,0.0,0,0.0,0.0
7923,4,17,1,4,0,4,0.0,1.0,0.0,0.0,1.0,0.008333333333333333,0,0.0,0.5568273036287807
7924,0,18,0,0,0,0,0.0,0.0,0.0,0.0,0.0,0.0,0,0.0,0.0
7925,13,34,4,13,4,9,0.3076923076923077,0.6923076923076923,0.46153846153846156,0.006236290749565086,1.0,0.030677655677655676,1,0.25,0.7422781916068435
7926,12,2,4,12,0,12,0.0,1.0,0.0,0.0,0.25,0.0017857142857142857,3,0.75,2.3347175194727927
7927,0,34,0,0,0,0,0.0,0.0,0.0,0.0,0.0,0.0,0,0.0,0.0
7928,20,35,6,20,16,4,0.8,0.19999999999999996,2.15,0.034967600895560974,1.1666666666666667,0.02169475870827442,1,0.16666666666666666,0.8495901626335751
7929,0,35,0,0,0,0,0.0,0.0,0.0,0.0,0.0,0.0,0,0.0,0.0
7930,0,31,0,0,0,0,0.0,0.0,0.0,0.0,0.0,0.0,0,0.0,0.0
7931,0,1,0,0,0,0,0.0,0.0,0.0,0.0,0.0,0.0,0,0.0,0.0
7932,0,39,0,0,0,0,0.0,0.0,0.0,0.0,0.0,0.0,0,0.0,0.0
7933,0,13,0,0,0,0,0.0,0.0,0.0,0.0,0.0,0.0,0,0.0,0.0
7934,3,35,1,3,1,2,0.3333333333333333,0.6666666666666667,1.0,0.013513513513513514,2.0,0.03571428571428571,0,0.0,0.3868528072345416
7935,25,32,7,25,18,7,0.72,0.28,2.08,0.02784591963248987,0.7142857142857143,0.011482426303854876,3,0.42857142857142855,0.9318145265657582
7936,0,1,0,0,0,0,0.0,0.0,0.0,0.0,0.0,0.0,0,0.0,0.0
7937,47,37,13,47,33,14,0.7021276595744681,0.2978723404255319,1.574468085106383,0.024286011362253675,2.3846153846153846,0.04358842358842359,3,0.23076923076923078,1.0642224928629809
7938,28,38,8,28,11,17,0.39285714285714285,0.6071428571428572,0.75,0.010101156850768843,0.5,0.006122448979591836,6,0.75,0.9191317508042588
7939,2,16,1,2,1,1,0.5,0.5,0.5,0.003401360544217687,2.0,0.01694915254237288,0,0.0,0.3877619350384901
7940,3,3,1,3,0,3,0.0,1.0,0.0,0.0,0.0,0.0,1,1.0,1.0
7941,1,35,1,1,0,1,0.0,1.0,0.0,0.0,3.0,0.030927835051546393,0,0.0,0.1934264036172708
7942,0,2,0,0,0,0,0.0,0.0,0.0,0.0,0.0,0.0,0,0.0,0.0
7943,2,37,1,2,2,0,1.0,0.0,6.0,0.07353865493400377,3.0,0.16666666666666666,0,0.0,0.30201684315588717
7944,3,36,1,3,3,0,1.0,0.0,5.0,0.059399917158537846,5.0,0.03333333333333333,0,0.0,0.3839174400131203
7945,0,32,0,0,0,0,0.0,0.0,0.0,0.0,0.0,0.0,0,0.0,0.0
7946,0,39,0,0,0,0,0.0,0.0,0.0,0.0,0.0,0.0,0,0.0,0.0
7947,0,12,0,0,0,0,0.0,0.0,0.0,0.0,0.0,0.0,0,0.0,0.0
7948,0,2,0,0,0,0,0.0,0.0,0.0,0.0,0.0,0.0,0,0.0,0.0
7949,0,8,0,0,0,0,0.0,0.0,0.0,0.0,0.0,0.0,0,0.0,0.0
7950,0,31,0,0,0,0,0.0,0.0,0.0,0.0,0.0,0.0,0,0.0,0.0
7951,0,38,0,0,0,0,0.0,0.0,0.0,0.0,0.0,0.0,0,0.0,0.0
7952,2,33,1,2,1,1,0.5,0.5,0.5,0.004166666666666667,8.0,0.1038961038961039,0,0.0,0.31154281616956675
7953,1,3,1,1,0,1,0.0,1.0,0.0,0.0,1.0,0.0136986301369863,0,0.0,0.5
7954,0,12,0,0,0,0,0.0,0.0,0.0,0.0,0.0,0.0,0,0.0,0.0
7955,0,14,0,0,0,0,0.0,0.0,0.0,0.0,0.0,0.0,0,0.0,0.0
7956,0,39,0,0,0,0,0.0,0.0,0.0,0.0,0.0,0.0,0,0.0,0.0
7957,0,1,0,0,0,0,0.0,0.0,0.0,0.0,0.0,0.0,0,0.0,0.0
7958,0,1,0,0,0,0,0.0,0.0,0.0,0.0,0.0,0.0,0,0.0,0.0
7959,0,39,0,0,0,0,0.0,0.0,0.0,0.0,0.0,0.0,0,0.0,0.0
7960,0,5,0,0,0,0,0.0,0.0,0.0,0.0,0.0,0.0,0,0.0,0.0
7961,0,2,0,0,0,0,0.0,0.0,0.0,0.0,0.0,0.0,0,0.0,0.0
7962,0,34,0,0,0,0,0.0,0.0,0.0,0.0,0.0,0.0,0,0.0,0.0
7963,11,5,3,11,2,9,0.18181818181818182,0.8181818181818181,0.18181818181818182,0.0032828282828282827,0.3333333333333333,0.0024691358024691358,2,0.6666666666666666,1.3868528072345416
7964,0,9,0,0,0,0,0.0,0.0,0.0,0.0,0.0,0.0,0,0.0,0.0
7965,0,1,0,0,0,0,0.0,0.0,0.0,0.0,0.0,0.0,0,0.0,0.0
7966,8,32,2,8,3,5,0.375,0.625,1.125,0.0443452380952381,6.5,0.044047619047619044,0,0.0,0.628405498546863
7967,0,36,0,0,0,0,0.0,0.0,0.0,0.0,0.0,0.0,0,0.0,0.0
7968,0,4,0,0,0,0,0.0,0.0,0.0,0.0,0.0,0.0,0,0.0,0.0
7969,0,2,0,0,0,0,0.0,0.0,0.0,0.0,0.0,0.0,0,0.0,0.0
7970,0,1,0,0,0,0,0.0,0.0,0.0,0.0,0.0,0.0,0,0.0,0.0
7971,2,38,1,2,1,1,0.5,0.5,1.0,0.008771929824561403,2.0,0.029850746268656716,0,0.0,0.2998754749572002
7972,0,1,0,0,0,0,0.0,0.0,0.0,0.0,0.0,0.0,0,0.0,0.0
7973,70,37,20,70,23,47,0.32857142857142857,0.6714285714285715,0.5857142857142857,0.01001289846481807,0.9,0.010025139155009622,10,0.5,1.1718429996890984
7974,0,38,0,0,0,0,0.0,0.0,0.0,0.0,0.0,0.0,0,0.0,0.0
7975,22,36,6,22,17,5,0.7727272727272727,0.2272727272727273,3.0,0.045481817742630735,2.5,0.03606362182926485,0,0.0,0.8683371629550757
7976,0,37,0,0,0,0,0.0,0.0,0.0,0.0,0.0,0.0,0,0.0,0.0
7977,0,14,0,0,0,0,0.0,0.0,0.0,0.0,0.0,0.0,0,0.0,0.0
7978,10,35,3,10,6,4,0.6,0.4,1.1,0.025785700509104763,1.6666666666666667,0.012641165755919856,1,0.3333333333333333,0.6691454165528863
7979,23,28,6,23,15,8,0.6521739130434783,0.34782608695652173,0.9565217391304348,0.016624151724978387,1.3333333333333333,0.023064757303887736,2,0.3333333333333333,0.9438000077233224
7980,0,2,0,0,0,0,0.0,0.0,0.0,0.0,0.0,0.0,0,0.0,0.0
7981,0,1,0,0,0,0,0.0,0.0,0.0,0.0,0.0,0.0,0,0.0,0.0
7982,1,39,1,1,0,1,0.0,1.0,0.0,0.0,0.0,0.0,1,1.0,0.18790182470910757
7983,0,32,0,0,0,0,0.0,0.0,0.0,0.0,0.0,0.0,0,0.0,0.0
7984,1,2,1,1,0,1,0.0,1.0,0.0,0.0,0.0,0.0,1,1.0,0.6309297535714574
7985,5,38,1,5,5,0,1.0,0.0,3.8,0.055831765066769415,1.0,0.06666666666666667,0,0.0,0.48907583447407016
7986,0,13,0,0,0,0,0.0,0.0,0.0,0.0,0.0,0.0,0,0.0,0.0
7987,0,6,0,0,0,0,0.0,0.0,0.0,0.0,0.0,0.0,0,0.0,0.0
7988,10,38,3,10,8,2,0.8,0.19999999999999996,1.3,0.021745739727824603,0.6666666666666666,0.007197480881691407,1,0.3333333333333333,0.6545257059702043
7989,23,13,6,23,14,9,0.6086956521739131,0.3913043478260869,1.2173913043478262,0.019749887120698174,1.1666666666666667,0.014807414807414807,2,0.3333333333333333,1.20423826897738
7990,0,19,0,0,0,0,0.0,0.0,0.0,0.0,0.0,0.0,0,0.0,0.0
7991,2,35,1,2,2,0,1.0,0.0,3.0,0.025457227138643068,1.0,0.058823529411764705,0,0.0,0.30657359638272924
7992,15,21,4,15,2,13,0.13333333333333333,0.8666666666666667,0.13333333333333333,0.002158495220474869,1.0,0.029862155388471177,1,0.25,0.8969752968703016
7993,0,29,0,0,0,0,0.0,0.0,0.0,0.0,0.0,0.0,0,0.0,0.0
7994,0,37,0,0,0,0,0.0,0.0,0.0,0.0,0.0,0.0,0,0.0,0.0
7995,0,4,0,0,0,0,0.0,0.0,0.0,0.0,0.0,0.0,0,0.0,0.0
7996,4,3,1,4,1,3,0.25,0.75,0.25,0.004545454545454545,1.0,0.019230769230769232,0,0.0,1.160964047443681
7997,0,1,0,0,0,0,0.0,0.0,0.0,0.0,0.0,0.0,0,0.0,0.0
7998,0,2,0,0,0,0,0.0,0.0,0.0,0.0,0.0,0.0,0,0.0,0.0
7999,0,1,0,0,0,0,0.0,0.0,0.0,0.0,0.0,0.0,0,0.0,0.0
8000,10,3,3,10,1,9,0.1,0.9,0.1,0.0029411764705882353,0.3333333333333333,0.006172839506172839,2,0.6666666666666666,1.7297158093186489
8001,0,1,0,0,0,0,0.0,0.0,0.0,0.0,0.0,0.0,0,0.0,0.0
8002,11,36,3,11,9,2,0.8181818181818182,0.18181818181818177,2.909090909090909,0.036373566386025846,4.666666666666667,0.06714285714285713,0,0.0,0.6881648129099501
8003,0,21,0,0,0,0,0.0,0.0,0.0,0.0,0.0,0.0,0,0.0,0.0
8004,2,38,1,2,0,2,0.0,1.0,0.0,0.0,0.0,0.0,1,1.0,0.2998754749572002
8005,0,39,0,0,0,0,0.0,0.0,0.0,0.0,0.0,0.0,0,0.0,0.0
8006,6,21,1,6,5,1,0.8333333333333334,0.16666666666666663,2.6666666666666665,0.041287049341930344,1.0,0.013333333333333334,0,0.0,0.6295320036582305
8007,0,1,0,0,0,0,0.0,0.0,0.0,0.0,0.0,0.0,0,0.0,0.0
8008,0,1,0,0,0,0,0.0,0.0,0.0,0.0,0.0,0.0,0,0.0,0.0
8009,7,1,1,7,0,7,0.0,1.0,0.0,0.0,0.0,0.0,1,1.0,3.0
8010,0,1,0,0,0,0,0.0,0.0,0.0,0.0,0.0,0.0,0,0.0,0.0
8011,7,4,1,7,5,2,0.7142857142857143,0.2857142857142857,0.7142857142857143,0.01854862133607778,0.0,0.0,1,1.0,1.2920296742201791
8012,0,38,0,0,0,0,0.0,0.0,0.0,0.0,0.0,0.0,0,0.0,0.0
8013,0,3,0,0,0,0,0.0,0.0,0.0,0.0,0.0,0.0,0,0.0,0.0
8014,0,12,0,0,0,0,0.0,0.0,0.0,0.0,0.0,0.0,0,0.0,0.0
8015,0,15,0,0,0,0,0.0,0.0,0.0,0.0,0.0,0.0,0,0.0,0.0
8016,0,2,0,0,0,0,0.0,0.0,0.0,0.0,0.0,0.0,0,0.0,0.0
8017,0,5,0,0,0,0,0.0,0.0,0.0,0.0,0.0,0.0,0,0.0,0.0
8018,3,26,1,3,3,0,1.0,0.0,2.6666666666666665,0.03622153884384804,0.0,0.0,1,1.0,0.42061983571430495
8019,0,23,0,0,0,0,0.0,0.0,0.0,0.0,0.0,0.0,0,0.0,0.0
8020,0,1,0,0,0,0,0.0,0.0,0.0,0.0,0.0,0.0,0,0.0,0.0
8021,25,18,7,25,12,13,0.48,0.52,0.68,0.01119541073778163,0.8571428571428571,0.010188075230092037,4,0.5714285714285714,1.106525406392982
8022,11,1,3,11,0,11,0.0,1.0,0.0,0.0,0.0,0.0,3,1.0,3.5849625007211565
8023,0,23,0,0,0,0,0.0,0.0,0.0,0.0,0.0,0.0,0,0.0,0.0
8024,33,38,10,33,21,12,0.6363636363636364,0.36363636363636365,2.0606060606060606,0.036746694591219785,1.8,0.03876095787177547,2,0.2,0.9625497985932814
8025,0,1,0,0,0,0,0.0,0.0,0.0,0.0,0.0,0.0,0,0.0,0.0
8026,2,32,1,2,2,0,1.0,0.0,3.5,0.09738372093023256,0.0,0.0,1,1.0,0.3142027492734315
8027,15,16,4,15,4,11,0.26666666666666666,0.7333333333333334,0.26666666666666666,0.006079923273657289,0.25,0.002688172043010753,3,0.75,0.978602168472904
8028,0,18,0,0,0,0,0.0,0.0,0.0,0.0,0.0,0.0,0,0.0,0.0
8029,0,9,0,0,0,0,0.0,0.0,0.0,0.0,0.0,0.0,0,0.0,0.0
8030,0,1,0,0,0,0,0.0,0.0,0.0,0.0,0.0,0.0,0,0.0,0.0
8031,0,36,0,0,0,0,0.0,0.0,0.0,0.0,0.0,0.0,0,0.0,0.0
8032,19,36,5,19,11,8,0.5789473684210527,0.42105263157894735,1.1578947368421053,0.019235180527226666,1.0,0.013877874702616972,3,0.6,0.8296317850549692
8033,0,2,0,0,0,0,0.0,0.0,0.0,0.0,0.0,0.0,0,0.0,0.0
8034,0,6,0,0,0,0,0.0,0.0,0.0,0.0,0.0,0.0,0,0.0,0.0
8035,30,2,8,30,2,28,0.06666666666666667,0.9333333333333333,0.06666666666666667,0.0024174053182917004,0.0,0.0,8,1.0,3.1257498572570146
8036,31,10,8,31,7,24,0.22580645161290322,0.7741935483870968,0.22580645161290322,0.0038853502523806985,0.125,0.00390625,7,0.875,1.4453241315894392
8037,0,1,0,0,0,0,0.0,0.0,0.0,0.0,0.0,0.0,0,0.0,0.0
8038,0,6,0,0,0,0,0.0,0.0,0.0,0.0,0.0,0.0,0,0.0,0.0
